claim_id,document_id,document_title,risk_class,assessment_status,disposition,source_match_status,context_type,study_design,scope_summary,limitation_note,paragraph_id,page_start,human_signoff_status,publication_status,reviewer_kind,reviewed_at
CLM-001C22B2134B6AE4DA4A,DOC-000009,The Microbiome and Metabolites in Fermented Pu-erh Tea as Revealed by High-Throughput Sequencing and Quantitative Multiplex Metabolite Analysis,HIGH_SAFETY,SOURCE_CHECKED_AI_ASSISTED,RETAIN_SAFETY_STUDY_SPECIFIC,EXACT_NORMALISED_MATCH,UNSPECIFIED_CONTEXT,MICROBIOLOGY_STUDY,只可表述為《The Microbiome and Metabolites in Fermented Pu-erh Tea as Revealed by High-Throughput Sequencing and Quantitative Multiplex Metabolite Analysis》在其自身樣本、方法及條件下的來源記載；研究設計標記為 MICROBIOLOGY_STUDY。結果只代表所抽樣批次、分析物、檢測方法及報告時點。,目前只有一個來源句與一個相連正文段落，尚未完成獨立來源交叉核對。 未檢出不代表不存在，檢出亦不自動等於超標或構成個人健康風險。,DOC-000009-P0001-P0001-CHK-006610,2,REQUIRED,HOLD,AI_ASSISTED_SOURCE_CHECK,2026-08-12T21:10:37+00:00
CLM-01CF46F999A779B19E7B,DOC-000146,Safety Assessment and Contaminants Detection in Different types of Tea and Tea products,HIGH_SAFETY,SOURCE_CHECKED_AI_ASSISTED,RETAIN_SAFETY_STUDY_SPECIFIC,EXACT_NORMALISED_MATCH,UNSPECIFIED_CONTEXT,MICROBIOLOGY_STUDY,只可表述為《Safety Assessment and Contaminants Detection in Different types of Tea and Tea products》在其自身樣本、方法及條件下的來源記載；研究設計標記為 MICROBIOLOGY_STUDY。結果只代表所抽樣批次、分析物、檢測方法及報告時點。,目前只有一個來源句與一個相連正文段落，尚未完成獨立來源交叉核對。 未檢出不代表不存在，檢出亦不自動等於超標或構成個人健康風險。,DOC-000146-P0002-P0003-CHK-007069,2,REQUIRED,HOLD,AI_ASSISTED_SOURCE_CHECK,2026-08-12T21:10:37+00:00
CLM-05956299CF112F6286FF,DOC-000456,"Simultaneous Determination and Health Risk Assessment of Four High Detection Rate Pesticide Residues in Pu'er Tea from Yunnan, China.",HIGH_SAFETY,SOURCE_CHECKED_AI_ASSISTED,RETAIN_SAFETY_STUDY_SPECIFIC,EXACT_NORMALISED_MATCH,RESULTS_OBSERVATION,SAFETY_STUDY,"只可表述為《Simultaneous Determination and Health Risk Assessment of Four High Detection Rate Pesticide Residues in Pu'er Tea from Yunnan, China.》在其自身樣本、方法及條件下的來源記載；研究設計標記為 SAFETY_STUDY。結果只代表所抽樣批次、分析物、檢測方法及報告時點。",目前只有一個來源句與一個相連正文段落，尚未完成獨立來源交叉核對。 原件沒有可用 PDF 頁碼，須以標題路徑及段落識別碼定位。 未檢出不代表不存在，檢出亦不自動等於超標或構成個人健康風險。,DOC-000456-P0001-P0001-CHK-010241,,REQUIRED,HOLD,AI_ASSISTED_SOURCE_CHECK,2026-08-12T21:10:37+00:00
CLM-0999C8657B7FB548AD5B,DOC-000146,Safety Assessment and Contaminants Detection in Different types of Tea and Tea products,HIGH_SAFETY,SOURCE_CHECKED_AI_ASSISTED,RETAIN_SAFETY_STUDY_SPECIFIC,EXACT_NORMALISED_MATCH,UNSPECIFIED_CONTEXT,MICROBIOLOGY_STUDY,只可表述為《Safety Assessment and Contaminants Detection in Different types of Tea and Tea products》在其自身樣本、方法及條件下的來源記載；研究設計標記為 MICROBIOLOGY_STUDY。結果只代表所抽樣批次、分析物、檢測方法及報告時點。,目前只有一個來源句與一個相連正文段落，尚未完成獨立來源交叉核對。 未檢出不代表不存在，檢出亦不自動等於超標或構成個人健康風險。,DOC-000146-P0002-P0003-CHK-007069,2,REQUIRED,HOLD,AI_ASSISTED_SOURCE_CHECK,2026-08-12T21:10:37+00:00
CLM-0CE3C56AD4E9D8449096,DOC-000009,The Microbiome and Metabolites in Fermented Pu-erh Tea as Revealed by High-Throughput Sequencing and Quantitative Multiplex Metabolite Analysis,HIGH_SAFETY,SOURCE_CHECKED_AI_ASSISTED,RETAIN_SAFETY_STUDY_SPECIFIC,EXACT_NORMALISED_MATCH,UNSPECIFIED_CONTEXT,MICROBIOLOGY_STUDY,只可表述為《The Microbiome and Metabolites in Fermented Pu-erh Tea as Revealed by High-Throughput Sequencing and Quantitative Multiplex Metabolite Analysis》在其自身樣本、方法及條件下的來源記載；研究設計標記為 MICROBIOLOGY_STUDY。結果只代表所抽樣批次、分析物、檢測方法及報告時點。,目前只有一個來源句與一個相連正文段落，尚未完成獨立來源交叉核對。 未檢出不代表不存在，檢出亦不自動等於超標或構成個人健康風險。,DOC-000009-P0001-P0001-CHK-006610,2,REQUIRED,HOLD,AI_ASSISTED_SOURCE_CHECK,2026-08-12T21:10:37+00:00
CLM-0F319878F3F50CF303C5,DOC-000009,The Microbiome and Metabolites in Fermented Pu-erh Tea as Revealed by High-Throughput Sequencing and Quantitative Multiplex Metabolite Analysis,HIGH_SAFETY,SOURCE_CHECKED_AI_ASSISTED,RETAIN_AS_INTERPRETATION_ONLY,PUNCTUATION_INSENSITIVE_MATCH,HYPOTHESIS_OR_INFERENCE,MICROBIOLOGY_STUDY,只可表述為《The Microbiome and Metabolites in Fermented Pu-erh Tea as Revealed by High-Throughput Sequencing and Quantitative Multiplex Metabolite Analysis》在其自身樣本、方法及條件下的來源記載；研究設計標記為 MICROBIOLOGY_STUDY。,目前只有一個來源句與一個相連正文段落，尚未完成獨立來源交叉核對。,DOC-000009-P0001-P0001-CHK-006614,6,REQUIRED,HOLD,AI_ASSISTED_SOURCE_CHECK,2026-08-12T21:10:37+00:00
CLM-10A543DE303489531174,DOC-000433,"Kinetics, pathways, mechanism and toxicity evaluation of chiral pesticide Paichongding during the fermentation of Puer tea.",HIGH_SAFETY,SOURCE_CHECKED_AI_ASSISTED,RETAIN_SAFETY_STUDY_SPECIFIC,EXACT_NORMALISED_MATCH,RESULTS_OBSERVATION,SAFETY_STUDY,"只可表述為《Kinetics, pathways, mechanism and toxicity evaluation of chiral pesticide Paichongding during the fermentation of Puer tea.》在其自身樣本、方法及條件下的來源記載；研究設計標記為 SAFETY_STUDY。結果只代表所抽樣批次、分析物、檢測方法及報告時點。",目前只有一個來源句與一個相連正文段落，尚未完成獨立來源交叉核對。 原件沒有可用 PDF 頁碼，須以標題路徑及段落識別碼定位。 未檢出不代表不存在，檢出亦不自動等於超標或構成個人健康風險。,DOC-000433-P0001-P0001-CHK-009435,,REQUIRED,HOLD,AI_ASSISTED_SOURCE_CHECK,2026-08-12T21:10:37+00:00
CLM-14ADC618473FE60B14EF,DOC-000009,The Microbiome and Metabolites in Fermented Pu-erh Tea as Revealed by High-Throughput Sequencing and Quantitative Multiplex Metabolite Analysis,HIGH_SAFETY,SOURCE_CHECKED_AI_ASSISTED,RETAIN_SAFETY_STUDY_SPECIFIC,PUNCTUATION_INSENSITIVE_MATCH,UNSPECIFIED_CONTEXT,MICROBIOLOGY_STUDY,只可表述為《The Microbiome and Metabolites in Fermented Pu-erh Tea as Revealed by High-Throughput Sequencing and Quantitative Multiplex Metabolite Analysis》在其自身樣本、方法及條件下的來源記載；研究設計標記為 MICROBIOLOGY_STUDY。結果只代表所抽樣批次、分析物、檢測方法及報告時點。,目前只有一個來源句與一個相連正文段落，尚未完成獨立來源交叉核對。 未檢出不代表不存在，檢出亦不自動等於超標或構成個人健康風險。,DOC-000009-P0001-P0001-CHK-006620,12,REQUIRED,HOLD,AI_ASSISTED_SOURCE_CHECK,2026-08-12T21:10:37+00:00
CLM-1B9705BC5B5C516F3DAA,DOC-000146,Safety Assessment and Contaminants Detection in Different types of Tea and Tea products,HIGH_SAFETY,SOURCE_CHECKED_AI_ASSISTED,RETAIN_SAFETY_STUDY_SPECIFIC,EXACT_NORMALISED_MATCH,UNSPECIFIED_CONTEXT,MICROBIOLOGY_STUDY,只可表述為《Safety Assessment and Contaminants Detection in Different types of Tea and Tea products》在其自身樣本、方法及條件下的來源記載；研究設計標記為 MICROBIOLOGY_STUDY。結果只代表所抽樣批次、分析物、檢測方法及報告時點。,目前只有一個來源句與一個相連正文段落，尚未完成獨立來源交叉核對。 未檢出不代表不存在，檢出亦不自動等於超標或構成個人健康風險。,DOC-000146-P0002-P0003-CHK-007069,2,REQUIRED,HOLD,AI_ASSISTED_SOURCE_CHECK,2026-08-12T21:10:37+00:00
CLM-1D6A3B2558EA858AA7B5,DOC-000456,"Simultaneous Determination and Health Risk Assessment of Four High Detection Rate Pesticide Residues in Pu'er Tea from Yunnan, China.",HIGH_SAFETY,SOURCE_CHECKED_AI_ASSISTED,RETAIN_SAFETY_STUDY_SPECIFIC,EXACT_NORMALISED_MATCH,RESULTS_OBSERVATION,SAFETY_STUDY,"只可表述為《Simultaneous Determination and Health Risk Assessment of Four High Detection Rate Pesticide Residues in Pu'er Tea from Yunnan, China.》在其自身樣本、方法及條件下的來源記載；研究設計標記為 SAFETY_STUDY。結果只代表所抽樣批次、分析物、檢測方法及報告時點。",目前只有一個來源句與一個相連正文段落，尚未完成獨立來源交叉核對。 原件沒有可用 PDF 頁碼，須以標題路徑及段落識別碼定位。 未檢出不代表不存在，檢出亦不自動等於超標或構成個人健康風險。,DOC-000456-P0001-P0001-CHK-010241,,REQUIRED,HOLD,AI_ASSISTED_SOURCE_CHECK,2026-08-12T21:10:37+00:00
CLM-1E3DC067D8AA58863CF8,DOC-000146,Safety Assessment and Contaminants Detection in Different types of Tea and Tea products,HIGH_SAFETY,SOURCE_CHECKED_AI_ASSISTED,RETAIN_SAFETY_STUDY_SPECIFIC,EXACT_NORMALISED_MATCH,UNSPECIFIED_CONTEXT,MICROBIOLOGY_STUDY,只可表述為《Safety Assessment and Contaminants Detection in Different types of Tea and Tea products》在其自身樣本、方法及條件下的來源記載；研究設計標記為 MICROBIOLOGY_STUDY。結果只代表所抽樣批次、分析物、檢測方法及報告時點。,目前只有一個來源句與一個相連正文段落，尚未完成獨立來源交叉核對。 未檢出不代表不存在，檢出亦不自動等於超標或構成個人健康風險。,DOC-000146-P0002-P0003-CHK-007071,3,REQUIRED,HOLD,AI_ASSISTED_SOURCE_CHECK,2026-08-12T21:10:37+00:00
CLM-1F060AD1EE63934DC7D6,DOC-000446,Simultaneous Determination of Pesticide Residues and Mycotoxins in Storage Pu-erh Tea Using Ultra-High-Performance Liquid Chromatography Coupled with Tandem Mass Spectrometry.,HIGH_SAFETY,SOURCE_CHECKED_AI_ASSISTED,RETAIN_AS_INTERPRETATION_ONLY,EXACT_NORMALISED_MATCH,DISCUSSION_INTERPRETATION,METHOD_VALIDATION,只可表述為《Simultaneous Determination of Pesticide Residues and Mycotoxins in Storage Pu-erh Tea Using Ultra-High-Performance Liquid Chromatography Coupled with Tandem Mass Spectrometry.》在其自身樣本、方法及條件下的來源記載；研究設計標記為 METHOD_VALIDATION。,目前只有一個來源句與一個相連正文段落，尚未完成獨立來源交叉核對。 原件沒有可用 PDF 頁碼，須以標題路徑及段落識別碼定位。,DOC-000446-P0001-P0001-CHK-009890,,REQUIRED,HOLD,AI_ASSISTED_SOURCE_CHECK,2026-08-12T21:10:37+00:00
CLM-2EAD1B0274572F1EF3FD,DOC-000433,"Kinetics, pathways, mechanism and toxicity evaluation of chiral pesticide Paichongding during the fermentation of Puer tea.",HIGH_SAFETY,SOURCE_CHECKED_AI_ASSISTED,RETAIN_SAFETY_STUDY_SPECIFIC,EXACT_NORMALISED_MATCH,RESULTS_OBSERVATION,SAFETY_STUDY,"只可表述為《Kinetics, pathways, mechanism and toxicity evaluation of chiral pesticide Paichongding during the fermentation of Puer tea.》在其自身樣本、方法及條件下的來源記載；研究設計標記為 SAFETY_STUDY。結果只代表所抽樣批次、分析物、檢測方法及報告時點。",目前只有一個來源句與一個相連正文段落，尚未完成獨立來源交叉核對。 原件沒有可用 PDF 頁碼，須以標題路徑及段落識別碼定位。 未檢出不代表不存在，檢出亦不自動等於超標或構成個人健康風險。,DOC-000433-P0001-P0001-CHK-009428,,REQUIRED,HOLD,AI_ASSISTED_SOURCE_CHECK,2026-08-12T21:10:37+00:00
CLM-396799DF09051940362A,DOC-000456,"Simultaneous Determination and Health Risk Assessment of Four High Detection Rate Pesticide Residues in Pu'er Tea from Yunnan, China.",HIGH_SAFETY,SOURCE_CHECKED_AI_ASSISTED,RETAIN_SAFETY_STUDY_SPECIFIC,EXACT_NORMALISED_MATCH,METHOD_DESCRIPTION,SAFETY_STUDY,"只可表述為《Simultaneous Determination and Health Risk Assessment of Four High Detection Rate Pesticide Residues in Pu'er Tea from Yunnan, China.》在其自身樣本、方法及條件下的來源記載；研究設計標記為 SAFETY_STUDY。結果只代表所抽樣批次、分析物、檢測方法及報告時點。",目前只有一個來源句與一個相連正文段落，尚未完成獨立來源交叉核對。 原件沒有可用 PDF 頁碼，須以標題路徑及段落識別碼定位。 未檢出不代表不存在，檢出亦不自動等於超標或構成個人健康風險。,DOC-000456-P0001-P0001-CHK-010231,,REQUIRED,HOLD,AI_ASSISTED_SOURCE_CHECK,2026-08-12T21:10:37+00:00
CLM-41B0B2EB83DC09260377,DOC-000442,Nonstereoselective dissipation of sulfoxaflor in different Puer tea processing.,HIGH_SAFETY,SOURCE_CHECKED_AI_ASSISTED,DEFER_TO_PRIMARY_SOURCE,EXACT_NORMALISED_MATCH,INTRODUCTION_BACKGROUND,SAFETY_STUDY,只可表述為《Nonstereoselective dissipation of sulfoxaflor in different Puer tea processing.》在其自身樣本、方法及條件下的來源記載；研究設計標記為 SAFETY_STUDY。本句位於背景或轉述語境，發布前須追查原始被引來源。,目前只有一個來源句與一個相連正文段落，尚未完成獨立來源交叉核對。 原件沒有可用 PDF 頁碼，須以標題路徑及段落識別碼定位。 句子可能只是作者概述或引用他人研究，不能把本文當作原始證據。,DOC-000442-P0001-P0001-CHK-009737,,REQUIRED,HOLD,AI_ASSISTED_SOURCE_CHECK,2026-08-12T21:10:37+00:00
CLM-48B6CF94DE1956B116E9,DOC-000446,Simultaneous Determination of Pesticide Residues and Mycotoxins in Storage Pu-erh Tea Using Ultra-High-Performance Liquid Chromatography Coupled with Tandem Mass Spectrometry.,HIGH_SAFETY,SOURCE_CHECKED_AI_ASSISTED,RETAIN_SAFETY_STUDY_SPECIFIC,EXACT_NORMALISED_MATCH,RESULTS_OBSERVATION,METHOD_VALIDATION,只可表述為《Simultaneous Determination of Pesticide Residues and Mycotoxins in Storage Pu-erh Tea Using Ultra-High-Performance Liquid Chromatography Coupled with Tandem Mass Spectrometry.》在其自身樣本、方法及條件下的來源記載；研究設計標記為 METHOD_VALIDATION。結果只代表所抽樣批次、分析物、檢測方法及報告時點。,目前只有一個來源句與一個相連正文段落，尚未完成獨立來源交叉核對。 原件沒有可用 PDF 頁碼，須以標題路徑及段落識別碼定位。 未檢出不代表不存在，檢出亦不自動等於超標或構成個人健康風險。,DOC-000446-P0001-P0002-CHK-009881,,REQUIRED,HOLD,AI_ASSISTED_SOURCE_CHECK,2026-08-12T21:10:37+00:00
CLM-4D7B8BC6AD818080BCF1,DOC-000446,Simultaneous Determination of Pesticide Residues and Mycotoxins in Storage Pu-erh Tea Using Ultra-High-Performance Liquid Chromatography Coupled with Tandem Mass Spectrometry.,HIGH_SAFETY,SOURCE_CHECKED_AI_ASSISTED,RETAIN_SAFETY_STUDY_SPECIFIC,EXACT_NORMALISED_MATCH,METHOD_DESCRIPTION,METHOD_VALIDATION,只可表述為《Simultaneous Determination of Pesticide Residues and Mycotoxins in Storage Pu-erh Tea Using Ultra-High-Performance Liquid Chromatography Coupled with Tandem Mass Spectrometry.》在其自身樣本、方法及條件下的來源記載；研究設計標記為 METHOD_VALIDATION。結果只代表所抽樣批次、分析物、檢測方法及報告時點。,目前只有一個來源句與一個相連正文段落，尚未完成獨立來源交叉核對。 原件沒有可用 PDF 頁碼，須以標題路徑及段落識別碼定位。 未檢出不代表不存在，檢出亦不自動等於超標或構成個人健康風險。,DOC-000446-P0001-P0002-CHK-009875,,REQUIRED,HOLD,AI_ASSISTED_SOURCE_CHECK,2026-08-12T21:10:37+00:00
CLM-575F317415BB00E38220,DOC-000460,Ingredients in Zijuan Pu'er Tea Extract Alleviate β-Amyloid Peptide Toxicity in a Caenorhabditis elegans Model of Alzheimer's Disease Likely through DAF-16.,HIGH_SAFETY,SOURCE_CHECKED_AI_ASSISTED,DEFER_TO_PRIMARY_SOURCE,EXACT_NORMALISED_MATCH,INTRODUCTION_BACKGROUND,UNKNOWN_RESEARCH_DESIGN,只可表述為《Ingredients in Zijuan Pu'er Tea Extract Alleviate β-Amyloid Peptide Toxicity in a Caenorhabditis elegans Model of Alzheimer's Disease Likely through DAF-16.》在其自身樣本、方法及條件下的來源記載；研究設計標記為 UNKNOWN_RESEARCH_DESIGN。本句位於背景或轉述語境，發布前須追查原始被引來源。,目前只有一個來源句與一個相連正文段落，尚未完成獨立來源交叉核對。 原件沒有可用 PDF 頁碼，須以標題路徑及段落識別碼定位。 句子可能只是作者概述或引用他人研究，不能把本文當作原始證據。,DOC-000460-P0002-P0003-CHK-010390,,REQUIRED,HOLD,AI_ASSISTED_SOURCE_CHECK,2026-08-12T21:10:37+00:00
CLM-656ABA41571D130ECB9C,DOC-000442,Nonstereoselective dissipation of sulfoxaflor in different Puer tea processing.,HIGH_SAFETY,SOURCE_CHECKED_AI_ASSISTED,RETAIN_SAFETY_STUDY_SPECIFIC,EXACT_NORMALISED_MATCH,RESULTS_OBSERVATION,SAFETY_STUDY,只可表述為《Nonstereoselective dissipation of sulfoxaflor in different Puer tea processing.》在其自身樣本、方法及條件下的來源記載；研究設計標記為 SAFETY_STUDY。結果只代表所抽樣批次、分析物、檢測方法及報告時點。,目前只有一個來源句與一個相連正文段落，尚未完成獨立來源交叉核對。 原件沒有可用 PDF 頁碼，須以標題路徑及段落識別碼定位。 未檢出不代表不存在，檢出亦不自動等於超標或構成個人健康風險。,DOC-000442-P0001-P0001-CHK-009753,,REQUIRED,HOLD,AI_ASSISTED_SOURCE_CHECK,2026-08-12T21:10:37+00:00
CLM-676F128EA884B6D6569E,DOC-000433,"Kinetics, pathways, mechanism and toxicity evaluation of chiral pesticide Paichongding during the fermentation of Puer tea.",HIGH_SAFETY,SOURCE_CHECKED_AI_ASSISTED,RETAIN_SAFETY_STUDY_SPECIFIC,EXACT_NORMALISED_MATCH,RESULTS_OBSERVATION,SAFETY_STUDY,"只可表述為《Kinetics, pathways, mechanism and toxicity evaluation of chiral pesticide Paichongding during the fermentation of Puer tea.》在其自身樣本、方法及條件下的來源記載；研究設計標記為 SAFETY_STUDY。結果只代表所抽樣批次、分析物、檢測方法及報告時點。",目前只有一個來源句與一個相連正文段落，尚未完成獨立來源交叉核對。 原件沒有可用 PDF 頁碼，須以標題路徑及段落識別碼定位。 未檢出不代表不存在，檢出亦不自動等於超標或構成個人健康風險。,DOC-000433-P0001-P0001-CHK-009437,,REQUIRED,HOLD,AI_ASSISTED_SOURCE_CHECK,2026-08-12T21:10:37+00:00
CLM-72C5BA6CA08EA782A5BE,DOC-000460,Ingredients in Zijuan Pu'er Tea Extract Alleviate β-Amyloid Peptide Toxicity in a Caenorhabditis elegans Model of Alzheimer's Disease Likely through DAF-16.,HIGH_SAFETY,SOURCE_CHECKED_AI_ASSISTED,REJECT_FRAGMENT_OR_NOISE,EXACT_NORMALISED_MATCH,FRAGMENT_OR_CAPTION,UNKNOWN_RESEARCH_DESIGN,只可表述為《Ingredients in Zijuan Pu'er Tea Extract Alleviate β-Amyloid Peptide Toxicity in a Caenorhabditis elegans Model of Alzheimer's Disease Likely through DAF-16.》在其自身樣本、方法及條件下的來源記載；研究設計標記為 UNKNOWN_RESEARCH_DESIGN。本候選不適合轉化為公開知識主張。,目前只有一個來源句與一個相連正文段落，尚未完成獨立來源交叉核對。 原件沒有可用 PDF 頁碼，須以標題路徑及段落識別碼定位。,DOC-000460-P0001-P0001-CHK-010406,,NOT_REQUIRED_REJECTED,HOLD,AI_ASSISTED_SOURCE_CHECK,2026-08-12T21:10:37+00:00
CLM-89219B4BC66FCF0B6B2C,DOC-000473,Discriminant Analysis of Pu-Erh Tea of Different Raw Materials Based on Phytochemicals Using Chemometrics.,HIGH_SAFETY,SOURCE_CHECKED_AI_ASSISTED,DEFER_TO_PRIMARY_SOURCE,EXACT_NORMALISED_MATCH,INTRODUCTION_BACKGROUND,SAFETY_STUDY,只可表述為《Discriminant Analysis of Pu-Erh Tea of Different Raw Materials Based on Phytochemicals Using Chemometrics.》在其自身樣本、方法及條件下的來源記載；研究設計標記為 SAFETY_STUDY。本句位於背景或轉述語境，發布前須追查原始被引來源。,目前只有一個來源句與一個相連正文段落，尚未完成獨立來源交叉核對。 原件沒有可用 PDF 頁碼，須以標題路徑及段落識別碼定位。 句子可能只是作者概述或引用他人研究，不能把本文當作原始證據。,DOC-000473-P0001-P0001-CHK-010810,,REQUIRED,HOLD,AI_ASSISTED_SOURCE_CHECK,2026-08-12T21:10:37+00:00
CLM-897663A84A1A7145F7B6,DOC-000483,Analytical Assessment of Bio- and Toxic Elements Distribution in Pu-erh and Fruit Teas in View of Chemometric Approach.,HIGH_SAFETY,SOURCE_CHECKED_AI_ASSISTED,DEFER_TO_PRIMARY_SOURCE,EXACT_NORMALISED_MATCH,INTRODUCTION_BACKGROUND,UNKNOWN_RESEARCH_DESIGN,只可表述為《Analytical Assessment of Bio- and Toxic Elements Distribution in Pu-erh and Fruit Teas in View of Chemometric Approach.》在其自身樣本、方法及條件下的來源記載；研究設計標記為 UNKNOWN_RESEARCH_DESIGN。本句位於背景或轉述語境，發布前須追查原始被引來源。,目前只有一個來源句與一個相連正文段落，尚未完成獨立來源交叉核對。 原件沒有可用 PDF 頁碼，須以標題路徑及段落識別碼定位。 句子可能只是作者概述或引用他人研究，不能把本文當作原始證據。,DOC-000483-P0001-P0002-CHK-011136,,REQUIRED,HOLD,AI_ASSISTED_SOURCE_CHECK,2026-08-12T21:10:37+00:00
CLM-89C02715FBAE9EAAE6D6,DOC-000433,"Kinetics, pathways, mechanism and toxicity evaluation of chiral pesticide Paichongding during the fermentation of Puer tea.",HIGH_SAFETY,SOURCE_CHECKED_AI_ASSISTED,RETAIN_SAFETY_STUDY_SPECIFIC,EXACT_NORMALISED_MATCH,RESULTS_OBSERVATION,SAFETY_STUDY,"只可表述為《Kinetics, pathways, mechanism and toxicity evaluation of chiral pesticide Paichongding during the fermentation of Puer tea.》在其自身樣本、方法及條件下的來源記載；研究設計標記為 SAFETY_STUDY。結果只代表所抽樣批次、分析物、檢測方法及報告時點。",目前只有一個來源句與一個相連正文段落，尚未完成獨立來源交叉核對。 原件沒有可用 PDF 頁碼，須以標題路徑及段落識別碼定位。 未檢出不代表不存在，檢出亦不自動等於超標或構成個人健康風險。,DOC-000433-P0001-P0001-CHK-009428,,REQUIRED,HOLD,AI_ASSISTED_SOURCE_CHECK,2026-08-12T21:10:37+00:00
CLM-8BD85137D83136B2FA71,DOC-000446,Simultaneous Determination of Pesticide Residues and Mycotoxins in Storage Pu-erh Tea Using Ultra-High-Performance Liquid Chromatography Coupled with Tandem Mass Spectrometry.,HIGH_SAFETY,SOURCE_CHECKED_AI_ASSISTED,RETAIN_SAFETY_STUDY_SPECIFIC,EXACT_NORMALISED_MATCH,RESULTS_OBSERVATION,METHOD_VALIDATION,只可表述為《Simultaneous Determination of Pesticide Residues and Mycotoxins in Storage Pu-erh Tea Using Ultra-High-Performance Liquid Chromatography Coupled with Tandem Mass Spectrometry.》在其自身樣本、方法及條件下的來源記載；研究設計標記為 METHOD_VALIDATION。結果只代表所抽樣批次、分析物、檢測方法及報告時點。,目前只有一個來源句與一個相連正文段落，尚未完成獨立來源交叉核對。 原件沒有可用 PDF 頁碼，須以標題路徑及段落識別碼定位。 未檢出不代表不存在，檢出亦不自動等於超標或構成個人健康風險。,DOC-000446-P0002-P0003-CHK-009882,,REQUIRED,HOLD,AI_ASSISTED_SOURCE_CHECK,2026-08-12T21:10:37+00:00
CLM-8D847AB7EDEB5B813654,DOC-000433,"Kinetics, pathways, mechanism and toxicity evaluation of chiral pesticide Paichongding during the fermentation of Puer tea.",HIGH_SAFETY,SOURCE_CHECKED_AI_ASSISTED,RETAIN_SAFETY_STUDY_SPECIFIC,EXACT_NORMALISED_MATCH,RESULTS_OBSERVATION,SAFETY_STUDY,"只可表述為《Kinetics, pathways, mechanism and toxicity evaluation of chiral pesticide Paichongding during the fermentation of Puer tea.》在其自身樣本、方法及條件下的來源記載；研究設計標記為 SAFETY_STUDY。結果只代表所抽樣批次、分析物、檢測方法及報告時點。",目前只有一個來源句與一個相連正文段落，尚未完成獨立來源交叉核對。 原件沒有可用 PDF 頁碼，須以標題路徑及段落識別碼定位。 未檢出不代表不存在，檢出亦不自動等於超標或構成個人健康風險。,DOC-000433-P0001-P0001-CHK-009437,,REQUIRED,HOLD,AI_ASSISTED_SOURCE_CHECK,2026-08-12T21:10:37+00:00
CLM-9D087EE04496DE5E1BB4,DOC-000433,"Kinetics, pathways, mechanism and toxicity evaluation of chiral pesticide Paichongding during the fermentation of Puer tea.",HIGH_SAFETY,SOURCE_CHECKED_AI_ASSISTED,RETAIN_SAFETY_STUDY_SPECIFIC,EXACT_NORMALISED_MATCH,METHOD_DESCRIPTION,SAFETY_STUDY,"只可表述為《Kinetics, pathways, mechanism and toxicity evaluation of chiral pesticide Paichongding during the fermentation of Puer tea.》在其自身樣本、方法及條件下的來源記載；研究設計標記為 SAFETY_STUDY。結果只代表所抽樣批次、分析物、檢測方法及報告時點。",目前只有一個來源句與一個相連正文段落，尚未完成獨立來源交叉核對。 原件沒有可用 PDF 頁碼，須以標題路徑及段落識別碼定位。 未檢出不代表不存在，檢出亦不自動等於超標或構成個人健康風險。,DOC-000433-P0001-P0001-CHK-009418,,REQUIRED,HOLD,AI_ASSISTED_SOURCE_CHECK,2026-08-12T21:10:37+00:00
CLM-ABEB12FDAF1958347791,DOC-000483,Analytical Assessment of Bio- and Toxic Elements Distribution in Pu-erh and Fruit Teas in View of Chemometric Approach.,HIGH_SAFETY,SOURCE_CHECKED_AI_ASSISTED,DEFER_TO_PRIMARY_SOURCE,EXACT_NORMALISED_MATCH,INTRODUCTION_BACKGROUND,UNKNOWN_RESEARCH_DESIGN,只可表述為《Analytical Assessment of Bio- and Toxic Elements Distribution in Pu-erh and Fruit Teas in View of Chemometric Approach.》在其自身樣本、方法及條件下的來源記載；研究設計標記為 UNKNOWN_RESEARCH_DESIGN。本句位於背景或轉述語境，發布前須追查原始被引來源。,目前只有一個來源句與一個相連正文段落，尚未完成獨立來源交叉核對。 原件沒有可用 PDF 頁碼，須以標題路徑及段落識別碼定位。 句子可能只是作者概述或引用他人研究，不能把本文當作原始證據。,DOC-000483-P0004-P0005-CHK-011139,,REQUIRED,HOLD,AI_ASSISTED_SOURCE_CHECK,2026-08-12T21:10:37+00:00
CLM-C280B7C43ACFDDD2D00A,DOC-000483,Analytical Assessment of Bio- and Toxic Elements Distribution in Pu-erh and Fruit Teas in View of Chemometric Approach.,HIGH_SAFETY,SOURCE_CHECKED_AI_ASSISTED,DEFER_TO_PRIMARY_SOURCE,EXACT_NORMALISED_MATCH,INTRODUCTION_BACKGROUND,UNKNOWN_RESEARCH_DESIGN,只可表述為《Analytical Assessment of Bio- and Toxic Elements Distribution in Pu-erh and Fruit Teas in View of Chemometric Approach.》在其自身樣本、方法及條件下的來源記載；研究設計標記為 UNKNOWN_RESEARCH_DESIGN。本句位於背景或轉述語境，發布前須追查原始被引來源。,目前只有一個來源句與一個相連正文段落，尚未完成獨立來源交叉核對。 原件沒有可用 PDF 頁碼，須以標題路徑及段落識別碼定位。 句子可能只是作者概述或引用他人研究，不能把本文當作原始證據。,DOC-000483-P0001-P0001-CHK-011135,,REQUIRED,HOLD,AI_ASSISTED_SOURCE_CHECK,2026-08-12T21:10:37+00:00
CLM-EE151DB1CDE58916DFE1,DOC-000456,"Simultaneous Determination and Health Risk Assessment of Four High Detection Rate Pesticide Residues in Pu'er Tea from Yunnan, China.",HIGH_SAFETY,SOURCE_CHECKED_AI_ASSISTED,RETAIN_SAFETY_STUDY_SPECIFIC,EXACT_NORMALISED_MATCH,METHOD_DESCRIPTION,SAFETY_STUDY,"只可表述為《Simultaneous Determination and Health Risk Assessment of Four High Detection Rate Pesticide Residues in Pu'er Tea from Yunnan, China.》在其自身樣本、方法及條件下的來源記載；研究設計標記為 SAFETY_STUDY。結果只代表所抽樣批次、分析物、檢測方法及報告時點。",目前只有一個來源句與一個相連正文段落，尚未完成獨立來源交叉核對。 原件沒有可用 PDF 頁碼，須以標題路徑及段落識別碼定位。 未檢出不代表不存在，檢出亦不自動等於超標或構成個人健康風險。,DOC-000456-P0001-P0001-CHK-010233,,REQUIRED,HOLD,AI_ASSISTED_SOURCE_CHECK,2026-08-12T21:10:37+00:00
CLM-03037E888AD6F5D12D79,DOC-000469,Pu-erh tea attenuates obesity by remodeling gut microbiota and activating energy expenditure.,HIGH_HEALTH,SOURCE_CHECKED_AI_ASSISTED,REJECT_FRAGMENT_OR_NOISE,EXACT_NORMALISED_MATCH,FRAGMENT_OR_CAPTION,ANIMAL_STUDY,只可表述為《Pu-erh tea attenuates obesity by remodeling gut microbiota and activating energy expenditure.》在其自身樣本、方法及條件下的來源記載；研究設計標記為 ANIMAL_STUDY。本候選不適合轉化為公開知識主張。,目前只有一個來源句與一個相連正文段落，尚未完成獨立來源交叉核對。 原件沒有可用 PDF 頁碼，須以標題路徑及段落識別碼定位。,DOC-000469-P0001-P0001-CHK-010662,,NOT_REQUIRED_REJECTED,HOLD,AI_ASSISTED_SOURCE_CHECK,2026-08-12T21:10:37+00:00
CLM-036D59407E5CABC8BBFA,DOC-000455,Pu-erh tea inhibits tumor cell growth by down-regulating mutant p53.,HIGH_HEALTH,SOURCE_CHECKED_AI_ASSISTED,DEFER_TO_PRIMARY_SOURCE,EXACT_NORMALISED_MATCH,INTRODUCTION_BACKGROUND,ANIMAL_STUDY,只可表述為《Pu-erh tea inhibits tumor cell growth by down-regulating mutant p53.》在其自身樣本、方法及條件下的來源記載；研究設計標記為 ANIMAL_STUDY。本句位於背景或轉述語境，發布前須追查原始被引來源。,目前只有一個來源句與一個相連正文段落，尚未完成獨立來源交叉核對。 原件沒有可用 PDF 頁碼，須以標題路徑及段落識別碼定位。 句子可能只是作者概述或引用他人研究，不能把本文當作原始證據。,DOC-000455-P0001-P0002-CHK-010191,,REQUIRED,HOLD,AI_ASSISTED_SOURCE_CHECK,2026-08-12T21:10:37+00:00
CLM-054CE609FD114C55B75B,DOC-000469,Pu-erh tea attenuates obesity by remodeling gut microbiota and activating energy expenditure.,HIGH_HEALTH,SOURCE_CHECKED_AI_ASSISTED,RETAIN_PRECLINICAL_ONLY,EXACT_NORMALISED_MATCH,METHOD_DESCRIPTION,ANIMAL_STUDY,只可表述為《Pu-erh tea attenuates obesity by remodeling gut microbiota and activating energy expenditure.》在其自身樣本、方法及條件下的來源記載；研究設計標記為 ANIMAL_STUDY。只屬前臨床或非人體證據，不可寫成人體療效。,目前只有一個來源句與一個相連正文段落，尚未完成獨立來源交叉核對。 原件沒有可用 PDF 頁碼，須以標題路徑及段落識別碼定位。 動物、細胞、線蟲或體外結果不能直接外推至人體飲用效果。,DOC-000469-P0001-P0001-CHK-010662,,REQUIRED,HOLD,AI_ASSISTED_SOURCE_CHECK,2026-08-12T21:10:37+00:00
CLM-064480C46F53DC5E5CE2,DOC-000015,Modulation effects of microorganisms on tea in fermentation,HIGH_HEALTH,SOURCE_CHECKED_AI_ASSISTED,RETAIN_PRECLINICAL_ONLY,EXACT_NORMALISED_MATCH,UNSPECIFIED_CONTEXT,MICROBIOLOGY_STUDY,只可表述為《Modulation effects of microorganisms on tea in fermentation》在其自身樣本、方法及條件下的來源記載；研究設計標記為 MICROBIOLOGY_STUDY。只屬前臨床或非人體證據，不可寫成人體療效。,目前只有一個來源句與一個相連正文段落，尚未完成獨立來源交叉核對。 動物、細胞、線蟲或體外結果不能直接外推至人體飲用效果。,DOC-000015-P0001-P0001-CHK-006632,5,REQUIRED,HOLD,AI_ASSISTED_SOURCE_CHECK,2026-08-12T21:10:37+00:00
CLM-08E7939C26F1F11FBFAA,DOC-000464,"Chemical Profile, Antioxidative, and Gut Microbiota Modulatory Properties of Ganpu Tea: A Derivative of Pu-erh Tea.",HIGH_HEALTH,SOURCE_CHECKED_AI_ASSISTED,RETAIN_PRECLINICAL_ONLY,EXACT_NORMALISED_MATCH,RESULTS_OBSERVATION,COMPOSITION_ANALYSIS,"只可表述為《Chemical Profile, Antioxidative, and Gut Microbiota Modulatory Properties of Ganpu Tea: A Derivative of Pu-erh Tea.》在其自身樣本、方法及條件下的來源記載；研究設計標記為 COMPOSITION_ANALYSIS。只屬前臨床或非人體證據，不可寫成人體療效。",目前只有一個來源句與一個相連正文段落，尚未完成獨立來源交叉核對。 原件沒有可用 PDF 頁碼，須以標題路徑及段落識別碼定位。 動物、細胞、線蟲或體外結果不能直接外推至人體飲用效果。,DOC-000464-P0002-P0003-CHK-010536,,REQUIRED,HOLD,AI_ASSISTED_SOURCE_CHECK,2026-08-12T21:10:37+00:00
CLM-0A4CDD409FCC1B85A664,DOC-000484,Bioactive Compound Fingerprint Analysis of Aged Raw Pu'er Tea and Young Ripened Pu'er Tea.,HIGH_HEALTH,SOURCE_CHECKED_AI_ASSISTED,RETAIN_PRECLINICAL_ONLY,EXACT_NORMALISED_MATCH,RESULTS_OBSERVATION,ANIMAL_STUDY,只可表述為《Bioactive Compound Fingerprint Analysis of Aged Raw Pu'er Tea and Young Ripened Pu'er Tea.》在其自身樣本、方法及條件下的來源記載；研究設計標記為 ANIMAL_STUDY。只屬前臨床或非人體證據，不可寫成人體療效。,目前只有一個來源句與一個相連正文段落，尚未完成獨立來源交叉核對。 原件沒有可用 PDF 頁碼，須以標題路徑及段落識別碼定位。 動物、細胞、線蟲或體外結果不能直接外推至人體飲用效果。,DOC-000484-P0005-P0006-CHK-011188,,REQUIRED,HOLD,AI_ASSISTED_SOURCE_CHECK,2026-08-12T21:10:37+00:00
CLM-0CD302738F9269A6E832,DOC-000464,"Chemical Profile, Antioxidative, and Gut Microbiota Modulatory Properties of Ganpu Tea: A Derivative of Pu-erh Tea.",HIGH_HEALTH,SOURCE_CHECKED_AI_ASSISTED,RETAIN_PRECLINICAL_ONLY,EXACT_NORMALISED_MATCH,RESULTS_OBSERVATION,COMPOSITION_ANALYSIS,"只可表述為《Chemical Profile, Antioxidative, and Gut Microbiota Modulatory Properties of Ganpu Tea: A Derivative of Pu-erh Tea.》在其自身樣本、方法及條件下的來源記載；研究設計標記為 COMPOSITION_ANALYSIS。只屬前臨床或非人體證據，不可寫成人體療效。",目前只有一個來源句與一個相連正文段落，尚未完成獨立來源交叉核對。 原件沒有可用 PDF 頁碼，須以標題路徑及段落識別碼定位。 動物、細胞、線蟲或體外結果不能直接外推至人體飲用效果。,DOC-000464-P0002-P0003-CHK-010536,,REQUIRED,HOLD,AI_ASSISTED_SOURCE_CHECK,2026-08-12T21:10:37+00:00
CLM-103DE1834D945C41D727,DOC-000487,"Tea Consumption and Diabetes: A Comprehensive Pharmacological Review of Black, White, Green, Oolong, and Pu-erh Teas.",HIGH_HEALTH,SOURCE_CHECKED_AI_ASSISTED,RETAIN_PRECLINICAL_ONLY,EXACT_NORMALISED_MATCH,UNSPECIFIED_CONTEXT,NARRATIVE_REVIEW,"只可表述為《Tea Consumption and Diabetes: A Comprehensive Pharmacological Review of Black, White, Green, Oolong, and Pu-erh Teas.》在其自身樣本、方法及條件下的來源記載；研究設計標記為 NARRATIVE_REVIEW。只屬前臨床或非人體證據，不可寫成人體療效。",目前只有一個來源句與一個相連正文段落，尚未完成獨立來源交叉核對。 原件沒有可用 PDF 頁碼，須以標題路徑及段落識別碼定位。 動物、細胞、線蟲或體外結果不能直接外推至人體飲用效果。,DOC-000487-P0001-P0001-CHK-011310,,REQUIRED,HOLD,AI_ASSISTED_SOURCE_CHECK,2026-08-12T21:10:37+00:00
CLM-17757B2445D89262C067,DOC-000467,Pu-erh tea extraction alleviates intestinal inflammation in mice with flora disorder by regulating gut microbiota.,HIGH_HEALTH,SOURCE_CHECKED_AI_ASSISTED,RETAIN_AS_INTERPRETATION_ONLY,EXACT_NORMALISED_MATCH,DISCUSSION_INFERENCE,ANIMAL_STUDY,只可表述為《Pu-erh tea extraction alleviates intestinal inflammation in mice with flora disorder by regulating gut microbiota.》在其自身樣本、方法及條件下的來源記載；研究設計標記為 ANIMAL_STUDY。,目前只有一個來源句與一個相連正文段落，尚未完成獨立來源交叉核對。 原件沒有可用 PDF 頁碼，須以標題路徑及段落識別碼定位。,DOC-000467-P0003-P0004-CHK-010622,,REQUIRED,HOLD,AI_ASSISTED_SOURCE_CHECK,2026-08-12T21:10:37+00:00
CLM-19919A3B5EAA8C18EF28,DOC-000417,Comparison of hypoglycemic effects of ripened pu-erh tea and raw pu-erh tea in streptozotocin-induced diabetic rats.,HIGH_HEALTH,SOURCE_CHECKED_AI_ASSISTED,RETAIN_AS_INTERPRETATION_ONLY,EXACT_NORMALISED_MATCH,DISCUSSION_INTERPRETATION,ANIMAL_STUDY,只可表述為《Comparison of hypoglycemic effects of ripened pu-erh tea and raw pu-erh tea in streptozotocin-induced diabetic rats.》在其自身樣本、方法及條件下的來源記載；研究設計標記為 ANIMAL_STUDY。,目前只有一個來源句與一個相連正文段落，尚未完成獨立來源交叉核對。 原件沒有可用 PDF 頁碼，須以標題路徑及段落識別碼定位。,DOC-000417-P0001-P0002-CHK-008882,,REQUIRED,HOLD,AI_ASSISTED_SOURCE_CHECK,2026-08-12T21:10:37+00:00
CLM-1BF240876CE81DA030A0,DOC-000397,Theabrownin from Pu-erh tea attenuates hypercholesterolemia via modulation of gut microbiota and bile acid metabolism.,HIGH_HEALTH,SOURCE_CHECKED_AI_ASSISTED,RETAIN_HUMAN_OBSERVATIONAL_SPECIFIC,EXACT_NORMALISED_MATCH,METHOD_DESCRIPTION,HUMAN_OBSERVATIONAL,只可表述為《Theabrownin from Pu-erh tea attenuates hypercholesterolemia via modulation of gut microbiota and bile acid metabolism.》在其自身樣本、方法及條件下的來源記載；研究設計標記為 HUMAN_OBSERVATIONAL。屬人體觀察關係，不能單獨確立因果。,目前只有一個來源句與一個相連正文段落，尚未完成獨立來源交叉核對。 原件沒有可用 PDF 頁碼，須以標題路徑及段落識別碼定位。 觀察性資料仍可能受選擇、飲食、生活方式及產品差異等混雜因素影響。,DOC-000397-P0001-P0001-CHK-008060,,REQUIRED,HOLD,AI_ASSISTED_SOURCE_CHECK,2026-08-12T21:10:37+00:00
CLM-2E21FC0474B3F82F8F08,DOC-000484,Bioactive Compound Fingerprint Analysis of Aged Raw Pu'er Tea and Young Ripened Pu'er Tea.,HIGH_HEALTH,SOURCE_CHECKED_AI_ASSISTED,RETAIN_PRECLINICAL_ONLY,EXACT_NORMALISED_MATCH,RESULTS_OBSERVATION,ANIMAL_STUDY,只可表述為《Bioactive Compound Fingerprint Analysis of Aged Raw Pu'er Tea and Young Ripened Pu'er Tea.》在其自身樣本、方法及條件下的來源記載；研究設計標記為 ANIMAL_STUDY。只屬前臨床或非人體證據，不可寫成人體療效。,目前只有一個來源句與一個相連正文段落，尚未完成獨立來源交叉核對。 原件沒有可用 PDF 頁碼，須以標題路徑及段落識別碼定位。 動物、細胞、線蟲或體外結果不能直接外推至人體飲用效果。,DOC-000484-P0001-P0001-CHK-011169,,REQUIRED,HOLD,AI_ASSISTED_SOURCE_CHECK,2026-08-12T21:10:37+00:00
CLM-3A874D59E2CEB5397AD7,DOC-000469,Pu-erh tea attenuates obesity by remodeling gut microbiota and activating energy expenditure.,HIGH_HEALTH,SOURCE_CHECKED_AI_ASSISTED,RETAIN_PRECLINICAL_ONLY,EXACT_NORMALISED_MATCH,METHOD_DESCRIPTION,ANIMAL_STUDY,只可表述為《Pu-erh tea attenuates obesity by remodeling gut microbiota and activating energy expenditure.》在其自身樣本、方法及條件下的來源記載；研究設計標記為 ANIMAL_STUDY。只屬前臨床或非人體證據，不可寫成人體療效。,目前只有一個來源句與一個相連正文段落，尚未完成獨立來源交叉核對。 原件沒有可用 PDF 頁碼，須以標題路徑及段落識別碼定位。 動物、細胞、線蟲或體外結果不能直接外推至人體飲用效果。,DOC-000469-P0001-P0001-CHK-010662,,REQUIRED,HOLD,AI_ASSISTED_SOURCE_CHECK,2026-08-12T21:10:37+00:00
CLM-4940886A7A99865CBEDC,DOC-000464,"Chemical Profile, Antioxidative, and Gut Microbiota Modulatory Properties of Ganpu Tea: A Derivative of Pu-erh Tea.",HIGH_HEALTH,SOURCE_CHECKED_AI_ASSISTED,RETAIN_PRECLINICAL_ONLY,EXACT_NORMALISED_MATCH,RESULTS_OBSERVATION,COMPOSITION_ANALYSIS,"只可表述為《Chemical Profile, Antioxidative, and Gut Microbiota Modulatory Properties of Ganpu Tea: A Derivative of Pu-erh Tea.》在其自身樣本、方法及條件下的來源記載；研究設計標記為 COMPOSITION_ANALYSIS。只屬前臨床或非人體證據，不可寫成人體療效。",目前只有一個來源句與一個相連正文段落，尚未完成獨立來源交叉核對。 原件沒有可用 PDF 頁碼，須以標題路徑及段落識別碼定位。 動物、細胞、線蟲或體外結果不能直接外推至人體飲用效果。,DOC-000464-P0002-P0003-CHK-010536,,REQUIRED,HOLD,AI_ASSISTED_SOURCE_CHECK,2026-08-12T21:10:37+00:00
CLM-4B5F2B3B2B422A771AF1,DOC-000397,Theabrownin from Pu-erh tea attenuates hypercholesterolemia via modulation of gut microbiota and bile acid metabolism.,HIGH_HEALTH,SOURCE_CHECKED_AI_ASSISTED,RETAIN_HUMAN_OBSERVATIONAL_SPECIFIC,EXACT_NORMALISED_MATCH,METHOD_DESCRIPTION,HUMAN_OBSERVATIONAL,只可表述為《Theabrownin from Pu-erh tea attenuates hypercholesterolemia via modulation of gut microbiota and bile acid metabolism.》在其自身樣本、方法及條件下的來源記載；研究設計標記為 HUMAN_OBSERVATIONAL。屬人體觀察關係，不能單獨確立因果。,目前只有一個來源句與一個相連正文段落，尚未完成獨立來源交叉核對。 原件沒有可用 PDF 頁碼，須以標題路徑及段落識別碼定位。 觀察性資料仍可能受選擇、飲食、生活方式及產品差異等混雜因素影響。,DOC-000397-P0001-P0001-CHK-008060,,REQUIRED,HOLD,AI_ASSISTED_SOURCE_CHECK,2026-08-12T21:10:37+00:00
CLM-5082990FB8D76B8A6309,DOC-000407,"Grade identification of ripened Pu-erh teas, and their differences of phenolic components, in vitro antioxidant capacity and hypoglycemic effect.",HIGH_HEALTH,SOURCE_CHECKED_AI_ASSISTED,RETAIN_PRECLINICAL_ONLY,EXACT_NORMALISED_MATCH,METHOD_DESCRIPTION,IN_VITRO_CHEMICAL,"只可表述為《Grade identification of ripened Pu-erh teas, and their differences of phenolic components, in vitro antioxidant capacity and hypoglycemic effect.》在其自身樣本、方法及條件下的來源記載；研究設計標記為 IN_VITRO_CHEMICAL。只屬前臨床或非人體證據，不可寫成人體療效。",目前只有一個來源句與一個相連正文段落，尚未完成獨立來源交叉核對。 原件沒有可用 PDF 頁碼，須以標題路徑及段落識別碼定位。 動物、細胞、線蟲或體外結果不能直接外推至人體飲用效果。,DOC-000407-P0001-P0001-CHK-008491,,REQUIRED,HOLD,AI_ASSISTED_SOURCE_CHECK,2026-08-12T21:10:37+00:00
CLM-5091CB93823D9CFF12EC,DOC-000452,Modulatory Effects of Co-Fermented Pu-erh Tea with Aqueous Corn Silk Extract on Gut Microbes and Fecal Metabolites in Mice Fed High-Fat Diet.,HIGH_HEALTH,SOURCE_CHECKED_AI_ASSISTED,RETAIN_PRECLINICAL_ONLY,EXACT_NORMALISED_MATCH,METHOD_DESCRIPTION,ANIMAL_STUDY,只可表述為《Modulatory Effects of Co-Fermented Pu-erh Tea with Aqueous Corn Silk Extract on Gut Microbes and Fecal Metabolites in Mice Fed High-Fat Diet.》在其自身樣本、方法及條件下的來源記載；研究設計標記為 ANIMAL_STUDY。只屬前臨床或非人體證據，不可寫成人體療效。,目前只有一個來源句與一個相連正文段落，尚未完成獨立來源交叉核對。 原件沒有可用 PDF 頁碼，須以標題路徑及段落識別碼定位。 動物、細胞、線蟲或體外結果不能直接外推至人體飲用效果。,DOC-000452-P0001-P0001-CHK-010102,,REQUIRED,HOLD,AI_ASSISTED_SOURCE_CHECK,2026-08-12T21:10:37+00:00
CLM-583A544DA0BEC350E361,DOC-000397,Theabrownin from Pu-erh tea attenuates hypercholesterolemia via modulation of gut microbiota and bile acid metabolism.,HIGH_HEALTH,SOURCE_CHECKED_AI_ASSISTED,RETAIN_HUMAN_OBSERVATIONAL_SPECIFIC,EXACT_NORMALISED_MATCH,RESULTS_OBSERVATION,HUMAN_OBSERVATIONAL,只可表述為《Theabrownin from Pu-erh tea attenuates hypercholesterolemia via modulation of gut microbiota and bile acid metabolism.》在其自身樣本、方法及條件下的來源記載；研究設計標記為 HUMAN_OBSERVATIONAL。屬人體觀察關係，不能單獨確立因果。,目前只有一個來源句與一個相連正文段落，尚未完成獨立來源交叉核對。 原件沒有可用 PDF 頁碼，須以標題路徑及段落識別碼定位。 觀察性資料仍可能受選擇、飲食、生活方式及產品差異等混雜因素影響。,DOC-000397-P0001-P0001-CHK-008022,,REQUIRED,HOLD,AI_ASSISTED_SOURCE_CHECK,2026-08-12T21:10:37+00:00
CLM-6072254002DD034AEBDF,DOC-000407,"Grade identification of ripened Pu-erh teas, and their differences of phenolic components, in vitro antioxidant capacity and hypoglycemic effect.",HIGH_HEALTH,SOURCE_CHECKED_AI_ASSISTED,RETAIN_PRECLINICAL_ONLY,EXACT_NORMALISED_MATCH,RESULTS_OBSERVATION,IN_VITRO_CHEMICAL,"只可表述為《Grade identification of ripened Pu-erh teas, and their differences of phenolic components, in vitro antioxidant capacity and hypoglycemic effect.》在其自身樣本、方法及條件下的來源記載；研究設計標記為 IN_VITRO_CHEMICAL。只屬前臨床或非人體證據，不可寫成人體療效。",目前只有一個來源句與一個相連正文段落，尚未完成獨立來源交叉核對。 原件沒有可用 PDF 頁碼，須以標題路徑及段落識別碼定位。 動物、細胞、線蟲或體外結果不能直接外推至人體飲用效果。,DOC-000407-P0001-P0002-CHK-008513,,REQUIRED,HOLD,AI_ASSISTED_SOURCE_CHECK,2026-08-12T21:10:37+00:00
CLM-620801B334A9E87C3E7E,DOC-000407,"Grade identification of ripened Pu-erh teas, and their differences of phenolic components, in vitro antioxidant capacity and hypoglycemic effect.",HIGH_HEALTH,SOURCE_CHECKED_AI_ASSISTED,RETAIN_PRECLINICAL_ONLY,EXACT_NORMALISED_MATCH,RESULTS_OBSERVATION,IN_VITRO_CHEMICAL,"只可表述為《Grade identification of ripened Pu-erh teas, and their differences of phenolic components, in vitro antioxidant capacity and hypoglycemic effect.》在其自身樣本、方法及條件下的來源記載；研究設計標記為 IN_VITRO_CHEMICAL。只屬前臨床或非人體證據，不可寫成人體療效。",目前只有一個來源句與一個相連正文段落，尚未完成獨立來源交叉核對。 原件沒有可用 PDF 頁碼，須以標題路徑及段落識別碼定位。 動物、細胞、線蟲或體外結果不能直接外推至人體飲用效果。,DOC-000407-P0001-P0001-CHK-008516,,REQUIRED,HOLD,AI_ASSISTED_SOURCE_CHECK,2026-08-12T21:10:37+00:00
CLM-68AF5A85638D1BE1E17D,DOC-000469,Pu-erh tea attenuates obesity by remodeling gut microbiota and activating energy expenditure.,HIGH_HEALTH,SOURCE_CHECKED_AI_ASSISTED,RETAIN_PRECLINICAL_ONLY,EXACT_NORMALISED_MATCH,METHOD_DESCRIPTION,ANIMAL_STUDY,只可表述為《Pu-erh tea attenuates obesity by remodeling gut microbiota and activating energy expenditure.》在其自身樣本、方法及條件下的來源記載；研究設計標記為 ANIMAL_STUDY。只屬前臨床或非人體證據，不可寫成人體療效。,目前只有一個來源句與一個相連正文段落，尚未完成獨立來源交叉核對。 原件沒有可用 PDF 頁碼，須以標題路徑及段落識別碼定位。 動物、細胞、線蟲或體外結果不能直接外推至人體飲用效果。,DOC-000469-P0001-P0001-CHK-010662,,REQUIRED,HOLD,AI_ASSISTED_SOURCE_CHECK,2026-08-12T21:10:37+00:00
CLM-6BE628DB8519899567F1,DOC-000407,"Grade identification of ripened Pu-erh teas, and their differences of phenolic components, in vitro antioxidant capacity and hypoglycemic effect.",HIGH_HEALTH,SOURCE_CHECKED_AI_ASSISTED,RETAIN_PRECLINICAL_ONLY,EXACT_NORMALISED_MATCH,RESULTS_OBSERVATION,IN_VITRO_CHEMICAL,"只可表述為《Grade identification of ripened Pu-erh teas, and their differences of phenolic components, in vitro antioxidant capacity and hypoglycemic effect.》在其自身樣本、方法及條件下的來源記載；研究設計標記為 IN_VITRO_CHEMICAL。只屬前臨床或非人體證據，不可寫成人體療效。",目前只有一個來源句與一個相連正文段落，尚未完成獨立來源交叉核對。 原件沒有可用 PDF 頁碼，須以標題路徑及段落識別碼定位。 動物、細胞、線蟲或體外結果不能直接外推至人體飲用效果。,DOC-000407-P0001-P0002-CHK-008513,,REQUIRED,HOLD,AI_ASSISTED_SOURCE_CHECK,2026-08-12T21:10:37+00:00
CLM-6F755FC7CC3B783D940A,DOC-000464,"Chemical Profile, Antioxidative, and Gut Microbiota Modulatory Properties of Ganpu Tea: A Derivative of Pu-erh Tea.",HIGH_HEALTH,SOURCE_CHECKED_AI_ASSISTED,RETAIN_PRECLINICAL_ONLY,EXACT_NORMALISED_MATCH,RESULTS_OBSERVATION,COMPOSITION_ANALYSIS,"只可表述為《Chemical Profile, Antioxidative, and Gut Microbiota Modulatory Properties of Ganpu Tea: A Derivative of Pu-erh Tea.》在其自身樣本、方法及條件下的來源記載；研究設計標記為 COMPOSITION_ANALYSIS。只屬前臨床或非人體證據，不可寫成人體療效。",目前只有一個來源句與一個相連正文段落，尚未完成獨立來源交叉核對。 原件沒有可用 PDF 頁碼，須以標題路徑及段落識別碼定位。 動物、細胞、線蟲或體外結果不能直接外推至人體飲用效果。,DOC-000464-P0002-P0003-CHK-010536,,REQUIRED,HOLD,AI_ASSISTED_SOURCE_CHECK,2026-08-12T21:10:37+00:00
CLM-74C17AC27ABDE2CE91EA,DOC-000484,Bioactive Compound Fingerprint Analysis of Aged Raw Pu'er Tea and Young Ripened Pu'er Tea.,HIGH_HEALTH,SOURCE_CHECKED_AI_ASSISTED,RETAIN_PRECLINICAL_ONLY,EXACT_NORMALISED_MATCH,RESULTS_OBSERVATION,ANIMAL_STUDY,只可表述為《Bioactive Compound Fingerprint Analysis of Aged Raw Pu'er Tea and Young Ripened Pu'er Tea.》在其自身樣本、方法及條件下的來源記載；研究設計標記為 ANIMAL_STUDY。只屬前臨床或非人體證據，不可寫成人體療效。,目前只有一個來源句與一個相連正文段落，尚未完成獨立來源交叉核對。 原件沒有可用 PDF 頁碼，須以標題路徑及段落識別碼定位。 動物、細胞、線蟲或體外結果不能直接外推至人體飲用效果。,DOC-000484-P0003-P0005-CHK-011172,,REQUIRED,HOLD,AI_ASSISTED_SOURCE_CHECK,2026-08-12T21:10:37+00:00
CLM-7A749D20136C05A90717,DOC-000426,Integrated Microbiome-Metabolome Analysis and Functional Strain Validation Reveal Key Biochemical Transformations During Pu-erh Tea Pile Fermentation.,HIGH_HEALTH,SOURCE_CHECKED_AI_ASSISTED,RETAIN_PRECLINICAL_ONLY,EXACT_NORMALISED_MATCH,RESULTS_OBSERVATION,MICROBIOLOGY_STUDY,只可表述為《Integrated Microbiome-Metabolome Analysis and Functional Strain Validation Reveal Key Biochemical Transformations During Pu-erh Tea Pile Fermentation.》在其自身樣本、方法及條件下的來源記載；研究設計標記為 MICROBIOLOGY_STUDY。只屬前臨床或非人體證據，不可寫成人體療效。,目前只有一個來源句與一個相連正文段落，尚未完成獨立來源交叉核對。 原件沒有可用 PDF 頁碼，須以標題路徑及段落識別碼定位。 動物、細胞、線蟲或體外結果不能直接外推至人體飲用效果。,DOC-000426-P0001-P0001-CHK-009192,,REQUIRED,HOLD,AI_ASSISTED_SOURCE_CHECK,2026-08-12T21:10:37+00:00
CLM-8507CF57789101FEE8B8,DOC-000397,Theabrownin from Pu-erh tea attenuates hypercholesterolemia via modulation of gut microbiota and bile acid metabolism.,HIGH_HEALTH,SOURCE_CHECKED_AI_ASSISTED,RETAIN_HUMAN_OBSERVATIONAL_SPECIFIC,EXACT_NORMALISED_MATCH,RESULTS_OBSERVATION,HUMAN_OBSERVATIONAL,只可表述為《Theabrownin from Pu-erh tea attenuates hypercholesterolemia via modulation of gut microbiota and bile acid metabolism.》在其自身樣本、方法及條件下的來源記載；研究設計標記為 HUMAN_OBSERVATIONAL。屬人體觀察關係，不能單獨確立因果。,目前只有一個來源句與一個相連正文段落，尚未完成獨立來源交叉核對。 原件沒有可用 PDF 頁碼，須以標題路徑及段落識別碼定位。 觀察性資料仍可能受選擇、飲食、生活方式及產品差異等混雜因素影響。,DOC-000397-P0001-P0001-CHK-008022,,REQUIRED,HOLD,AI_ASSISTED_SOURCE_CHECK,2026-08-12T21:10:37+00:00
CLM-89923CCD82212B6E80D1,DOC-000421,"Study on the Functional, Physiological, and Sensory Properties of Coffee Leaf Dark Tea Processed Using the Pile Fermentation Method of Pu-Erh Tea.",HIGH_HEALTH,SOURCE_CHECKED_AI_ASSISTED,REJECT_OUT_OF_SCOPE,EXACT_NORMALISED_MATCH,RESULTS_OBSERVATION,IN_VITRO_CHEMICAL,"只可表述為《Study on the Functional, Physiological, and Sensory Properties of Coffee Leaf Dark Tea Processed Using the Pile Fermentation Method of Pu-Erh Tea.》在其自身樣本、方法及條件下的來源記載；研究設計標記為 IN_VITRO_CHEMICAL。本候選不適合轉化為公開知識主張。",目前只有一個來源句與一個相連正文段落，尚未完成獨立來源交叉核對。 原件沒有可用 PDF 頁碼，須以標題路徑及段落識別碼定位。,DOC-000421-P0002-P0003-CHK-009013,,NOT_REQUIRED_REJECTED,HOLD,AI_ASSISTED_SOURCE_CHECK,2026-08-12T21:10:37+00:00
CLM-AE610529DB867558CA23,DOC-000426,Integrated Microbiome-Metabolome Analysis and Functional Strain Validation Reveal Key Biochemical Transformations During Pu-erh Tea Pile Fermentation.,HIGH_HEALTH,SOURCE_CHECKED_AI_ASSISTED,RETAIN_PRECLINICAL_ONLY,EXACT_NORMALISED_MATCH,RESULTS_OBSERVATION,MICROBIOLOGY_STUDY,只可表述為《Integrated Microbiome-Metabolome Analysis and Functional Strain Validation Reveal Key Biochemical Transformations During Pu-erh Tea Pile Fermentation.》在其自身樣本、方法及條件下的來源記載；研究設計標記為 MICROBIOLOGY_STUDY。只屬前臨床或非人體證據，不可寫成人體療效。,目前只有一個來源句與一個相連正文段落，尚未完成獨立來源交叉核對。 原件沒有可用 PDF 頁碼，須以標題路徑及段落識別碼定位。 動物、細胞、線蟲或體外結果不能直接外推至人體飲用效果。,DOC-000426-P0001-P0001-CHK-009194,,REQUIRED,HOLD,AI_ASSISTED_SOURCE_CHECK,2026-08-12T21:10:37+00:00
CLM-E54DA22B25AA0680020C,DOC-000421,"Study on the Functional, Physiological, and Sensory Properties of Coffee Leaf Dark Tea Processed Using the Pile Fermentation Method of Pu-Erh Tea.",HIGH_HEALTH,SOURCE_CHECKED_AI_ASSISTED,REJECT_OUT_OF_SCOPE,EXACT_NORMALISED_MATCH,RESULTS_OBSERVATION,IN_VITRO_CHEMICAL,"只可表述為《Study on the Functional, Physiological, and Sensory Properties of Coffee Leaf Dark Tea Processed Using the Pile Fermentation Method of Pu-Erh Tea.》在其自身樣本、方法及條件下的來源記載；研究設計標記為 IN_VITRO_CHEMICAL。本候選不適合轉化為公開知識主張。",目前只有一個來源句與一個相連正文段落，尚未完成獨立來源交叉核對。 原件沒有可用 PDF 頁碼，須以標題路徑及段落識別碼定位。,DOC-000421-P0002-P0003-CHK-009013,,NOT_REQUIRED_REJECTED,HOLD,AI_ASSISTED_SOURCE_CHECK,2026-08-12T21:10:37+00:00
CLM-E60A13E8716AF99A71F2,DOC-000484,Bioactive Compound Fingerprint Analysis of Aged Raw Pu'er Tea and Young Ripened Pu'er Tea.,HIGH_HEALTH,SOURCE_CHECKED_AI_ASSISTED,RETAIN_PRECLINICAL_ONLY,EXACT_NORMALISED_MATCH,RESULTS_OBSERVATION,ANIMAL_STUDY,只可表述為《Bioactive Compound Fingerprint Analysis of Aged Raw Pu'er Tea and Young Ripened Pu'er Tea.》在其自身樣本、方法及條件下的來源記載；研究設計標記為 ANIMAL_STUDY。只屬前臨床或非人體證據，不可寫成人體療效。,目前只有一個來源句與一個相連正文段落，尚未完成獨立來源交叉核對。 原件沒有可用 PDF 頁碼，須以標題路徑及段落識別碼定位。 動物、細胞、線蟲或體外結果不能直接外推至人體飲用效果。,DOC-000484-P0001-P0002-CHK-011181,,REQUIRED,HOLD,AI_ASSISTED_SOURCE_CHECK,2026-08-12T21:10:37+00:00
CLM-069B4A2D6C9675C0559A,DOC-000406,Multiscale mechanistic insights into sonochemical energy coupling and flavor evolution in Pu‑erh tea.,HIGH_PROVENANCE,SOURCE_CHECKED_AI_ASSISTED,RETAIN_METHOD_DESCRIPTION,EXACT_NORMALISED_MATCH,METHOD_DESCRIPTION,MICROBIOLOGY_STUDY,只可表述為《Multiscale mechanistic insights into sonochemical energy coupling and flavor evolution in Pu‑erh tea.》在其自身樣本、方法及條件下的來源記載；研究設計標記為 MICROBIOLOGY_STUDY。,目前只有一個來源句與一個相連正文段落，尚未完成獨立來源交叉核對。 原件沒有可用 PDF 頁碼，須以標題路徑及段落識別碼定位。,DOC-000406-P0001-P0001-CHK-008411,,REQUIRED,HOLD,AI_ASSISTED_SOURCE_CHECK,2026-08-12T21:10:37+00:00
CLM-07E9D56DC9AFCB7BBC10,DOC-000420,Characterization of primary aroma compounds in Pu-erh raw tea sourced from various regions using gas chromatography-mass spectrometry and headspace solid-phase microextraction.,HIGH_PROVENANCE,SOURCE_CHECKED_AI_ASSISTED,RETAIN_SOURCE_REPORTED_OBSERVATION,EXACT_NORMALISED_MATCH,RESULTS_OBSERVATION,MICROBIOLOGY_STUDY,只可表述為《Characterization of primary aroma compounds in Pu-erh raw tea sourced from various regions using gas chromatography-mass spectrometry and headspace solid-phase microextraction.》在其自身樣本、方法及條件下的來源記載；研究設計標記為 MICROBIOLOGY_STUDY。,目前只有一個來源句與一個相連正文段落，尚未完成獨立來源交叉核對。 原件沒有可用 PDF 頁碼，須以標題路徑及段落識別碼定位。,DOC-000420-P0001-P0001-CHK-008968,,REQUIRED,HOLD,AI_ASSISTED_SOURCE_CHECK,2026-08-12T21:10:37+00:00
CLM-0C1A7DF3B9EA9B967A0D,DOC-000449,"The Growing Altitude Influences the Flavor Precursors, Sensory Characteristics and Cupping Quality of the Pu'er Coffee Bean.",HIGH_PROVENANCE,SOURCE_CHECKED_AI_ASSISTED,NEEDS_SUBJECT_RESOLUTION,EXACT_NORMALISED_MATCH,METHOD_DESCRIPTION,COMPOSITION_ANALYSIS,"只可表述為《The Growing Altitude Influences the Flavor Precursors, Sensory Characteristics and Cupping Quality of the Pu'er Coffee Bean.》在其自身樣本、方法及條件下的來源記載；研究設計標記為 COMPOSITION_ANALYSIS。",目前只有一個來源句與一個相連正文段落，尚未完成獨立來源交叉核對。 原件沒有可用 PDF 頁碼，須以標題路徑及段落識別碼定位。,DOC-000449-P0001-P0001-CHK-009999,,REQUIRED,HOLD,AI_ASSISTED_SOURCE_CHECK,2026-08-12T21:10:37+00:00
CLM-13A90BF92D5C26FF23E8,DOC-000458,"Effects of Region, Processing, and Their Interaction on the Elemental Profiles of Pu-Erh Tea.",HIGH_PROVENANCE,SOURCE_CHECKED_AI_ASSISTED,DEFER_TO_PRIMARY_SOURCE,EXACT_NORMALISED_MATCH,INTRODUCTION_BACKGROUND,AUTHENTICATION_STUDY,"只可表述為《Effects of Region, Processing, and Their Interaction on the Elemental Profiles of Pu-Erh Tea.》在其自身樣本、方法及條件下的來源記載；研究設計標記為 AUTHENTICATION_STUDY。本句位於背景或轉述語境，發布前須追查原始被引來源。",目前只有一個來源句與一個相連正文段落，尚未完成獨立來源交叉核對。 原件沒有可用 PDF 頁碼，須以標題路徑及段落識別碼定位。 句子可能只是作者概述或引用他人研究，不能把本文當作原始證據。,DOC-000458-P0002-P0003-CHK-010296,,REQUIRED,HOLD,AI_ASSISTED_SOURCE_CHECK,2026-08-12T21:10:37+00:00
CLM-153E638AB2B0500AAA24,DOC-000399,A Nomogram Model for Predicting the Polyphenol Content of Pu-Erh Tea.,HIGH_PROVENANCE,SOURCE_CHECKED_AI_ASSISTED,DEFER_TO_PRIMARY_SOURCE,EXACT_NORMALISED_MATCH,INTRODUCTION_BACKGROUND,UNKNOWN_RESEARCH_DESIGN,只可表述為《A Nomogram Model for Predicting the Polyphenol Content of Pu-Erh Tea.》在其自身樣本、方法及條件下的來源記載；研究設計標記為 UNKNOWN_RESEARCH_DESIGN。本句位於背景或轉述語境，發布前須追查原始被引來源。,目前只有一個來源句與一個相連正文段落，尚未完成獨立來源交叉核對。 原件沒有可用 PDF 頁碼，須以標題路徑及段落識別碼定位。 句子可能只是作者概述或引用他人研究，不能把本文當作原始證據。,DOC-000399-P0001-P0002-CHK-008126,,REQUIRED,HOLD,AI_ASSISTED_SOURCE_CHECK,2026-08-12T21:10:37+00:00
CLM-293E03E35BF38B8E898D,DOC-000400,"Characteristic Changes and Potential Markers of Flavour in Raw Pu-Erh Tea with Different Ageing Cycles Analysed by HPLC, HS-SPME-GC-MS, and OAV.",HIGH_PROVENANCE,SOURCE_CHECKED_AI_ASSISTED,RETAIN_SOURCE_REPORTED_OBSERVATION,EXACT_NORMALISED_MATCH,RESULTS_OBSERVATION,UNKNOWN_RESEARCH_DESIGN,"只可表述為《Characteristic Changes and Potential Markers of Flavour in Raw Pu-Erh Tea with Different Ageing Cycles Analysed by HPLC, HS-SPME-GC-MS, and OAV.》在其自身樣本、方法及條件下的來源記載；研究設計標記為 UNKNOWN_RESEARCH_DESIGN。",目前只有一個來源句與一個相連正文段落，尚未完成獨立來源交叉核對。 原件沒有可用 PDF 頁碼，須以標題路徑及段落識別碼定位。,DOC-000400-P0001-P0001-CHK-008169,,REQUIRED,HOLD,AI_ASSISTED_SOURCE_CHECK,2026-08-12T21:10:37+00:00
CLM-2960BF3EB1C6AE246F90,DOC-000420,Characterization of primary aroma compounds in Pu-erh raw tea sourced from various regions using gas chromatography-mass spectrometry and headspace solid-phase microextraction.,HIGH_PROVENANCE,SOURCE_CHECKED_AI_ASSISTED,DEFER_TO_PRIMARY_SOURCE,EXACT_NORMALISED_MATCH,INTRODUCTION_BACKGROUND,MICROBIOLOGY_STUDY,只可表述為《Characterization of primary aroma compounds in Pu-erh raw tea sourced from various regions using gas chromatography-mass spectrometry and headspace solid-phase microextraction.》在其自身樣本、方法及條件下的來源記載；研究設計標記為 MICROBIOLOGY_STUDY。本句位於背景或轉述語境，發布前須追查原始被引來源。,目前只有一個來源句與一個相連正文段落，尚未完成獨立來源交叉核對。 原件沒有可用 PDF 頁碼，須以標題路徑及段落識別碼定位。 句子可能只是作者概述或引用他人研究，不能把本文當作原始證據。,DOC-000420-P0001-P0002-CHK-008950,,REQUIRED,HOLD,AI_ASSISTED_SOURCE_CHECK,2026-08-12T21:10:37+00:00
CLM-2DE32BE0FB8D1B084D93,DOC-000064,"BEYOND SURPLUS: A REVIEW OF CULTURAL, ECOLOGICAL, AND TECHNOLOGICAL DRIVERS OF SUSTAINABLE TEA DEVELOPMENT IN YUNNAN, CHINA",HIGH_PROVENANCE,SOURCE_CHECKED_AI_ASSISTED,RETAIN_SOURCE_REPORTED_OBSERVATION,PUNCTUATION_INSENSITIVE_MATCH,UNSPECIFIED_CONTEXT,NARRATIVE_REVIEW,"只可表述為《BEYOND SURPLUS: A REVIEW OF CULTURAL, ECOLOGICAL, AND TECHNOLOGICAL DRIVERS OF SUSTAINABLE TEA DEVELOPMENT IN YUNNAN, CHINA》在其自身樣本、方法及條件下的來源記載；研究設計標記為 NARRATIVE_REVIEW。",目前只有一個來源句與一個相連正文段落，尚未完成獨立來源交叉核對。,DOC-000064-P0001-P0002-CHK-006837,4,REQUIRED,HOLD,AI_ASSISTED_SOURCE_CHECK,2026-08-12T21:10:37+00:00
CLM-37FD1D63654BC4582D83,DOC-000400,"Characteristic Changes and Potential Markers of Flavour in Raw Pu-Erh Tea with Different Ageing Cycles Analysed by HPLC, HS-SPME-GC-MS, and OAV.",HIGH_PROVENANCE,SOURCE_CHECKED_AI_ASSISTED,RETAIN_SOURCE_REPORTED_OBSERVATION,EXACT_NORMALISED_MATCH,RESULTS_OBSERVATION,UNKNOWN_RESEARCH_DESIGN,"只可表述為《Characteristic Changes and Potential Markers of Flavour in Raw Pu-Erh Tea with Different Ageing Cycles Analysed by HPLC, HS-SPME-GC-MS, and OAV.》在其自身樣本、方法及條件下的來源記載；研究設計標記為 UNKNOWN_RESEARCH_DESIGN。",目前只有一個來源句與一個相連正文段落，尚未完成獨立來源交叉核對。 原件沒有可用 PDF 頁碼，須以標題路徑及段落識別碼定位。,DOC-000400-P0001-P0002-CHK-008166,,REQUIRED,HOLD,AI_ASSISTED_SOURCE_CHECK,2026-08-12T21:10:37+00:00
CLM-3970AF8422EEDE9D784E,DOC-000472,Simultaneous Distillation Extraction of Some Volatile Flavor Components from Pu-erh Tea Samples-Comparison with Steam Distillation-Liquid/Liquid Extraction and Soxhlet Extraction.,HIGH_PROVENANCE,SOURCE_CHECKED_AI_ASSISTED,DEFER_TO_PRIMARY_SOURCE,EXACT_NORMALISED_MATCH,INTRODUCTION_BACKGROUND,COMPOSITION_ANALYSIS,只可表述為《Simultaneous Distillation Extraction of Some Volatile Flavor Components from Pu-erh Tea Samples-Comparison with Steam Distillation-Liquid/Liquid Extraction and Soxhlet Extraction.》在其自身樣本、方法及條件下的來源記載；研究設計標記為 COMPOSITION_ANALYSIS。本句位於背景或轉述語境，發布前須追查原始被引來源。,目前只有一個來源句與一個相連正文段落，尚未完成獨立來源交叉核對。 原件沒有可用 PDF 頁碼，須以標題路徑及段落識別碼定位。 句子可能只是作者概述或引用他人研究，不能把本文當作原始證據。,DOC-000472-P0001-P0002-CHK-010784,,REQUIRED,HOLD,AI_ASSISTED_SOURCE_CHECK,2026-08-12T21:10:37+00:00
CLM-4BC046CAE98C1EC9CB35,DOC-000420,Characterization of primary aroma compounds in Pu-erh raw tea sourced from various regions using gas chromatography-mass spectrometry and headspace solid-phase microextraction.,HIGH_PROVENANCE,SOURCE_CHECKED_AI_ASSISTED,REJECT_FRAGMENT_OR_NOISE,EXACT_NORMALISED_MATCH,FRAGMENT_OR_CAPTION,MICROBIOLOGY_STUDY,只可表述為《Characterization of primary aroma compounds in Pu-erh raw tea sourced from various regions using gas chromatography-mass spectrometry and headspace solid-phase microextraction.》在其自身樣本、方法及條件下的來源記載；研究設計標記為 MICROBIOLOGY_STUDY。本候選不適合轉化為公開知識主張。,目前只有一個來源句與一個相連正文段落，尚未完成獨立來源交叉核對。 原件沒有可用 PDF 頁碼，須以標題路徑及段落識別碼定位。,DOC-000420-P0004-P0005-CHK-008965,,NOT_REQUIRED_REJECTED,HOLD,AI_ASSISTED_SOURCE_CHECK,2026-08-12T21:10:37+00:00
CLM-4D76CC5FD956A8A92B8C,DOC-000458,"Effects of Region, Processing, and Their Interaction on the Elemental Profiles of Pu-Erh Tea.",HIGH_PROVENANCE,SOURCE_CHECKED_AI_ASSISTED,DEFER_TO_PRIMARY_SOURCE,EXACT_NORMALISED_MATCH,INTRODUCTION_BACKGROUND,AUTHENTICATION_STUDY,"只可表述為《Effects of Region, Processing, and Their Interaction on the Elemental Profiles of Pu-Erh Tea.》在其自身樣本、方法及條件下的來源記載；研究設計標記為 AUTHENTICATION_STUDY。本句位於背景或轉述語境，發布前須追查原始被引來源。",目前只有一個來源句與一個相連正文段落，尚未完成獨立來源交叉核對。 原件沒有可用 PDF 頁碼，須以標題路徑及段落識別碼定位。 句子可能只是作者概述或引用他人研究，不能把本文當作原始證據。,DOC-000458-P0002-P0003-CHK-010296,,REQUIRED,HOLD,AI_ASSISTED_SOURCE_CHECK,2026-08-12T21:10:37+00:00
CLM-505F61CC371A10A27B0A,DOC-000461,Analysis of Volatile Profile and Aromatic Characteristics of Raw Pu-erh Tea during Storage Based on GC-MS and Odor Activity Value.,HIGH_PROVENANCE,SOURCE_CHECKED_AI_ASSISTED,DEFER_TO_PRIMARY_SOURCE,EXACT_NORMALISED_MATCH,INTRODUCTION_BACKGROUND,TRADITIONAL_CLAIM,只可表述為《Analysis of Volatile Profile and Aromatic Characteristics of Raw Pu-erh Tea during Storage Based on GC-MS and Odor Activity Value.》在其自身樣本、方法及條件下的來源記載；研究設計標記為 TRADITIONAL_CLAIM。本句位於背景或轉述語境，發布前須追查原始被引來源。,目前只有一個來源句與一個相連正文段落，尚未完成獨立來源交叉核對。 原件沒有可用 PDF 頁碼，須以標題路徑及段落識別碼定位。 句子可能只是作者概述或引用他人研究，不能把本文當作原始證據。,DOC-000461-P0001-P0001-CHK-010423,,REQUIRED,HOLD,AI_ASSISTED_SOURCE_CHECK,2026-08-12T21:10:37+00:00
CLM-52AF63A23EA5F1CCF769,DOC-000400,"Characteristic Changes and Potential Markers of Flavour in Raw Pu-Erh Tea with Different Ageing Cycles Analysed by HPLC, HS-SPME-GC-MS, and OAV.",HIGH_PROVENANCE,SOURCE_CHECKED_AI_ASSISTED,RETAIN_SOURCE_REPORTED_OBSERVATION,EXACT_NORMALISED_MATCH,RESULTS_OBSERVATION,UNKNOWN_RESEARCH_DESIGN,"只可表述為《Characteristic Changes and Potential Markers of Flavour in Raw Pu-Erh Tea with Different Ageing Cycles Analysed by HPLC, HS-SPME-GC-MS, and OAV.》在其自身樣本、方法及條件下的來源記載；研究設計標記為 UNKNOWN_RESEARCH_DESIGN。",目前只有一個來源句與一個相連正文段落，尚未完成獨立來源交叉核對。 原件沒有可用 PDF 頁碼，須以標題路徑及段落識別碼定位。,DOC-000400-P0001-P0002-CHK-008166,,REQUIRED,HOLD,AI_ASSISTED_SOURCE_CHECK,2026-08-12T21:10:37+00:00
CLM-5533B00B2078B5834C19,DOC-000420,Characterization of primary aroma compounds in Pu-erh raw tea sourced from various regions using gas chromatography-mass spectrometry and headspace solid-phase microextraction.,HIGH_PROVENANCE,SOURCE_CHECKED_AI_ASSISTED,RETAIN_SOURCE_REPORTED_OBSERVATION,EXACT_NORMALISED_MATCH,RESULTS_OBSERVATION,MICROBIOLOGY_STUDY,只可表述為《Characterization of primary aroma compounds in Pu-erh raw tea sourced from various regions using gas chromatography-mass spectrometry and headspace solid-phase microextraction.》在其自身樣本、方法及條件下的來源記載；研究設計標記為 MICROBIOLOGY_STUDY。,目前只有一個來源句與一個相連正文段落，尚未完成獨立來源交叉核對。 原件沒有可用 PDF 頁碼，須以標題路徑及段落識別碼定位。,DOC-000420-P0001-P0001-CHK-008968,,REQUIRED,HOLD,AI_ASSISTED_SOURCE_CHECK,2026-08-12T21:10:37+00:00
CLM-6439BF412DCEF6DB9D13,DOC-000400,"Characteristic Changes and Potential Markers of Flavour in Raw Pu-Erh Tea with Different Ageing Cycles Analysed by HPLC, HS-SPME-GC-MS, and OAV.",HIGH_PROVENANCE,SOURCE_CHECKED_AI_ASSISTED,RETAIN_SOURCE_REPORTED_OBSERVATION,EXACT_NORMALISED_MATCH,RESULTS_OBSERVATION,UNKNOWN_RESEARCH_DESIGN,"只可表述為《Characteristic Changes and Potential Markers of Flavour in Raw Pu-Erh Tea with Different Ageing Cycles Analysed by HPLC, HS-SPME-GC-MS, and OAV.》在其自身樣本、方法及條件下的來源記載；研究設計標記為 UNKNOWN_RESEARCH_DESIGN。",目前只有一個來源句與一個相連正文段落，尚未完成獨立來源交叉核對。 原件沒有可用 PDF 頁碼，須以標題路徑及段落識別碼定位。,DOC-000400-P0001-P0002-CHK-008168,,REQUIRED,HOLD,AI_ASSISTED_SOURCE_CHECK,2026-08-12T21:10:37+00:00
CLM-73A52611BB7C4AAA4AB7,DOC-000472,Simultaneous Distillation Extraction of Some Volatile Flavor Components from Pu-erh Tea Samples-Comparison with Steam Distillation-Liquid/Liquid Extraction and Soxhlet Extraction.,HIGH_PROVENANCE,SOURCE_CHECKED_AI_ASSISTED,RETAIN_SOURCE_REPORTED_OBSERVATION,EXACT_NORMALISED_MATCH,RESULTS_OBSERVATION,COMPOSITION_ANALYSIS,只可表述為《Simultaneous Distillation Extraction of Some Volatile Flavor Components from Pu-erh Tea Samples-Comparison with Steam Distillation-Liquid/Liquid Extraction and Soxhlet Extraction.》在其自身樣本、方法及條件下的來源記載；研究設計標記為 COMPOSITION_ANALYSIS。,目前只有一個來源句與一個相連正文段落，尚未完成獨立來源交叉核對。 原件沒有可用 PDF 頁碼，須以標題路徑及段落識別碼定位。,DOC-000472-P0001-P0002-CHK-010807,,REQUIRED,HOLD,AI_ASSISTED_SOURCE_CHECK,2026-08-12T21:10:37+00:00
CLM-74FE54D9AF6B5036DC29,DOC-000427,ECS-tea: a bio-inspired high-precision detection and localization algorithm for young shoots of Pu-erh tea.,HIGH_PROVENANCE,SOURCE_CHECKED_AI_ASSISTED,RETAIN_AS_INTERPRETATION_ONLY,EXACT_NORMALISED_MATCH,DISCUSSION_INFERENCE,TRADITIONAL_CLAIM,只可表述為《ECS-tea: a bio-inspired high-precision detection and localization algorithm for young shoots of Pu-erh tea.》在其自身樣本、方法及條件下的來源記載；研究設計標記為 TRADITIONAL_CLAIM。,目前只有一個來源句與一個相連正文段落，尚未完成獨立來源交叉核對。 原件沒有可用 PDF 頁碼，須以標題路徑及段落識別碼定位。,DOC-000427-P0001-P0002-CHK-009255,,REQUIRED,HOLD,AI_ASSISTED_SOURCE_CHECK,2026-08-12T21:10:37+00:00
CLM-89D60B30D43E9E6C883E,DOC-000413,Production of theophylline via aerobic fermentation of pu-erh tea using tea-derived fungi.,HIGH_PROVENANCE,SOURCE_CHECKED_AI_ASSISTED,DEFER_TO_PRIMARY_SOURCE,EXACT_NORMALISED_MATCH,INTRODUCTION_BACKGROUND,MICROBIOLOGY_STUDY,只可表述為《Production of theophylline via aerobic fermentation of pu-erh tea using tea-derived fungi.》在其自身樣本、方法及條件下的來源記載；研究設計標記為 MICROBIOLOGY_STUDY。本句位於背景或轉述語境，發布前須追查原始被引來源。,目前只有一個來源句與一個相連正文段落，尚未完成獨立來源交叉核對。 原件沒有可用 PDF 頁碼，須以標題路徑及段落識別碼定位。 句子可能只是作者概述或引用他人研究，不能把本文當作原始證據。,DOC-000413-P0001-P0002-CHK-008694,,REQUIRED,HOLD,AI_ASSISTED_SOURCE_CHECK,2026-08-12T21:10:37+00:00
CLM-AA00812D38361EE8A833,DOC-000422,Comparative analysis of volatiles difference of Yunnan sun-dried Pu-erh green tea from different tea mountains: Jingmai and Wuliang mountain by chemical fingerprint similarity combined with principal component analysis and cluster analysis.,HIGH_PROVENANCE,SOURCE_CHECKED_AI_ASSISTED,REJECT_OUT_OF_SCOPE,EXACT_NORMALISED_MATCH,RESULTS_OBSERVATION,TRADITIONAL_CLAIM,只可表述為《Comparative analysis of volatiles difference of Yunnan sun-dried Pu-erh green tea from different tea mountains: Jingmai and Wuliang mountain by chemical fingerprint similarity combined with principal component analysis and cluster analysis.》在其自身樣本、方法及條件下的來源記載；研究設計標記為 TRADITIONAL_CLAIM。本候選不適合轉化為公開知識主張。,目前只有一個來源句與一個相連正文段落，尚未完成獨立來源交叉核對。 原件沒有可用 PDF 頁碼，須以標題路徑及段落識別碼定位。,DOC-000422-P0001-P0002-CHK-009039,,NOT_REQUIRED_REJECTED,HOLD,AI_ASSISTED_SOURCE_CHECK,2026-08-12T21:10:37+00:00
CLM-B9AD0BDC05B32BB362BA,DOC-000458,"Effects of Region, Processing, and Their Interaction on the Elemental Profiles of Pu-Erh Tea.",HIGH_PROVENANCE,SOURCE_CHECKED_AI_ASSISTED,RETAIN_METHOD_DESCRIPTION,EXACT_NORMALISED_MATCH,METHOD_DESCRIPTION,AUTHENTICATION_STUDY,"只可表述為《Effects of Region, Processing, and Their Interaction on the Elemental Profiles of Pu-Erh Tea.》在其自身樣本、方法及條件下的來源記載；研究設計標記為 AUTHENTICATION_STUDY。",目前只有一個來源句與一個相連正文段落，尚未完成獨立來源交叉核對。 原件沒有可用 PDF 頁碼，須以標題路徑及段落識別碼定位。,DOC-000458-P0001-P0001-CHK-010301,,REQUIRED,HOLD,AI_ASSISTED_SOURCE_CHECK,2026-08-12T21:10:37+00:00
CLM-D3EEC8F97123D19816A2,DOC-000064,"BEYOND SURPLUS: A REVIEW OF CULTURAL, ECOLOGICAL, AND TECHNOLOGICAL DRIVERS OF SUSTAINABLE TEA DEVELOPMENT IN YUNNAN, CHINA",HIGH_PROVENANCE,SOURCE_CHECKED_AI_ASSISTED,RETAIN_SOURCE_REPORTED_OBSERVATION,PUNCTUATION_INSENSITIVE_MATCH,UNSPECIFIED_CONTEXT,NARRATIVE_REVIEW,"只可表述為《BEYOND SURPLUS: A REVIEW OF CULTURAL, ECOLOGICAL, AND TECHNOLOGICAL DRIVERS OF SUSTAINABLE TEA DEVELOPMENT IN YUNNAN, CHINA》在其自身樣本、方法及條件下的來源記載；研究設計標記為 NARRATIVE_REVIEW。",目前只有一個來源句與一個相連正文段落，尚未完成獨立來源交叉核對。,DOC-000064-P0001-P0002-CHK-006837,4,REQUIRED,HOLD,AI_ASSISTED_SOURCE_CHECK,2026-08-12T21:10:37+00:00
CLM-D99603746A4E3080772D,DOC-000444,Detection and recognition of foreign objects in Pu-erh Sun-dried green tea using an improved YOLOv8 based on deep learning.,HIGH_PROVENANCE,SOURCE_CHECKED_AI_ASSISTED,RETAIN_SOURCE_REPORTED_OBSERVATION,EXACT_NORMALISED_MATCH,UNSPECIFIED_CONTEXT,SAFETY_STUDY,只可表述為《Detection and recognition of foreign objects in Pu-erh Sun-dried green tea using an improved YOLOv8 based on deep learning.》在其自身樣本、方法及條件下的來源記載；研究設計標記為 SAFETY_STUDY。,目前只有一個來源句與一個相連正文段落，尚未完成獨立來源交叉核對。 原件沒有可用 PDF 頁碼，須以標題路徑及段落識別碼定位。,DOC-000444-P0001-P0001-CHK-009828,,REQUIRED,HOLD,AI_ASSISTED_SOURCE_CHECK,2026-08-12T21:10:37+00:00
CLM-E44358D95FF65B19BAD8,DOC-000448,Evaluating the productivity of ancient Pu'er tea trees (Camellia sinensis var. assamica): a multivariate modeling approach.,HIGH_PROVENANCE,SOURCE_CHECKED_AI_ASSISTED,DEFER_TO_PRIMARY_SOURCE,EXACT_NORMALISED_MATCH,INTRODUCTION_BACKGROUND,TRADITIONAL_CLAIM,只可表述為《Evaluating the productivity of ancient Pu'er tea trees (Camellia sinensis var. assamica): a multivariate modeling approach.》在其自身樣本、方法及條件下的來源記載；研究設計標記為 TRADITIONAL_CLAIM。本句位於背景或轉述語境，發布前須追查原始被引來源。,目前只有一個來源句與一個相連正文段落，尚未完成獨立來源交叉核對。 原件沒有可用 PDF 頁碼，須以標題路徑及段落識別碼定位。 句子可能只是作者概述或引用他人研究，不能把本文當作原始證據。,DOC-000448-P0003-P0004-CHK-009962,,REQUIRED,HOLD,AI_ASSISTED_SOURCE_CHECK,2026-08-12T21:10:37+00:00
CLM-FFE642526B14943F237E,DOC-000458,"Effects of Region, Processing, and Their Interaction on the Elemental Profiles of Pu-Erh Tea.",HIGH_PROVENANCE,SOURCE_CHECKED_AI_ASSISTED,RETAIN_METHOD_DESCRIPTION,EXACT_NORMALISED_MATCH,METHOD_DESCRIPTION,AUTHENTICATION_STUDY,"只可表述為《Effects of Region, Processing, and Their Interaction on the Elemental Profiles of Pu-Erh Tea.》在其自身樣本、方法及條件下的來源記載；研究設計標記為 AUTHENTICATION_STUDY。",目前只有一個來源句與一個相連正文段落，尚未完成獨立來源交叉核對。 原件沒有可用 PDF 頁碼，須以標題路徑及段落識別碼定位。,DOC-000458-P0001-P0001-CHK-010301,,REQUIRED,HOLD,AI_ASSISTED_SOURCE_CHECK,2026-08-12T21:10:37+00:00
CLM-0015663EF1EEEC292EB6,DOC-000412,Enhanced Fermentation of Pu-Erh Tea with Aspergillus niger : Quality and Microbial Community Analysis.,HIGH_HISTORY_STANDARD_CULTURE,SOURCE_CHECKED_AI_ASSISTED,RETAIN_SOURCE_REPORTED_OBSERVATION,EXACT_NORMALISED_MATCH,RESULTS_OBSERVATION,COMPOSITION_ANALYSIS,只可表述為《Enhanced Fermentation of Pu-Erh Tea with Aspergillus niger : Quality and Microbial Community Analysis.》在其自身樣本、方法及條件下的來源記載；研究設計標記為 COMPOSITION_ANALYSIS。,目前只有一個來源句與一個相連正文段落，尚未完成獨立來源交叉核對。 原件沒有可用 PDF 頁碼，須以標題路徑及段落識別碼定位。,DOC-000412-P0001-P0001-CHK-008673,,REQUIRED,HOLD,AI_ASSISTED_SOURCE_CHECK,2026-08-12T21:10:37+00:00
CLM-0C9E95787D0E62873417,DOC-000412,Enhanced Fermentation of Pu-Erh Tea with Aspergillus niger : Quality and Microbial Community Analysis.,HIGH_HISTORY_STANDARD_CULTURE,SOURCE_CHECKED_AI_ASSISTED,RETAIN_SOURCE_REPORTED_OBSERVATION,EXACT_NORMALISED_MATCH,RESULTS_OBSERVATION,COMPOSITION_ANALYSIS,只可表述為《Enhanced Fermentation of Pu-Erh Tea with Aspergillus niger : Quality and Microbial Community Analysis.》在其自身樣本、方法及條件下的來源記載；研究設計標記為 COMPOSITION_ANALYSIS。,目前只有一個來源句與一個相連正文段落，尚未完成獨立來源交叉核對。 原件沒有可用 PDF 頁碼，須以標題路徑及段落識別碼定位。,DOC-000412-P0001-P0001-CHK-008668,,REQUIRED,HOLD,AI_ASSISTED_SOURCE_CHECK,2026-08-12T21:10:37+00:00
CLM-11E6AA312AB8F88D17D7,DOC-000016,Fungal community succession and major components change during manufacturing process of Fu brick tea,HIGH_HISTORY_STANDARD_CULTURE,SOURCE_CHECKED_AI_ASSISTED,REJECT_OUT_OF_SCOPE,PUNCTUATION_INSENSITIVE_MATCH,UNSPECIFIED_CONTEXT,MICROBIOLOGY_STUDY,只可表述為《Fungal community succession and major components change during manufacturing process of Fu brick tea》在其自身樣本、方法及條件下的來源記載；研究設計標記為 MICROBIOLOGY_STUDY。本候選不適合轉化為公開知識主張。,目前只有一個來源句與一個相連正文段落，尚未完成獨立來源交叉核對。,DOC-000016-P0001-P0001-CHK-006646,6,NOT_REQUIRED_REJECTED,HOLD,AI_ASSISTED_SOURCE_CHECK,2026-08-12T21:10:37+00:00
CLM-11E8BCDD3FF96DF54A8E,DOC-000016,Fungal community succession and major components change during manufacturing process of Fu brick tea,HIGH_HISTORY_STANDARD_CULTURE,SOURCE_CHECKED_AI_ASSISTED,REJECT_OUT_OF_SCOPE,PUNCTUATION_INSENSITIVE_MATCH,UNSPECIFIED_CONTEXT,MICROBIOLOGY_STUDY,只可表述為《Fungal community succession and major components change during manufacturing process of Fu brick tea》在其自身樣本、方法及條件下的來源記載；研究設計標記為 MICROBIOLOGY_STUDY。本候選不適合轉化為公開知識主張。,目前只有一個來源句與一個相連正文段落，尚未完成獨立來源交叉核對。,DOC-000016-P0001-P0001-CHK-006644,4,NOT_REQUIRED_REJECTED,HOLD,AI_ASSISTED_SOURCE_CHECK,2026-08-12T21:10:37+00:00
CLM-15F14DFCBF3747B662A5,DOC-000016,Fungal community succession and major components change during manufacturing process of Fu brick tea,HIGH_HISTORY_STANDARD_CULTURE,SOURCE_CHECKED_AI_ASSISTED,REJECT_OUT_OF_SCOPE,EXACT_NORMALISED_MATCH,UNSPECIFIED_CONTEXT,MICROBIOLOGY_STUDY,只可表述為《Fungal community succession and major components change during manufacturing process of Fu brick tea》在其自身樣本、方法及條件下的來源記載；研究設計標記為 MICROBIOLOGY_STUDY。本候選不適合轉化為公開知識主張。,目前只有一個來源句與一個相連正文段落，尚未完成獨立來源交叉核對。,DOC-000016-P0001-P0001-CHK-006641,1,NOT_REQUIRED_REJECTED,HOLD,AI_ASSISTED_SOURCE_CHECK,2026-08-12T21:10:37+00:00
CLM-1CCFF49431EAADC9BA39,DOC-000412,Enhanced Fermentation of Pu-Erh Tea with Aspergillus niger : Quality and Microbial Community Analysis.,HIGH_HISTORY_STANDARD_CULTURE,SOURCE_CHECKED_AI_ASSISTED,RETAIN_METHOD_DESCRIPTION,EXACT_NORMALISED_MATCH,METHOD_DESCRIPTION,COMPOSITION_ANALYSIS,只可表述為《Enhanced Fermentation of Pu-Erh Tea with Aspergillus niger : Quality and Microbial Community Analysis.》在其自身樣本、方法及條件下的來源記載；研究設計標記為 COMPOSITION_ANALYSIS。,目前只有一個來源句與一個相連正文段落，尚未完成獨立來源交叉核對。 原件沒有可用 PDF 頁碼，須以標題路徑及段落識別碼定位。,DOC-000412-P0001-P0001-CHK-008672,,REQUIRED,HOLD,AI_ASSISTED_SOURCE_CHECK,2026-08-12T21:10:37+00:00
CLM-20518364DA0D5AB12A61,DOC-000016,Fungal community succession and major components change during manufacturing process of Fu brick tea,HIGH_HISTORY_STANDARD_CULTURE,SOURCE_CHECKED_AI_ASSISTED,REJECT_OUT_OF_SCOPE,EXACT_NORMALISED_MATCH,UNSPECIFIED_CONTEXT,MICROBIOLOGY_STUDY,只可表述為《Fungal community succession and major components change during manufacturing process of Fu brick tea》在其自身樣本、方法及條件下的來源記載；研究設計標記為 MICROBIOLOGY_STUDY。本候選不適合轉化為公開知識主張。,目前只有一個來源句與一個相連正文段落，尚未完成獨立來源交叉核對。,DOC-000016-P0001-P0001-CHK-006646,6,NOT_REQUIRED_REJECTED,HOLD,AI_ASSISTED_SOURCE_CHECK,2026-08-12T21:10:37+00:00
CLM-41CB28902CA41AFFD819,DOC-000412,Enhanced Fermentation of Pu-Erh Tea with Aspergillus niger : Quality and Microbial Community Analysis.,HIGH_HISTORY_STANDARD_CULTURE,SOURCE_CHECKED_AI_ASSISTED,RETAIN_SOURCE_REPORTED_OBSERVATION,EXACT_NORMALISED_MATCH,RESULTS_OBSERVATION,COMPOSITION_ANALYSIS,只可表述為《Enhanced Fermentation of Pu-Erh Tea with Aspergillus niger : Quality and Microbial Community Analysis.》在其自身樣本、方法及條件下的來源記載；研究設計標記為 COMPOSITION_ANALYSIS。,目前只有一個來源句與一個相連正文段落，尚未完成獨立來源交叉核對。 原件沒有可用 PDF 頁碼，須以標題路徑及段落識別碼定位。,DOC-000412-P0001-P0001-CHK-008668,,REQUIRED,HOLD,AI_ASSISTED_SOURCE_CHECK,2026-08-12T21:10:37+00:00
CLM-43D1FF1F6DF26CB51835,DOC-000025,"Microbial Community Dynamics During the Non-filamentous Fungi Growth-Based Fermentation Process of Miang, a Traditional Fermented Tea of North Thailand and Their Product Characterizations",HIGH_HISTORY_STANDARD_CULTURE,SOURCE_CHECKED_AI_ASSISTED,REJECT_OUT_OF_SCOPE,EXACT_NORMALISED_MATCH,UNSPECIFIED_CONTEXT,MICROBIOLOGY_STUDY,"只可表述為《Microbial Community Dynamics During the Non-filamentous Fungi Growth-Based Fermentation Process of Miang, a Traditional Fermented Tea of North Thailand and Their Product Characterizations》在其自身樣本、方法及條件下的來源記載；研究設計標記為 MICROBIOLOGY_STUDY。本候選不適合轉化為公開知識主張。",目前只有一個來源句與一個相連正文段落，尚未完成獨立來源交叉核對。,DOC-000025-P0001-P0001-CHK-006699,1,NOT_REQUIRED_REJECTED,HOLD,AI_ASSISTED_SOURCE_CHECK,2026-08-12T21:10:37+00:00
CLM-4D594DC86A450C502CDE,DOC-000408,Dynamic Evolution of Aroma Characteristics in Ripened Pu-Erh Tea During Industrial Fermentation: Insights from GC-MS and Flavor Wheel Analysis.,HIGH_HISTORY_STANDARD_CULTURE,SOURCE_CHECKED_AI_ASSISTED,RETAIN_SOURCE_REPORTED_OBSERVATION,EXACT_NORMALISED_MATCH,RESULTS_OBSERVATION,MICROBIOLOGY_STUDY,只可表述為《Dynamic Evolution of Aroma Characteristics in Ripened Pu-Erh Tea During Industrial Fermentation: Insights from GC-MS and Flavor Wheel Analysis.》在其自身樣本、方法及條件下的來源記載；研究設計標記為 MICROBIOLOGY_STUDY。,目前只有一個來源句與一個相連正文段落，尚未完成獨立來源交叉核對。 原件沒有可用 PDF 頁碼，須以標題路徑及段落識別碼定位。,DOC-000408-P0003-P0004-CHK-008544,,REQUIRED,HOLD,AI_ASSISTED_SOURCE_CHECK,2026-08-12T21:10:37+00:00
CLM-5885792B8EA524FBE800,DOC-000392,Notes on tea in Darjeeling /by a planter.,HIGH_HISTORY_STANDARD_CULTURE,SOURCE_CHECKED_AI_ASSISTED,REJECT_FRAGMENT_OR_NOISE,EXACT_NORMALISED_MATCH,FRAGMENT_OR_CAPTION,NOT_APPLICABLE_OR_NOT_STATED,只可表述為《Notes on tea in Darjeeling /by a planter.》在其自身樣本、方法及條件下的來源記載；研究設計標記為 NOT_APPLICABLE_OR_NOT_STATED。本候選不適合轉化為公開知識主張。,目前只有一個來源句與一個相連正文段落，尚未完成獨立來源交叉核對。,DOC-000392-P0001-P0001-CHK-007744,72,NOT_REQUIRED_REJECTED,HOLD,AI_ASSISTED_SOURCE_CHECK,2026-08-12T21:10:37+00:00
CLM-6324ACDAC2BE086F7482,DOC-000393,普洱茶加工技术规程,HIGH_HISTORY_STANDARD_CULTURE,SOURCE_CHECKED_AI_ASSISTED,RETAIN_SOURCE_REPORTED_OBSERVATION,EXACT_NORMALISED_MATCH,UNSPECIFIED_CONTEXT,NOT_APPLICABLE_OR_NOT_STATED,只可表述為《普洱茶加工技术规程》在其自身樣本、方法及條件下的來源記載；研究設計標記為 NOT_APPLICABLE_OR_NOT_STATED。,目前只有一個來源句與一個相連正文段落，尚未完成獨立來源交叉核對。,DOC-000393-P0001-P0014-CHK-007902,7,REQUIRED,HOLD,AI_ASSISTED_SOURCE_CHECK,2026-08-12T21:10:37+00:00
CLM-699CBA054B7EB6AF4C9E,DOC-000408,Dynamic Evolution of Aroma Characteristics in Ripened Pu-Erh Tea During Industrial Fermentation: Insights from GC-MS and Flavor Wheel Analysis.,HIGH_HISTORY_STANDARD_CULTURE,SOURCE_CHECKED_AI_ASSISTED,RETAIN_METHOD_DESCRIPTION,EXACT_NORMALISED_MATCH,METHOD_DESCRIPTION,MICROBIOLOGY_STUDY,只可表述為《Dynamic Evolution of Aroma Characteristics in Ripened Pu-Erh Tea During Industrial Fermentation: Insights from GC-MS and Flavor Wheel Analysis.》在其自身樣本、方法及條件下的來源記載；研究設計標記為 MICROBIOLOGY_STUDY。,目前只有一個來源句與一個相連正文段落，尚未完成獨立來源交叉核對。 原件沒有可用 PDF 頁碼，須以標題路徑及段落識別碼定位。,DOC-000408-P0001-P0001-CHK-008532,,REQUIRED,HOLD,AI_ASSISTED_SOURCE_CHECK,2026-08-12T21:10:37+00:00
CLM-9A6BE0F7C7190EB10441,DOC-000408,Dynamic Evolution of Aroma Characteristics in Ripened Pu-Erh Tea During Industrial Fermentation: Insights from GC-MS and Flavor Wheel Analysis.,HIGH_HISTORY_STANDARD_CULTURE,SOURCE_CHECKED_AI_ASSISTED,RETAIN_METHOD_DESCRIPTION,EXACT_NORMALISED_MATCH,METHOD_DESCRIPTION,MICROBIOLOGY_STUDY,只可表述為《Dynamic Evolution of Aroma Characteristics in Ripened Pu-Erh Tea During Industrial Fermentation: Insights from GC-MS and Flavor Wheel Analysis.》在其自身樣本、方法及條件下的來源記載；研究設計標記為 MICROBIOLOGY_STUDY。,目前只有一個來源句與一個相連正文段落，尚未完成獨立來源交叉核對。 原件沒有可用 PDF 頁碼，須以標題路徑及段落識別碼定位。,DOC-000408-P0001-P0001-CHK-008532,,REQUIRED,HOLD,AI_ASSISTED_SOURCE_CHECK,2026-08-12T21:10:37+00:00
CLM-D3266C40EF08A0610ED4,DOC-000408,Dynamic Evolution of Aroma Characteristics in Ripened Pu-Erh Tea During Industrial Fermentation: Insights from GC-MS and Flavor Wheel Analysis.,HIGH_HISTORY_STANDARD_CULTURE,SOURCE_CHECKED_AI_ASSISTED,RETAIN_METHOD_DESCRIPTION,EXACT_NORMALISED_MATCH,METHOD_DESCRIPTION,MICROBIOLOGY_STUDY,只可表述為《Dynamic Evolution of Aroma Characteristics in Ripened Pu-Erh Tea During Industrial Fermentation: Insights from GC-MS and Flavor Wheel Analysis.》在其自身樣本、方法及條件下的來源記載；研究設計標記為 MICROBIOLOGY_STUDY。,目前只有一個來源句與一個相連正文段落，尚未完成獨立來源交叉核對。 原件沒有可用 PDF 頁碼，須以標題路徑及段落識別碼定位。,DOC-000408-P0001-P0001-CHK-008532,,REQUIRED,HOLD,AI_ASSISTED_SOURCE_CHECK,2026-08-12T21:10:37+00:00
CLM-01136855760112EA8465,DOC-000402,"Quantitative descriptive analysis, non-targeted metabolomics and molecular docking reveal the dynamic aging and taste formation mechanism in raw Pu-erh tea during the storage.",MEDIUM_STORAGE_SENSORY,SOURCE_CHECKED_AI_ASSISTED,RETAIN_SOURCE_REPORTED_OBSERVATION,EXACT_NORMALISED_MATCH,RESULTS_OBSERVATION,MICROBIOLOGY_STUDY,"只可表述為《Quantitative descriptive analysis, non-targeted metabolomics and molecular docking reveal the dynamic aging and taste formation mechanism in raw Pu-erh tea during the storage.》在其自身樣本、方法及條件下的來源記載；研究設計標記為 MICROBIOLOGY_STUDY。",目前只有一個來源句與一個相連正文段落，尚未完成獨立來源交叉核對。 原件沒有可用 PDF 頁碼，須以標題路徑及段落識別碼定位。,DOC-000402-P0001-P0002-CHK-008230,,RECOMMENDED,REFERENCE_ONLY,AI_ASSISTED_SOURCE_CHECK,2026-08-12T21:10:37+00:00
CLM-01DA50698FC19F6C5BA5,DOC-000434,Flavor Quality and Lipid-Lowering Function of Mixed Fermented Pu-erh Tea with Various Monascus Species.,MEDIUM_STORAGE_SENSORY,SOURCE_CHECKED_AI_ASSISTED,RETAIN_SOURCE_REPORTED_OBSERVATION,EXACT_NORMALISED_MATCH,RESULTS_OBSERVATION,MICROBIOLOGY_STUDY,只可表述為《Flavor Quality and Lipid-Lowering Function of Mixed Fermented Pu-erh Tea with Various Monascus Species.》在其自身樣本、方法及條件下的來源記載；研究設計標記為 MICROBIOLOGY_STUDY。,目前只有一個來源句與一個相連正文段落，尚未完成獨立來源交叉核對。 原件沒有可用 PDF 頁碼，須以標題路徑及段落識別碼定位。,DOC-000434-P0001-P0002-CHK-009478,,RECOMMENDED,REFERENCE_ONLY,AI_ASSISTED_SOURCE_CHECK,2026-08-12T21:10:37+00:00
CLM-0217A643161BB4E23A39,DOC-000461,Analysis of Volatile Profile and Aromatic Characteristics of Raw Pu-erh Tea during Storage Based on GC-MS and Odor Activity Value.,MEDIUM_STORAGE_SENSORY,SOURCE_CHECKED_AI_ASSISTED,RETAIN_SOURCE_REPORTED_OBSERVATION,EXACT_NORMALISED_MATCH,RESULTS_OBSERVATION,TRADITIONAL_CLAIM,只可表述為《Analysis of Volatile Profile and Aromatic Characteristics of Raw Pu-erh Tea during Storage Based on GC-MS and Odor Activity Value.》在其自身樣本、方法及條件下的來源記載；研究設計標記為 TRADITIONAL_CLAIM。,目前只有一個來源句與一個相連正文段落，尚未完成獨立來源交叉核對。 原件沒有可用 PDF 頁碼，須以標題路徑及段落識別碼定位。,DOC-000461-P0001-P0002-CHK-010441,,RECOMMENDED,REFERENCE_ONLY,AI_ASSISTED_SOURCE_CHECK,2026-08-12T21:10:37+00:00
CLM-02B05D144B5073DA1C60,DOC-000426,Integrated Microbiome-Metabolome Analysis and Functional Strain Validation Reveal Key Biochemical Transformations During Pu-erh Tea Pile Fermentation.,MEDIUM_STORAGE_SENSORY,SOURCE_CHECKED_AI_ASSISTED,RETAIN_SOURCE_REPORTED_OBSERVATION,EXACT_NORMALISED_MATCH,RESULTS_OBSERVATION,MICROBIOLOGY_STUDY,只可表述為《Integrated Microbiome-Metabolome Analysis and Functional Strain Validation Reveal Key Biochemical Transformations During Pu-erh Tea Pile Fermentation.》在其自身樣本、方法及條件下的來源記載；研究設計標記為 MICROBIOLOGY_STUDY。,目前只有一個來源句與一個相連正文段落，尚未完成獨立來源交叉核對。 原件沒有可用 PDF 頁碼，須以標題路徑及段落識別碼定位。,DOC-000426-P0001-P0001-CHK-009181,,RECOMMENDED,REFERENCE_ONLY,AI_ASSISTED_SOURCE_CHECK,2026-08-12T21:10:37+00:00
CLM-05508DEB4A23CD13B208,DOC-000143,Pu'er tea - Wikipedia,MEDIUM_SCIENTIFIC,SOURCE_CHECKED_AI_ASSISTED,RETAIN_SOURCE_REPORTED_OBSERVATION,EXACT_NORMALISED_MATCH,UNSPECIFIED_CONTEXT,MICROBIOLOGY_STUDY,只可表述為《Pu'er tea - Wikipedia》在其自身樣本、方法及條件下的來源記載；研究設計標記為 MICROBIOLOGY_STUDY。,目前只有一個來源句與一個相連正文段落，尚未完成獨立來源交叉核對。 原件沒有可用 PDF 頁碼，須以標題路徑及段落識別碼定位。 來源等級為 D，不可單獨支撐高風險結論。,DOC-000143-P0137-P0140-CHK-006988,,RECOMMENDED,REFERENCE_ONLY,AI_ASSISTED_SOURCE_CHECK,2026-08-12T21:10:37+00:00
CLM-071D510E4180C385D6D3,DOC-000413,Production of theophylline via aerobic fermentation of pu-erh tea using tea-derived fungi.,MEDIUM_SCIENTIFIC,SOURCE_CHECKED_AI_ASSISTED,RETAIN_SOURCE_REPORTED_OBSERVATION,EXACT_NORMALISED_MATCH,RESULTS_OBSERVATION,MICROBIOLOGY_STUDY,只可表述為《Production of theophylline via aerobic fermentation of pu-erh tea using tea-derived fungi.》在其自身樣本、方法及條件下的來源記載；研究設計標記為 MICROBIOLOGY_STUDY。,目前只有一個來源句與一個相連正文段落，尚未完成獨立來源交叉核對。 原件沒有可用 PDF 頁碼，須以標題路徑及段落識別碼定位。,DOC-000413-P0001-P0001-CHK-008700,,RECOMMENDED,REFERENCE_ONLY,AI_ASSISTED_SOURCE_CHECK,2026-08-12T21:10:37+00:00
CLM-07CB4CA08E3DA50B79BA,DOC-000421,"Study on the Functional, Physiological, and Sensory Properties of Coffee Leaf Dark Tea Processed Using the Pile Fermentation Method of Pu-Erh Tea.",MEDIUM_STORAGE_SENSORY,SOURCE_CHECKED_AI_ASSISTED,REJECT_OUT_OF_SCOPE,EXACT_NORMALISED_MATCH,RESULTS_OBSERVATION,IN_VITRO_CHEMICAL,"只可表述為《Study on the Functional, Physiological, and Sensory Properties of Coffee Leaf Dark Tea Processed Using the Pile Fermentation Method of Pu-Erh Tea.》在其自身樣本、方法及條件下的來源記載；研究設計標記為 IN_VITRO_CHEMICAL。本候選不適合轉化為公開知識主張。",目前只有一個來源句與一個相連正文段落，尚未完成獨立來源交叉核對。 原件沒有可用 PDF 頁碼，須以標題路徑及段落識別碼定位。,DOC-000421-P0001-P0002-CHK-009007,,NOT_REQUIRED_REJECTED,HOLD,AI_ASSISTED_SOURCE_CHECK,2026-08-12T21:10:37+00:00
CLM-0A2C2D32B24D45ED7BE1,DOC-000442,Nonstereoselective dissipation of sulfoxaflor in different Puer tea processing.,MEDIUM_SCIENTIFIC,SOURCE_CHECKED_AI_ASSISTED,RETAIN_METHOD_DESCRIPTION,EXACT_NORMALISED_MATCH,METHOD_DESCRIPTION,SAFETY_STUDY,只可表述為《Nonstereoselective dissipation of sulfoxaflor in different Puer tea processing.》在其自身樣本、方法及條件下的來源記載；研究設計標記為 SAFETY_STUDY。,目前只有一個來源句與一個相連正文段落，尚未完成獨立來源交叉核對。 原件沒有可用 PDF 頁碼，須以標題路徑及段落識別碼定位。,DOC-000442-P0001-P0001-CHK-009742,,RECOMMENDED,REFERENCE_ONLY,AI_ASSISTED_SOURCE_CHECK,2026-08-12T21:10:37+00:00
CLM-0DCFF5201133294EAEE9,DOC-000421,"Study on the Functional, Physiological, and Sensory Properties of Coffee Leaf Dark Tea Processed Using the Pile Fermentation Method of Pu-Erh Tea.",MEDIUM_STORAGE_SENSORY,SOURCE_CHECKED_AI_ASSISTED,REJECT_OUT_OF_SCOPE,EXACT_NORMALISED_MATCH,RESULTS_OBSERVATION,IN_VITRO_CHEMICAL,"只可表述為《Study on the Functional, Physiological, and Sensory Properties of Coffee Leaf Dark Tea Processed Using the Pile Fermentation Method of Pu-Erh Tea.》在其自身樣本、方法及條件下的來源記載；研究設計標記為 IN_VITRO_CHEMICAL。本候選不適合轉化為公開知識主張。",目前只有一個來源句與一個相連正文段落，尚未完成獨立來源交叉核對。 原件沒有可用 PDF 頁碼，須以標題路徑及段落識別碼定位。,DOC-000421-P0001-P0002-CHK-009016,,NOT_REQUIRED_REJECTED,HOLD,AI_ASSISTED_SOURCE_CHECK,2026-08-12T21:10:37+00:00
CLM-0E7C034A8504E3309490,DOC-000426,Integrated Microbiome-Metabolome Analysis and Functional Strain Validation Reveal Key Biochemical Transformations During Pu-erh Tea Pile Fermentation.,MEDIUM_STORAGE_SENSORY,SOURCE_CHECKED_AI_ASSISTED,RETAIN_SOURCE_REPORTED_OBSERVATION,EXACT_NORMALISED_MATCH,RESULTS_OBSERVATION,MICROBIOLOGY_STUDY,只可表述為《Integrated Microbiome-Metabolome Analysis and Functional Strain Validation Reveal Key Biochemical Transformations During Pu-erh Tea Pile Fermentation.》在其自身樣本、方法及條件下的來源記載；研究設計標記為 MICROBIOLOGY_STUDY。,目前只有一個來源句與一個相連正文段落，尚未完成獨立來源交叉核對。 原件沒有可用 PDF 頁碼，須以標題路徑及段落識別碼定位。,DOC-000426-P0001-P0001-CHK-009181,,RECOMMENDED,REFERENCE_ONLY,AI_ASSISTED_SOURCE_CHECK,2026-08-12T21:10:37+00:00
CLM-108A895ADAD5E7330C47,DOC-000405,Characterization of Volatile Substances in Pu-erh Tea (Raw Tea) at Different Storage Times.,MEDIUM_STORAGE_SENSORY,SOURCE_CHECKED_AI_ASSISTED,RETAIN_SOURCE_REPORTED_OBSERVATION,EXACT_NORMALISED_MATCH,RESULTS_OBSERVATION,UNKNOWN_RESEARCH_DESIGN,只可表述為《Characterization of Volatile Substances in Pu-erh Tea (Raw Tea) at Different Storage Times.》在其自身樣本、方法及條件下的來源記載；研究設計標記為 UNKNOWN_RESEARCH_DESIGN。,目前只有一個來源句與一個相連正文段落，尚未完成獨立來源交叉核對。 原件沒有可用 PDF 頁碼，須以標題路徑及段落識別碼定位。,DOC-000405-P0001-P0001-CHK-008382,,RECOMMENDED,REFERENCE_ONLY,AI_ASSISTED_SOURCE_CHECK,2026-08-12T21:10:37+00:00
CLM-109CFDDE6E17296BB2F5,DOC-000404,Metabolomic and Sensory Insights into the Aging Mechanism of Ripened Pu-Erh Tea over Nine Years.,MEDIUM_STORAGE_SENSORY,SOURCE_CHECKED_AI_ASSISTED,RETAIN_METHOD_DESCRIPTION,EXACT_NORMALISED_MATCH,METHOD_DESCRIPTION,CORRELATIONAL_ANALYSIS,只可表述為《Metabolomic and Sensory Insights into the Aging Mechanism of Ripened Pu-Erh Tea over Nine Years.》在其自身樣本、方法及條件下的來源記載；研究設計標記為 CORRELATIONAL_ANALYSIS。,目前只有一個來源句與一個相連正文段落，尚未完成獨立來源交叉核對。 原件沒有可用 PDF 頁碼，須以標題路徑及段落識別碼定位。,DOC-000404-P0001-P0001-CHK-008340,,RECOMMENDED,REFERENCE_ONLY,AI_ASSISTED_SOURCE_CHECK,2026-08-12T21:10:37+00:00
CLM-1135BD0EB6F4EC8F8C37,DOC-000425,"Changes in sensory characteristics, chemical composition and microbial succession during fermentation of ancient plants Pu-erh tea.",MEDIUM_STORAGE_SENSORY,SOURCE_CHECKED_AI_ASSISTED,RETAIN_SOURCE_REPORTED_OBSERVATION,EXACT_NORMALISED_MATCH,RESULTS_OBSERVATION,COMPOSITION_ANALYSIS,"只可表述為《Changes in sensory characteristics, chemical composition and microbial succession during fermentation of ancient plants Pu-erh tea.》在其自身樣本、方法及條件下的來源記載；研究設計標記為 COMPOSITION_ANALYSIS。",目前只有一個來源句與一個相連正文段落，尚未完成獨立來源交叉核對。 原件沒有可用 PDF 頁碼，須以標題路徑及段落識別碼定位。,DOC-000425-P0001-P0001-CHK-009135,,RECOMMENDED,REFERENCE_ONLY,AI_ASSISTED_SOURCE_CHECK,2026-08-12T21:10:37+00:00
CLM-117AFF19538F574B144A,DOC-000008,An Integrated Metagenomics/Metaproteomics Investigation of the Microbial Communities and Enzymes in Solid-state Fermentation of Pu-erh tea,MEDIUM_SCIENTIFIC,SOURCE_CHECKED_AI_ASSISTED,RETAIN_AS_INTERPRETATION_ONLY,EXACT_NORMALISED_MATCH,HYPOTHESIS_OR_INFERENCE,MICROBIOLOGY_STUDY,只可表述為《An Integrated Metagenomics/Metaproteomics Investigation of the Microbial Communities and Enzymes in Solid-state Fermentation of Pu-erh tea》在其自身樣本、方法及條件下的來源記載；研究設計標記為 MICROBIOLOGY_STUDY。,目前只有一個來源句與一個相連正文段落，尚未完成獨立來源交叉核對。,DOC-000008-P0001-P0001-CHK-006601,3,RECOMMENDED,REFERENCE_ONLY,AI_ASSISTED_SOURCE_CHECK,2026-08-12T21:10:37+00:00
CLM-122F34693E439E8D2683,DOC-000485,Active Double-Layered Films Enriched with AgNPs in Great Water Dock Root and Pu-Erh Extracts.,MEDIUM_SCIENTIFIC,SOURCE_CHECKED_AI_ASSISTED,DEFER_TO_PRIMARY_SOURCE,EXACT_NORMALISED_MATCH,INTRODUCTION_BACKGROUND,MICROBIOLOGY_STUDY,只可表述為《Active Double-Layered Films Enriched with AgNPs in Great Water Dock Root and Pu-Erh Extracts.》在其自身樣本、方法及條件下的來源記載；研究設計標記為 MICROBIOLOGY_STUDY。本句位於背景或轉述語境，發布前須追查原始被引來源。,目前只有一個來源句與一個相連正文段落，尚未完成獨立來源交叉核對。 原件沒有可用 PDF 頁碼，須以標題路徑及段落識別碼定位。 句子可能只是作者概述或引用他人研究，不能把本文當作原始證據。,DOC-000485-P0003-P0004-CHK-011212,,RECOMMENDED,HOLD,AI_ASSISTED_SOURCE_CHECK,2026-08-12T21:10:37+00:00
CLM-1815F02CCF6BB1F8EF3F,DOC-000003,Integrated Meta-omics Approaches To Understand the Microbiome of Spontaneous Fermentation of Traditional Chinese Pu-erh Tea - PMC,MEDIUM_SCIENTIFIC,SOURCE_CHECKED_AI_ASSISTED,RETAIN_SOURCE_REPORTED_OBSERVATION,EXACT_NORMALISED_MATCH,UNSPECIFIED_CONTEXT,MICROBIOLOGY_STUDY,只可表述為《Integrated Meta-omics Approaches To Understand the Microbiome of Spontaneous Fermentation of Traditional Chinese Pu-erh Tea - PMC》在其自身樣本、方法及條件下的來源記載；研究設計標記為 MICROBIOLOGY_STUDY。,目前只有一個來源句與一個相連正文段落，尚未完成獨立來源交叉核對。 原件沒有可用 PDF 頁碼，須以標題路徑及段落識別碼定位。,DOC-000003-P0109-P0110-CHK-006479,,RECOMMENDED,REFERENCE_ONLY,AI_ASSISTED_SOURCE_CHECK,2026-08-12T21:10:37+00:00
CLM-1934655A41C0E3F93B0F,DOC-000023,Chemical profile changes during pile fermentation of Qingzhuan tea affect inhibition of α-amylase and lipase,MEDIUM_SCIENTIFIC,SOURCE_CHECKED_AI_ASSISTED,REJECT_OUT_OF_SCOPE,PUNCTUATION_INSENSITIVE_MATCH,UNSPECIFIED_CONTEXT,CORRELATIONAL_ANALYSIS,只可表述為《Chemical profile changes during pile fermentation of Qingzhuan tea affect inhibition of α-amylase and lipase》在其自身樣本、方法及條件下的來源記載；研究設計標記為 CORRELATIONAL_ANALYSIS。本候選不適合轉化為公開知識主張。,目前只有一個來源句與一個相連正文段落，尚未完成獨立來源交叉核對。,DOC-000023-P0001-P0001-CHK-006692,6,NOT_REQUIRED_REJECTED,HOLD,AI_ASSISTED_SOURCE_CHECK,2026-08-12T21:10:37+00:00
CLM-1BC669927DBCEBD99AD4,DOC-000406,Multiscale mechanistic insights into sonochemical energy coupling and flavor evolution in Pu‑erh tea.,MEDIUM_STORAGE_SENSORY,SOURCE_CHECKED_AI_ASSISTED,RETAIN_SOURCE_REPORTED_OBSERVATION,EXACT_NORMALISED_MATCH,RESULTS_OBSERVATION,MICROBIOLOGY_STUDY,只可表述為《Multiscale mechanistic insights into sonochemical energy coupling and flavor evolution in Pu‑erh tea.》在其自身樣本、方法及條件下的來源記載；研究設計標記為 MICROBIOLOGY_STUDY。,目前只有一個來源句與一個相連正文段落，尚未完成獨立來源交叉核對。 原件沒有可用 PDF 頁碼，須以標題路徑及段落識別碼定位。,DOC-000406-P0001-P0001-CHK-008483,,RECOMMENDED,REFERENCE_ONLY,AI_ASSISTED_SOURCE_CHECK,2026-08-12T21:10:37+00:00
CLM-1BC957CDD0FD3FB1F4D8,DOC-000003,Integrated Meta-omics Approaches To Understand the Microbiome of Spontaneous Fermentation of Traditional Chinese Pu-erh Tea - PMC,MEDIUM_SCIENTIFIC,SOURCE_CHECKED_AI_ASSISTED,RETAIN_SOURCE_REPORTED_OBSERVATION,EXACT_NORMALISED_MATCH,UNSPECIFIED_CONTEXT,MICROBIOLOGY_STUDY,只可表述為《Integrated Meta-omics Approaches To Understand the Microbiome of Spontaneous Fermentation of Traditional Chinese Pu-erh Tea - PMC》在其自身樣本、方法及條件下的來源記載；研究設計標記為 MICROBIOLOGY_STUDY。,目前只有一個來源句與一個相連正文段落，尚未完成獨立來源交叉核對。 原件沒有可用 PDF 頁碼，須以標題路徑及段落識別碼定位。,DOC-000003-P0069-P0070-CHK-006468,,RECOMMENDED,REFERENCE_ONLY,AI_ASSISTED_SOURCE_CHECK,2026-08-12T21:10:37+00:00
CLM-1F7F59C6275608647440,DOC-000003,Integrated Meta-omics Approaches To Understand the Microbiome of Spontaneous Fermentation of Traditional Chinese Pu-erh Tea - PMC,MEDIUM_SCIENTIFIC,SOURCE_CHECKED_AI_ASSISTED,RETAIN_SOURCE_REPORTED_OBSERVATION,EXACT_NORMALISED_MATCH,UNSPECIFIED_CONTEXT,MICROBIOLOGY_STUDY,只可表述為《Integrated Meta-omics Approaches To Understand the Microbiome of Spontaneous Fermentation of Traditional Chinese Pu-erh Tea - PMC》在其自身樣本、方法及條件下的來源記載；研究設計標記為 MICROBIOLOGY_STUDY。,目前只有一個來源句與一個相連正文段落，尚未完成獨立來源交叉核對。 原件沒有可用 PDF 頁碼，須以標題路徑及段落識別碼定位。,DOC-000003-P0098-P0100-CHK-006474,,RECOMMENDED,REFERENCE_ONLY,AI_ASSISTED_SOURCE_CHECK,2026-08-12T21:10:37+00:00
CLM-22B1F28D50983CD2F3D2,DOC-000485,Active Double-Layered Films Enriched with AgNPs in Great Water Dock Root and Pu-Erh Extracts.,MEDIUM_SCIENTIFIC,SOURCE_CHECKED_AI_ASSISTED,DEFER_TO_PRIMARY_SOURCE,EXACT_NORMALISED_MATCH,INTRODUCTION_BACKGROUND,MICROBIOLOGY_STUDY,只可表述為《Active Double-Layered Films Enriched with AgNPs in Great Water Dock Root and Pu-Erh Extracts.》在其自身樣本、方法及條件下的來源記載；研究設計標記為 MICROBIOLOGY_STUDY。本句位於背景或轉述語境，發布前須追查原始被引來源。,目前只有一個來源句與一個相連正文段落，尚未完成獨立來源交叉核對。 原件沒有可用 PDF 頁碼，須以標題路徑及段落識別碼定位。 句子可能只是作者概述或引用他人研究，不能把本文當作原始證據。,DOC-000485-P0002-P0003-CHK-011211,,RECOMMENDED,HOLD,AI_ASSISTED_SOURCE_CHECK,2026-08-12T21:10:37+00:00
CLM-2354E8726F9746EB20BE,DOC-000003,Integrated Meta-omics Approaches To Understand the Microbiome of Spontaneous Fermentation of Traditional Chinese Pu-erh Tea - PMC,MEDIUM_SCIENTIFIC,SOURCE_CHECKED_AI_ASSISTED,RETAIN_SOURCE_REPORTED_OBSERVATION,EXACT_NORMALISED_MATCH,UNSPECIFIED_CONTEXT,MICROBIOLOGY_STUDY,只可表述為《Integrated Meta-omics Approaches To Understand the Microbiome of Spontaneous Fermentation of Traditional Chinese Pu-erh Tea - PMC》在其自身樣本、方法及條件下的來源記載；研究設計標記為 MICROBIOLOGY_STUDY。,目前只有一個來源句與一個相連正文段落，尚未完成獨立來源交叉核對。 原件沒有可用 PDF 頁碼，須以標題路徑及段落識別碼定位。,DOC-000003-P0095-P0098-CHK-006473,,RECOMMENDED,REFERENCE_ONLY,AI_ASSISTED_SOURCE_CHECK,2026-08-12T21:10:37+00:00
CLM-2382DB161B210E34F255,DOC-000404,Metabolomic and Sensory Insights into the Aging Mechanism of Ripened Pu-Erh Tea over Nine Years.,MEDIUM_STORAGE_SENSORY,SOURCE_CHECKED_AI_ASSISTED,RETAIN_SOURCE_REPORTED_OBSERVATION,EXACT_NORMALISED_MATCH,RESULTS_OBSERVATION,CORRELATIONAL_ANALYSIS,只可表述為《Metabolomic and Sensory Insights into the Aging Mechanism of Ripened Pu-Erh Tea over Nine Years.》在其自身樣本、方法及條件下的來源記載；研究設計標記為 CORRELATIONAL_ANALYSIS。,目前只有一個來源句與一個相連正文段落，尚未完成獨立來源交叉核對。 原件沒有可用 PDF 頁碼，須以標題路徑及段落識別碼定位。,DOC-000404-P0001-P0001-CHK-008319,,RECOMMENDED,REFERENCE_ONLY,AI_ASSISTED_SOURCE_CHECK,2026-08-12T21:10:37+00:00
CLM-255967C94628373F6126,DOC-000442,Nonstereoselective dissipation of sulfoxaflor in different Puer tea processing.,MEDIUM_SCIENTIFIC,SOURCE_CHECKED_AI_ASSISTED,RETAIN_SOURCE_REPORTED_OBSERVATION,EXACT_NORMALISED_MATCH,RESULTS_OBSERVATION,SAFETY_STUDY,只可表述為《Nonstereoselective dissipation of sulfoxaflor in different Puer tea processing.》在其自身樣本、方法及條件下的來源記載；研究設計標記為 SAFETY_STUDY。,目前只有一個來源句與一個相連正文段落，尚未完成獨立來源交叉核對。 原件沒有可用 PDF 頁碼，須以標題路徑及段落識別碼定位。,DOC-000442-P0001-P0001-CHK-009750,,RECOMMENDED,REFERENCE_ONLY,AI_ASSISTED_SOURCE_CHECK,2026-08-12T21:10:37+00:00
CLM-2857A48A45ABE7720FFE,DOC-000018,"Dissecting the role of microorganisms in tea production of different fermentation levels: a multifaceted review of their action mechanisms, quality attributes and future perspectives",MEDIUM_SCIENTIFIC,SOURCE_CHECKED_AI_ASSISTED,RETAIN_SOURCE_REPORTED_OBSERVATION,EXACT_NORMALISED_MATCH,UNSPECIFIED_CONTEXT,NARRATIVE_REVIEW,"只可表述為《Dissecting the role of microorganisms in tea production of different fermentation levels: a multifaceted review of their action mechanisms, quality attributes and future perspectives》在其自身樣本、方法及條件下的來源記載；研究設計標記為 NARRATIVE_REVIEW。",目前只有一個來源句與一個相連正文段落，尚未完成獨立來源交叉核對。,DOC-000018-P0001-P0001-CHK-006671,3,RECOMMENDED,REFERENCE_ONLY,AI_ASSISTED_SOURCE_CHECK,2026-08-12T21:10:37+00:00
CLM-29B8258D4CB94847482C,DOC-000023,Chemical profile changes during pile fermentation of Qingzhuan tea affect inhibition of α-amylase and lipase,MEDIUM_SCIENTIFIC,SOURCE_CHECKED_AI_ASSISTED,REJECT_OUT_OF_SCOPE,PUNCTUATION_INSENSITIVE_MATCH,UNSPECIFIED_CONTEXT,CORRELATIONAL_ANALYSIS,只可表述為《Chemical profile changes during pile fermentation of Qingzhuan tea affect inhibition of α-amylase and lipase》在其自身樣本、方法及條件下的來源記載；研究設計標記為 CORRELATIONAL_ANALYSIS。本候選不適合轉化為公開知識主張。,目前只有一個來源句與一個相連正文段落，尚未完成獨立來源交叉核對。,DOC-000023-P0001-P0001-CHK-006692,6,NOT_REQUIRED_REJECTED,HOLD,AI_ASSISTED_SOURCE_CHECK,2026-08-12T21:10:37+00:00
CLM-2AB536E7E665FA0B46CD,DOC-000406,Multiscale mechanistic insights into sonochemical energy coupling and flavor evolution in Pu‑erh tea.,MEDIUM_STORAGE_SENSORY,SOURCE_CHECKED_AI_ASSISTED,RETAIN_SOURCE_REPORTED_OBSERVATION,EXACT_NORMALISED_MATCH,RESULTS_OBSERVATION,MICROBIOLOGY_STUDY,只可表述為《Multiscale mechanistic insights into sonochemical energy coupling and flavor evolution in Pu‑erh tea.》在其自身樣本、方法及條件下的來源記載；研究設計標記為 MICROBIOLOGY_STUDY。,目前只有一個來源句與一個相連正文段落，尚未完成獨立來源交叉核對。 原件沒有可用 PDF 頁碼，須以標題路徑及段落識別碼定位。,DOC-000406-P0001-P0001-CHK-008451,,RECOMMENDED,REFERENCE_ONLY,AI_ASSISTED_SOURCE_CHECK,2026-08-12T21:10:37+00:00
CLM-2FFF16628905FA24C2A2,DOC-000008,An Integrated Metagenomics/Metaproteomics Investigation of the Microbial Communities and Enzymes in Solid-state Fermentation of Pu-erh tea,MEDIUM_SCIENTIFIC,SOURCE_CHECKED_AI_ASSISTED,RETAIN_SOURCE_REPORTED_OBSERVATION,EXACT_NORMALISED_MATCH,UNSPECIFIED_CONTEXT,MICROBIOLOGY_STUDY,只可表述為《An Integrated Metagenomics/Metaproteomics Investigation of the Microbial Communities and Enzymes in Solid-state Fermentation of Pu-erh tea》在其自身樣本、方法及條件下的來源記載；研究設計標記為 MICROBIOLOGY_STUDY。,目前只有一個來源句與一個相連正文段落，尚未完成獨立來源交叉核對。,DOC-000008-P0001-P0001-CHK-006599,1,RECOMMENDED,REFERENCE_ONLY,AI_ASSISTED_SOURCE_CHECK,2026-08-12T21:10:37+00:00
CLM-304017DDD6C8BAF821AB,DOC-000432,Headspace solid-phase microextraction coupled with gas chromatography-mass spectrometry (HS-SPME-GC-MS) and odor activity value (OAV) to reveal the flavor characteristics of ripened Pu-erh tea by co-fermentation.,MEDIUM_STORAGE_SENSORY,SOURCE_CHECKED_AI_ASSISTED,RETAIN_METHOD_DESCRIPTION,EXACT_NORMALISED_MATCH,METHOD_DESCRIPTION,MICROBIOLOGY_STUDY,只可表述為《Headspace solid-phase microextraction coupled with gas chromatography-mass spectrometry (HS-SPME-GC-MS) and odor activity value (OAV) to reveal the flavor characteristics of ripened Pu-erh tea by co-fermentation.》在其自身樣本、方法及條件下的來源記載；研究設計標記為 MICROBIOLOGY_STUDY。,目前只有一個來源句與一個相連正文段落，尚未完成獨立來源交叉核對。 原件沒有可用 PDF 頁碼，須以標題路徑及段落識別碼定位。,DOC-000432-P0001-P0001-CHK-009396,,RECOMMENDED,REFERENCE_ONLY,AI_ASSISTED_SOURCE_CHECK,2026-08-12T21:10:37+00:00
CLM-31291FB343AF070CCFA0,DOC-000143,Pu'er tea - Wikipedia,MEDIUM_SCIENTIFIC,SOURCE_CHECKED_AI_ASSISTED,RETAIN_SOURCE_REPORTED_OBSERVATION,EXACT_NORMALISED_MATCH,UNSPECIFIED_CONTEXT,MICROBIOLOGY_STUDY,只可表述為《Pu'er tea - Wikipedia》在其自身樣本、方法及條件下的來源記載；研究設計標記為 MICROBIOLOGY_STUDY。,目前只有一個來源句與一個相連正文段落，尚未完成獨立來源交叉核對。 原件沒有可用 PDF 頁碼，須以標題路徑及段落識別碼定位。 來源等級為 D，不可單獨支撐高風險結論。,DOC-000143-P0145-P0148-CHK-006990,,RECOMMENDED,REFERENCE_ONLY,AI_ASSISTED_SOURCE_CHECK,2026-08-12T21:10:37+00:00
CLM-32E242D18D60A8FDB66F,DOC-000425,"Changes in sensory characteristics, chemical composition and microbial succession during fermentation of ancient plants Pu-erh tea.",MEDIUM_STORAGE_SENSORY,SOURCE_CHECKED_AI_ASSISTED,RETAIN_METHOD_DESCRIPTION,EXACT_NORMALISED_MATCH,METHOD_DESCRIPTION,COMPOSITION_ANALYSIS,"只可表述為《Changes in sensory characteristics, chemical composition and microbial succession during fermentation of ancient plants Pu-erh tea.》在其自身樣本、方法及條件下的來源記載；研究設計標記為 COMPOSITION_ANALYSIS。",目前只有一個來源句與一個相連正文段落，尚未完成獨立來源交叉核對。 原件沒有可用 PDF 頁碼，須以標題路徑及段落識別碼定位。,DOC-000425-P0001-P0002-CHK-009125,,RECOMMENDED,REFERENCE_ONLY,AI_ASSISTED_SOURCE_CHECK,2026-08-12T21:10:37+00:00
CLM-3340700216E0D6F415DB,DOC-000413,Production of theophylline via aerobic fermentation of pu-erh tea using tea-derived fungi.,MEDIUM_SCIENTIFIC,SOURCE_CHECKED_AI_ASSISTED,RETAIN_SOURCE_REPORTED_OBSERVATION,EXACT_NORMALISED_MATCH,RESULTS_OBSERVATION,MICROBIOLOGY_STUDY,只可表述為《Production of theophylline via aerobic fermentation of pu-erh tea using tea-derived fungi.》在其自身樣本、方法及條件下的來源記載；研究設計標記為 MICROBIOLOGY_STUDY。,目前只有一個來源句與一個相連正文段落，尚未完成獨立來源交叉核對。 原件沒有可用 PDF 頁碼，須以標題路徑及段落識別碼定位。,DOC-000413-P0001-P0001-CHK-008699,,RECOMMENDED,REFERENCE_ONLY,AI_ASSISTED_SOURCE_CHECK,2026-08-12T21:10:37+00:00
CLM-33CA6CF27CDA98DDFCD7,DOC-000454,Inhibitory effects of pu-erh tea on alpha glucosidase and alpha amylase: a systemic review.,MEDIUM_SCIENTIFIC,SOURCE_CHECKED_AI_ASSISTED,RETAIN_SOURCE_REPORTED_OBSERVATION,EXACT_NORMALISED_MATCH,RESULTS_OBSERVATION,NARRATIVE_REVIEW,只可表述為《Inhibitory effects of pu-erh tea on alpha glucosidase and alpha amylase: a systemic review.》在其自身樣本、方法及條件下的來源記載；研究設計標記為 NARRATIVE_REVIEW。,目前只有一個來源句與一個相連正文段落，尚未完成獨立來源交叉核對。 原件沒有可用 PDF 頁碼，須以標題路徑及段落識別碼定位。,DOC-000454-P0001-P0003-CHK-010181,,RECOMMENDED,REFERENCE_ONLY,AI_ASSISTED_SOURCE_CHECK,2026-08-12T21:10:37+00:00
CLM-33CEACA4AA6A6D487579,DOC-000023,Chemical profile changes during pile fermentation of Qingzhuan tea affect inhibition of α-amylase and lipase,MEDIUM_SCIENTIFIC,SOURCE_CHECKED_AI_ASSISTED,REJECT_OUT_OF_SCOPE,EXACT_NORMALISED_MATCH,UNSPECIFIED_CONTEXT,CORRELATIONAL_ANALYSIS,只可表述為《Chemical profile changes during pile fermentation of Qingzhuan tea affect inhibition of α-amylase and lipase》在其自身樣本、方法及條件下的來源記載；研究設計標記為 CORRELATIONAL_ANALYSIS。本候選不適合轉化為公開知識主張。,目前只有一個來源句與一個相連正文段落，尚未完成獨立來源交叉核對。,DOC-000023-P0001-P0001-CHK-006687,1,NOT_REQUIRED_REJECTED,HOLD,AI_ASSISTED_SOURCE_CHECK,2026-08-12T21:10:37+00:00
CLM-341B4D5C0D943FB2FB14,DOC-000402,"Quantitative descriptive analysis, non-targeted metabolomics and molecular docking reveal the dynamic aging and taste formation mechanism in raw Pu-erh tea during the storage.",MEDIUM_STORAGE_SENSORY,SOURCE_CHECKED_AI_ASSISTED,RETAIN_SOURCE_REPORTED_OBSERVATION,EXACT_NORMALISED_MATCH,RESULTS_OBSERVATION,MICROBIOLOGY_STUDY,"只可表述為《Quantitative descriptive analysis, non-targeted metabolomics and molecular docking reveal the dynamic aging and taste formation mechanism in raw Pu-erh tea during the storage.》在其自身樣本、方法及條件下的來源記載；研究設計標記為 MICROBIOLOGY_STUDY。",目前只有一個來源句與一個相連正文段落，尚未完成獨立來源交叉核對。 原件沒有可用 PDF 頁碼，須以標題路徑及段落識別碼定位。,DOC-000402-P0001-P0001-CHK-008240,,RECOMMENDED,REFERENCE_ONLY,AI_ASSISTED_SOURCE_CHECK,2026-08-12T21:10:37+00:00
CLM-356D2350AE24A2DA4000,DOC-000143,Pu'er tea - Wikipedia,MEDIUM_SCIENTIFIC,SOURCE_CHECKED_AI_ASSISTED,RETAIN_SOURCE_REPORTED_OBSERVATION,EXACT_NORMALISED_MATCH,UNSPECIFIED_CONTEXT,MICROBIOLOGY_STUDY,只可表述為《Pu'er tea - Wikipedia》在其自身樣本、方法及條件下的來源記載；研究設計標記為 MICROBIOLOGY_STUDY。,目前只有一個來源句與一個相連正文段落，尚未完成獨立來源交叉核對。 原件沒有可用 PDF 頁碼，須以標題路徑及段落識別碼定位。 來源等級為 D，不可單獨支撐高風險結論。,DOC-000143-P0270-P0273-CHK-007025,,RECOMMENDED,REFERENCE_ONLY,AI_ASSISTED_SOURCE_CHECK,2026-08-12T21:10:37+00:00
CLM-36E725BAE7442A9CCA3C,DOC-000018,"Dissecting the role of microorganisms in tea production of different fermentation levels: a multifaceted review of their action mechanisms, quality attributes and future perspectives",MEDIUM_SCIENTIFIC,SOURCE_CHECKED_AI_ASSISTED,RETAIN_SOURCE_REPORTED_OBSERVATION,EXACT_NORMALISED_MATCH,UNSPECIFIED_CONTEXT,NARRATIVE_REVIEW,"只可表述為《Dissecting the role of microorganisms in tea production of different fermentation levels: a multifaceted review of their action mechanisms, quality attributes and future perspectives》在其自身樣本、方法及條件下的來源記載；研究設計標記為 NARRATIVE_REVIEW。",目前只有一個來源句與一個相連正文段落，尚未完成獨立來源交叉核對。,DOC-000018-P0001-P0001-CHK-006671,3,RECOMMENDED,REFERENCE_ONLY,AI_ASSISTED_SOURCE_CHECK,2026-08-12T21:10:37+00:00
CLM-372FCF50DA90598EB1F2,DOC-000405,Characterization of Volatile Substances in Pu-erh Tea (Raw Tea) at Different Storage Times.,MEDIUM_STORAGE_SENSORY,SOURCE_CHECKED_AI_ASSISTED,RETAIN_METHOD_DESCRIPTION,EXACT_NORMALISED_MATCH,METHOD_DESCRIPTION,UNKNOWN_RESEARCH_DESIGN,只可表述為《Characterization of Volatile Substances in Pu-erh Tea (Raw Tea) at Different Storage Times.》在其自身樣本、方法及條件下的來源記載；研究設計標記為 UNKNOWN_RESEARCH_DESIGN。,目前只有一個來源句與一個相連正文段落，尚未完成獨立來源交叉核對。 原件沒有可用 PDF 頁碼，須以標題路徑及段落識別碼定位。,DOC-000405-P0001-P0001-CHK-008368,,RECOMMENDED,REFERENCE_ONLY,AI_ASSISTED_SOURCE_CHECK,2026-08-12T21:10:37+00:00
CLM-3B046C917031EFDA029A,DOC-000432,Headspace solid-phase microextraction coupled with gas chromatography-mass spectrometry (HS-SPME-GC-MS) and odor activity value (OAV) to reveal the flavor characteristics of ripened Pu-erh tea by co-fermentation.,MEDIUM_STORAGE_SENSORY,SOURCE_CHECKED_AI_ASSISTED,RETAIN_SOURCE_REPORTED_OBSERVATION,EXACT_NORMALISED_MATCH,RESULTS_OBSERVATION,MICROBIOLOGY_STUDY,只可表述為《Headspace solid-phase microextraction coupled with gas chromatography-mass spectrometry (HS-SPME-GC-MS) and odor activity value (OAV) to reveal the flavor characteristics of ripened Pu-erh tea by co-fermentation.》在其自身樣本、方法及條件下的來源記載；研究設計標記為 MICROBIOLOGY_STUDY。,目前只有一個來源句與一個相連正文段落，尚未完成獨立來源交叉核對。 原件沒有可用 PDF 頁碼，須以標題路徑及段落識別碼定位。,DOC-000432-P0001-P0001-CHK-009407,,RECOMMENDED,REFERENCE_ONLY,AI_ASSISTED_SOURCE_CHECK,2026-08-12T21:10:37+00:00
CLM-3E3865AFFCF393CBB928,DOC-000432,Headspace solid-phase microextraction coupled with gas chromatography-mass spectrometry (HS-SPME-GC-MS) and odor activity value (OAV) to reveal the flavor characteristics of ripened Pu-erh tea by co-fermentation.,MEDIUM_STORAGE_SENSORY,SOURCE_CHECKED_AI_ASSISTED,RETAIN_SOURCE_REPORTED_OBSERVATION,EXACT_NORMALISED_MATCH,RESULTS_OBSERVATION,MICROBIOLOGY_STUDY,只可表述為《Headspace solid-phase microextraction coupled with gas chromatography-mass spectrometry (HS-SPME-GC-MS) and odor activity value (OAV) to reveal the flavor characteristics of ripened Pu-erh tea by co-fermentation.》在其自身樣本、方法及條件下的來源記載；研究設計標記為 MICROBIOLOGY_STUDY。,目前只有一個來源句與一個相連正文段落，尚未完成獨立來源交叉核對。 原件沒有可用 PDF 頁碼，須以標題路徑及段落識別碼定位。,DOC-000432-P0001-P0002-CHK-009410,,RECOMMENDED,REFERENCE_ONLY,AI_ASSISTED_SOURCE_CHECK,2026-08-12T21:10:37+00:00
CLM-413D02B3F1AEC6D637BB,DOC-000425,"Changes in sensory characteristics, chemical composition and microbial succession during fermentation of ancient plants Pu-erh tea.",MEDIUM_STORAGE_SENSORY,SOURCE_CHECKED_AI_ASSISTED,RETAIN_SOURCE_REPORTED_OBSERVATION,EXACT_NORMALISED_MATCH,RESULTS_OBSERVATION,COMPOSITION_ANALYSIS,"只可表述為《Changes in sensory characteristics, chemical composition and microbial succession during fermentation of ancient plants Pu-erh tea.》在其自身樣本、方法及條件下的來源記載；研究設計標記為 COMPOSITION_ANALYSIS。",目前只有一個來源句與一個相連正文段落，尚未完成獨立來源交叉核對。 原件沒有可用 PDF 頁碼，須以標題路徑及段落識別碼定位。,DOC-000425-P0001-P0001-CHK-009145,,RECOMMENDED,REFERENCE_ONLY,AI_ASSISTED_SOURCE_CHECK,2026-08-12T21:10:37+00:00
CLM-41E42479655D5CDF0CC8,DOC-000398,Salting-out re-distillation combined with sensory-directed analysis to recover odor-active compounds for improving the flavor quality of instant Pu-erh tea.,MEDIUM_STORAGE_SENSORY,SOURCE_CHECKED_AI_ASSISTED,RETAIN_SOURCE_REPORTED_OBSERVATION,EXACT_NORMALISED_MATCH,RESULTS_OBSERVATION,MICROBIOLOGY_STUDY,只可表述為《Salting-out re-distillation combined with sensory-directed analysis to recover odor-active compounds for improving the flavor quality of instant Pu-erh tea.》在其自身樣本、方法及條件下的來源記載；研究設計標記為 MICROBIOLOGY_STUDY。,目前只有一個來源句與一個相連正文段落，尚未完成獨立來源交叉核對。 原件沒有可用 PDF 頁碼，須以標題路徑及段落識別碼定位。,DOC-000398-P0001-P0002-CHK-008117,,RECOMMENDED,REFERENCE_ONLY,AI_ASSISTED_SOURCE_CHECK,2026-08-12T21:10:37+00:00
CLM-4227F4F5E54F68B73E03,DOC-000425,"Changes in sensory characteristics, chemical composition and microbial succession during fermentation of ancient plants Pu-erh tea.",MEDIUM_STORAGE_SENSORY,SOURCE_CHECKED_AI_ASSISTED,RETAIN_SOURCE_REPORTED_OBSERVATION,EXACT_NORMALISED_MATCH,RESULTS_OBSERVATION,COMPOSITION_ANALYSIS,"只可表述為《Changes in sensory characteristics, chemical composition and microbial succession during fermentation of ancient plants Pu-erh tea.》在其自身樣本、方法及條件下的來源記載；研究設計標記為 COMPOSITION_ANALYSIS。",目前只有一個來源句與一個相連正文段落，尚未完成獨立來源交叉核對。 原件沒有可用 PDF 頁碼，須以標題路徑及段落識別碼定位。,DOC-000425-P0001-P0001-CHK-009143,,RECOMMENDED,REFERENCE_ONLY,AI_ASSISTED_SOURCE_CHECK,2026-08-12T21:10:37+00:00
CLM-43C39C4CA76245884090,DOC-000413,Production of theophylline via aerobic fermentation of pu-erh tea using tea-derived fungi.,MEDIUM_SCIENTIFIC,SOURCE_CHECKED_AI_ASSISTED,RETAIN_SOURCE_REPORTED_OBSERVATION,EXACT_NORMALISED_MATCH,RESULTS_OBSERVATION,MICROBIOLOGY_STUDY,只可表述為《Production of theophylline via aerobic fermentation of pu-erh tea using tea-derived fungi.》在其自身樣本、方法及條件下的來源記載；研究設計標記為 MICROBIOLOGY_STUDY。,目前只有一個來源句與一個相連正文段落，尚未完成獨立來源交叉核對。 原件沒有可用 PDF 頁碼，須以標題路徑及段落識別碼定位。,DOC-000413-P0001-P0001-CHK-008697,,RECOMMENDED,REFERENCE_ONLY,AI_ASSISTED_SOURCE_CHECK,2026-08-12T21:10:37+00:00
CLM-45808CDC30A275BAB167,DOC-000478,Initial Sugar Concentration on Sensory Characteristics of Raw Pu-Erh Tea Kombucha and Multi-Omics Analysis of the Fermentation Process Under Optimal Sugar Concentration.,MEDIUM_STORAGE_SENSORY,SOURCE_CHECKED_AI_ASSISTED,REJECT_OUT_OF_SCOPE,EXACT_NORMALISED_MATCH,METHOD_DESCRIPTION,MICROBIOLOGY_STUDY,只可表述為《Initial Sugar Concentration on Sensory Characteristics of Raw Pu-Erh Tea Kombucha and Multi-Omics Analysis of the Fermentation Process Under Optimal Sugar Concentration.》在其自身樣本、方法及條件下的來源記載；研究設計標記為 MICROBIOLOGY_STUDY。本候選不適合轉化為公開知識主張。,目前只有一個來源句與一個相連正文段落，尚未完成獨立來源交叉核對。 原件沒有可用 PDF 頁碼，須以標題路徑及段落識別碼定位。,DOC-000478-P0001-P0001-CHK-010968,,NOT_REQUIRED_REJECTED,HOLD,AI_ASSISTED_SOURCE_CHECK,2026-08-12T21:10:37+00:00
CLM-4603B529BDC78F4DA41A,DOC-000414,Enantioselectivity and residue analysis of cycloxaprid and its metabolite in the pile and fermentation processing of Puer tea by ultraperformance liquid chromatography-high-resolution mass spectrometry.,MEDIUM_SCIENTIFIC,SOURCE_CHECKED_AI_ASSISTED,RETAIN_METHOD_DESCRIPTION,EXACT_NORMALISED_MATCH,METHOD_DESCRIPTION,SAFETY_STUDY,只可表述為《Enantioselectivity and residue analysis of cycloxaprid and its metabolite in the pile and fermentation processing of Puer tea by ultraperformance liquid chromatography-high-resolution mass spectrometry.》在其自身樣本、方法及條件下的來源記載；研究設計標記為 SAFETY_STUDY。,目前只有一個來源句與一個相連正文段落，尚未完成獨立來源交叉核對。 原件沒有可用 PDF 頁碼，須以標題路徑及段落識別碼定位。,DOC-000414-P0001-P0001-CHK-008742,,RECOMMENDED,REFERENCE_ONLY,AI_ASSISTED_SOURCE_CHECK,2026-08-12T21:10:37+00:00
CLM-4BDDB428A15BF90C96A5,DOC-000477,Transcriptome Profile Reveals that Pu-Erh Tea Represses the Expression of Vitellogenin Family to Reduce Fat Accumulation in Caenorhabditis elegans.,MEDIUM_STORAGE_SENSORY,SOURCE_CHECKED_AI_ASSISTED,RETAIN_SOURCE_REPORTED_OBSERVATION,EXACT_NORMALISED_MATCH,RESULTS_OBSERVATION,UNKNOWN_RESEARCH_DESIGN,只可表述為《Transcriptome Profile Reveals that Pu-Erh Tea Represses the Expression of Vitellogenin Family to Reduce Fat Accumulation in Caenorhabditis elegans.》在其自身樣本、方法及條件下的來源記載；研究設計標記為 UNKNOWN_RESEARCH_DESIGN。,目前只有一個來源句與一個相連正文段落，尚未完成獨立來源交叉核對。 原件沒有可用 PDF 頁碼，須以標題路徑及段落識別碼定位。,DOC-000477-P0001-P0002-CHK-010951,,RECOMMENDED,REFERENCE_ONLY,AI_ASSISTED_SOURCE_CHECK,2026-08-12T21:10:37+00:00
CLM-55CA3BCFB7525C57E2F4,DOC-000402,"Quantitative descriptive analysis, non-targeted metabolomics and molecular docking reveal the dynamic aging and taste formation mechanism in raw Pu-erh tea during the storage.",MEDIUM_STORAGE_SENSORY,SOURCE_CHECKED_AI_ASSISTED,RETAIN_SOURCE_REPORTED_OBSERVATION,EXACT_NORMALISED_MATCH,RESULTS_OBSERVATION,MICROBIOLOGY_STUDY,"只可表述為《Quantitative descriptive analysis, non-targeted metabolomics and molecular docking reveal the dynamic aging and taste formation mechanism in raw Pu-erh tea during the storage.》在其自身樣本、方法及條件下的來源記載；研究設計標記為 MICROBIOLOGY_STUDY。",目前只有一個來源句與一個相連正文段落，尚未完成獨立來源交叉核對。 原件沒有可用 PDF 頁碼，須以標題路徑及段落識別碼定位。,DOC-000402-P0001-P0002-CHK-008248,,RECOMMENDED,REFERENCE_ONLY,AI_ASSISTED_SOURCE_CHECK,2026-08-12T21:10:37+00:00
CLM-91212F8568F22739EEA6,DOC-000414,Enantioselectivity and residue analysis of cycloxaprid and its metabolite in the pile and fermentation processing of Puer tea by ultraperformance liquid chromatography-high-resolution mass spectrometry.,MEDIUM_SCIENTIFIC,SOURCE_CHECKED_AI_ASSISTED,RETAIN_SOURCE_REPORTED_OBSERVATION,EXACT_NORMALISED_MATCH,RESULTS_OBSERVATION,SAFETY_STUDY,只可表述為《Enantioselectivity and residue analysis of cycloxaprid and its metabolite in the pile and fermentation processing of Puer tea by ultraperformance liquid chromatography-high-resolution mass spectrometry.》在其自身樣本、方法及條件下的來源記載；研究設計標記為 SAFETY_STUDY。,目前只有一個來源句與一個相連正文段落，尚未完成獨立來源交叉核對。 原件沒有可用 PDF 頁碼，須以標題路徑及段落識別碼定位。,DOC-000414-P0001-P0001-CHK-008754,,RECOMMENDED,REFERENCE_ONLY,AI_ASSISTED_SOURCE_CHECK,2026-08-12T21:10:37+00:00
CLM-995DC48C8CB3ABCC9641,DOC-000454,Inhibitory effects of pu-erh tea on alpha glucosidase and alpha amylase: a systemic review.,MEDIUM_SCIENTIFIC,SOURCE_CHECKED_AI_ASSISTED,RETAIN_SOURCE_REPORTED_OBSERVATION,EXACT_NORMALISED_MATCH,RESULTS_OBSERVATION,NARRATIVE_REVIEW,只可表述為《Inhibitory effects of pu-erh tea on alpha glucosidase and alpha amylase: a systemic review.》在其自身樣本、方法及條件下的來源記載；研究設計標記為 NARRATIVE_REVIEW。,目前只有一個來源句與一個相連正文段落，尚未完成獨立來源交叉核對。 原件沒有可用 PDF 頁碼，須以標題路徑及段落識別碼定位。,DOC-000454-P0001-P0003-CHK-010181,,RECOMMENDED,REFERENCE_ONLY,AI_ASSISTED_SOURCE_CHECK,2026-08-12T21:10:37+00:00
