historical_source_id,title_traditional,title_simplified,creator,work_date,edition_date,source_type,geographic_scope,relevance_summary,source_criticism,official_or_archive_url,local_document_id,rights_status,transcription_status,curation_status,updated_at
HIS-000005,《徐霞客遊記·滇遊日記》,《徐霞客游记·滇游日记》,徐弘祖（徐霞客）,1638–1640年雲南行程,維基文庫轉錄及公開影印本,旅行日記,滇西、滇中等徐霞客實際行程,可用來重建明末雲南道路、聚落、物產與旅行觀察，並協助檢查後世茶馬古道敘事是否符合其實際路線。,旅行者只記所經之地與所見所聞，沉默不代表某處沒有茶；版本、日期與地名對讀是引用前提。,https://zh.wikisource.org/zh-hant/%E5%BE%90%E9%9C%9E%E5%AE%A2%E9%81%8A%E8%A8%98,,公版古籍；轉錄依平台條款,有公開轉錄；需對照影印本,SOURCE_CHECKED,2026-09-12T07:43:33+00:00
HIS-000007,《康熙雲南通志》,《康熙云南通志》,清代雲南官修；責任者依卷首核對,1691年,日本國立公文書館藏數碼影像,清代省級方志,雲南,提供清初行政、物產、山川及賦役架構，適合與乾嘉、道光及光緒地志比較茶區名稱與制度變化。,官修方志有分類、採訪與政治視角；不同卷冊須保持同一版本，不能把後修內容回填到1691年。,https://commons.wikimedia.org/wiki/File:NAJDA4759830_%E9%9B%B2%E5%8D%97%E9%80%9A%E5%BF%97_%E7%AC%AC22%E5%86%8A.pdf,,公版古籍掃描,部分卷冊影像可查；待整套版本對齊,SOURCE_CHECKED,2026-09-12T07:43:33+00:00
HIS-000012,《普洱茶記》,《普洱茶记》,阮福,1825年,館藏及後世文集版本待逐本核對,清代茶事專記,普洱府、六茶山、清代貢茶與交易,專門討論普洱茶產地、採製、形制、貢茶與流通，是清代普洱茶史最常引用的專文之一。,網上流傳文本常無底本與頁碼，且可能經簡化或標點重排。本庫暫不把未校勘全文當作可直接引證版本。,https://find.nlc.cn/search/doSearch?query=%E6%99%AE%E6%B4%B1%E8%8C%B6%E8%A8%98,,原作公版；數碼版本權利依館藏,書目已立；可靠底本與逐字校錄待完成,SOURCE_CHECKED,2026-09-12T07:43:33+00:00
HIS-000013,《道光普洱府志》二十卷（1840）,《道光普洱府志》二十卷（1840）,鄭紹謙主持纂修,1840年,道光二十年刻本數碼影像,清代府志,清代普洱府,第一部成書的普洱府志，可查行政沿革、山川、物產、道路、賦役與地方社會，是界定清代普洱府語境的核心來源。,府志由官府採訪編纂，分類與沉默都受制度目的影響；現代行政區、族名和茶山邊界不可直接倒套。,https://commons.wikimedia.org/wiki/File:%EF%BC%88%E9%81%93%E5%85%89%EF%BC%89%E6%99%AE%E6%B4%B1%E5%BA%9C%E5%BF%97_-_%E9%81%93%E5%85%89%E4%BA%8C%E5%8D%81%E5%B9%B4_(1840).pdf,,公版古籍掃描,完整影像可查；待OCR與人工校勘,SOURCE_CHECKED,2026-09-12T07:43:33+00:00
HIS-000014,《道光普洱府志》續修二十卷（1850；咸豐元年刊）,《道光普洱府志》续修二十卷（1850；咸丰元年刊）,李熙齡續纂修,1850年續修,咸豐元年（1851）刻本數碼影像,清代府志,清代普洱府,續修1840年府志，補充清中葉普洱府行政、物產與地方材料；可用來比較十年間新增或改寫內容。,不可把1840初修與1850續修混稱同一版本；引用必須記明卷、頁及咸豐元年刊本，並辨別沿抄與新增條文。,https://commons.wikimedia.org/wiki/Category:%E6%99%AE%E6%B4%B1%E5%BA%9C%E5%BF%97,,公版古籍掃描,分卷影像可查；待版本差異表,SOURCE_CHECKED,2026-09-12T07:43:33+00:00
HIS-000015,《普洱府志稿》,《普洱府志稿》,陳宗海主持纂修,1899–1900年,光緒二十五至二十六年稿本／刊本數碼影像,清代府志稿,清末普洱府,全面記述清末普洱府自然、人文、政治、經濟與軍事，可與兩種道光府志比較茶業、道路與社會變化。,網站館藏同時有分卷與整部掃描，頁碼系統未必一致；應先固定底本，並注意稿本、刊本與後來標題年份差異。,https://commons.wikimedia.org/wiki/Category:%E6%99%AE%E6%B4%B1%E5%BA%9C%E5%BF%97%E7%A8%BF,,公版古籍掃描,影像完整度高；待分卷OCR與人工校勘,SOURCE_CHECKED,2026-09-12T07:43:33+00:00
HIS-000017,《新纂雲南通志》,《新纂云南通志》,民國雲南通志館編纂,1910年代至1949年纂修,民國三十八年（1949）本數碼影像,民國省級通志,雲南,收錄民國以前及近代雲南沿革、實業、交通與物產資料，是銜接清末茶業與20世紀制度史的重要大型方志。,長期編纂造成資料年代不一；各門卷成稿與刊行時間需分辨，不能把所有內容統稱為1949年現況。,https://commons.wikimedia.org/wiki/File:%E6%96%B0%E7%BA%82%E9%9B%B2%E5%8D%97%E9%80%9A%E5%BF%97_-_%E6%B0%91%E5%9C%8B%E4%B8%89%E5%8D%81%E5%85%AB%E5%B9%B4_(1949)_-_%E5%8D%B7091-110.pdf,,公版或依具體卷冊判定；影像頁有權利標示,部分卷冊影像可查；待茶業相關卷索引,SOURCE_CHECKED,2026-09-12T07:43:33+00:00
HIS-000018,GB/T 22111-2008《地理標誌產品 普洱茶》,GB/T 22111-2008《地理标志产品 普洱茶》,中國國家標準主管部門,2008-06-17發布；2008-12-01實施,國家標準公開系統現行記錄,現代官方標準,標準核定的雲南地理標誌保護範圍,界定當代地理標誌產品普洱茶的範圍、原料、產品類型及要求，是法律／標準定義史的重要記錄。,標準回答規範問題，不可倒推清代用語的唯一含義，也不能單獨證明某件商品的真實產地或批次合格。,https://openstd.samr.gov.cn/bzgk/std/newGbInfo?hcno=CAF792AAE4A96101F217C44250C8C8E4,,官方狀態頁公開；標準全文依官方使用條款,官方記錄已核；全文引用須按授權,SOURCE_CHECKED,2026-09-12T07:43:33+00:00
HIS-000019,《普洱茶地理標誌產品保護管理辦法》,《普洱茶地理标志产品保护管理办法》,雲南省人民政府辦公廳,2009-04-28,雲南省政府公開全文,現代官方規範文件,雲南省；11個州（市）75個縣（市、區）,說明地理標誌專用標誌的申請、使用及管理，並列出2008年公告批准的保護範圍。,管理辦法與產品標準、商標、普通商品標示不是同一制度；使用時須核對其現行效力及後續修訂。,https://nync.yn.gov.cn/html/2009/shengweishengzhengfushenongwenjian_0626/399901.html?cid=5781,,政府公開資料,官方全文可查,SOURCE_CHECKED,2026-09-12T07:43:33+00:00
HIS-000023,Pu’er Traditional Tea Agrosystem—GIAHS Proposal,普洱传统茶农业系统申报文本,普洱市人民政府等申報；聯合國糧食及農業組織收錄,2012年,FAO GIAHS申報PDF,國際農業文化遺產申報文件,普洱市及瀾滄江流域相關農業系統,集中整理古茶樹、茶園生態、生物多樣性、民族知識、生計及保護規劃，是研究GIAHS制度表述的一手申報材料。,申報文本旨在說明遺產價值，不能取代獨立歷史考證或生態監測；文中宏觀起源及年代說法須按其引用來源再核。,https://www.fao.org/fileadmin/user_upload/giahs/docs/Proposal-for-Puer.pdf,,FAO公開文件；依FAO使用條款,官方PDF可查；本庫尚未全文轉錄,SOURCE_CHECKED,2026-09-12T07:43:33+00:00
HIS-000024,景邁山古茶林文化景觀世界遺產提名檔案,景迈山古茶林文化景观世界遗产提名档案,中華人民共和國申報；UNESCO世界遺產中心存檔,2021–2023年提名程序,UNESCO Property 1665 Nomination Text、Annexes、Maps及Management Plan,世界遺產提名檔案,普洱市瀾滄縣景邁山,提供遺產邊界、五片古茶林、九個傳統村寨、三片分隔防護林、管理制度與價值論證，是網站景邁地理模型的主要來源。,提名論證、地圖、管理計劃與最終委員會決議功能不同；商品產地或品質不能由世界遺產身份推定。,https://whc.unesco.org/en/list/1665/documents/,,UNESCO文件；各檔案依其使用條款,官方文件集可查；關鍵地名已逐項建檔,SOURCE_CHECKED,2026-09-12T07:43:33+00:00
HIS-000020,《雲南省古茶樹保護條例》,《云南省古茶树保护条例》,雲南省人民代表大會常務委員會,2022-11-30通過；2023-03-01施行,雲南人大網官方全文,地方性法規,雲南省,以樹齡100年以上的野生及栽培型茶樹為保護對象，規定調查、名錄、保護範圍、養護、研究與利用制度。,法規中的『古茶樹』是法律操作定義，不等於市場上所有『古樹茶』聲稱已獲登記；具體名錄與保護範圍仍須查縣級公開資料。,https://www.ynrd.gov.cn/html/2022/sssjrdcwhdsswuchy_1130/19706.html,,政府公開法規,官方全文可查,SOURCE_CHECKED,2026-09-12T07:43:33+00:00
HIS-000025,ICOMOS景邁山評估與世界遺產委員會決議,ICOMOS景迈山评估与世界遗产委员会决议,ICOMOS；UNESCO世界遺產委員會,2022–2023年,第45屆擴大會議正式文件,國際遺產評估與決議,景邁山古茶林文化景觀,記錄顧問機構如何評估突出普遍價值、真實性、完整性、保護與管理，以及委員會最終列入條件。,顧問評估可提出保留或修正意見，不能與申報方陳述混成同一立場；最終法律地位以委員會決議和正式邊界為準。,https://whc.unesco.org/en/list/1665/documents/,,UNESCO／ICOMOS公開文件；依各檔案條款,官方文件可查；核心決議已核,SOURCE_CHECKED,2026-09-12T07:43:33+00:00
HIS-000022,《2021年度雲南省茶葉產業發展報告》,《2021年度云南省茶叶产业发展报告》,雲南省茶葉產業工作組、專家組,2022年發布（報告2021年度）,雲南省農業農村廳PDF,官方年度產業報告,雲南省,提供產茶州市、面積、產量、產品結構及政策背景，是重建21世紀產業規模時可定位年份的官方快照。,行政統計口徑、修訂與普洱茶／全茶類範圍必須分開；單一年度數據不可與不同口徑年份直接串成趨勢。,https://nync.yn.gov.cn/uploadfile/s38/2022/0811/20220811110043249.pdf,,政府公開報告,PDF可查；表格口徑待欄位化,SOURCE_CHECKED,2026-09-12T07:43:33+00:00
HIS-000021,《雲南省茶馬古道保護利用條例》,《云南省茶马古道保护利用条例》,雲南省地方立法機關,2026年施行版本,雲南省民族宗教事務委員會轉載的官方資訊,地方性法規／文化線路保護,雲南省茶馬古道相關區域,建立茶馬古道路線、遺存、文化及利用的制度框架，有助把『茶馬古道』從泛稱拆回可登記、可保護的具體對象。,法定保護對象與旅遊宣傳路線未必一致；引用前須核對正式公報文本、施行日期及地方名錄。,https://mzzj.yn.gov.cn/html/2025/difangdongtai_1201/4061605.html,,政府公開資料,官方資訊可查；正式公報版本持續核對,SOURCE_CHECKED,2026-09-12T07:43:33+00:00
HIS-000002,《雲南志略》,《云南志略》,李京,元大德年間（1297–1307）,雲南省圖書館數碼影像本,元代地志,雲南行省,提供元代雲南行政、物產與族群記述，可用作茶葉史地名及社會背景的同時代材料。,內容是特定官員與時代的分類及觀察，不可把舊族稱、行政邊界或物產記錄直接套到今日；須逐條標明卷頁。,https://commons.wikimedia.org/wiki/File:Ynlib29010672-0001-%E9%9B%B2%E5%8D%97%E5%BF%97%E7%95%A5.pdf,,公版古籍掃描,影像可查；尚無本庫校訂全文,SOURCE_CHECKED,2026-09-12T07:43:33+00:00
HIS-000006,《物理小識》,《物理小识》,方以智,明末清初,CADAL 公開數碼影像（上、下冊）,明清之際博物筆記,中國物產與技藝；含滇茶轉述線索,後世普洱茶文獻常引其『普雨茶』條；可用來考察名稱、蒸團與交換敘述的引文鏈。,須先核對原卷原字及底本，避免只從《本草綱目拾遺》等後出作品倒引；『普雨』是否為普洱及原句標點都需版本證據。,https://commons.wikimedia.org/wiki/File:CADAL09000279_%E7%89%A9%E7%90%86%E5%B0%8F%E8%AD%98%C2%B7%EF%BC%88%E4%B8%8A%EF%BC%89.djvu,,公版古籍掃描,影像可查；目標條文待雙人校錄,SOURCE_CHECKED,2026-09-12T07:43:33+00:00
HIS-000003,《萬曆雲南通志》,《万历云南通志》,明代雲南地方官修；具體纂修責任依卷首核對,明萬曆年間,《大理叢書·方志篇》影印整合本,明代省級方志,雲南,可追查明代雲南府州、物產、道路與行政記述，為判讀後世『六大茶山』敘事前的區域背景材料。,影印整合本不是原刻本本身；應核對卷首、底本與缺頁，且『茶』的出現不自動等同現代普洱茶類。,https://commons.wikimedia.org/wiki/File:%E5%A4%A7%E7%90%86%E5%8F%A2%E6%9B%B8-%E6%96%B9%E5%BF%97%E7%AF%87-1-2-%E3%80%94%E8%90%AC%E6%9B%86%E3%80%95%E9%9B%B2%E5%8D%97%E9%80%9A%E5%BF%97.pdf,,古籍公版；影印編纂權利須依檔案頁,影像可查；待逐卷索引,SOURCE_CHECKED,2026-09-12T07:43:33+00:00
HIS-000004,《滇略》,《滇略》,謝肇淛,明萬曆末年,美國國會圖書館藏明刻本影像,明代雲南專志,雲南,十卷分類記述雲南，可供追查明末物產、山川、行政與交通語境，並與清代地志互校。,作者取材兼有前代文獻與見聞；引用茶事須區分作者親見、轉引及類書材料，不可只引用現代重排文字。,https://commons.wikimedia.org/wiki/File:LOC2014514409-%E6%BB%87%E7%95%A5-%E8%AC%9D%E8%82%87%E6%B7%9B%E8%BC%AF-%E6%98%8E%E8%90%AC%E6%9B%86%E9%96%93%E5%88%BB%E6%9C%AC-%E8%A1%8C%E4%BA%BA%E5%8F%B8%E8%88%8A%E8%97%8F%E6%9C%AC.pdf,,公版古籍掃描,影像可查；待茶事條目索引,SOURCE_CHECKED,2026-09-12T07:43:33+00:00
HIS-000009,《滇海虞衡志》,《滇海虞衡志》,檀萃,清乾隆至嘉慶之際,嘉慶九年（1804）刊本數碼影像,清代雲南物產志,雲南,以山川、物產及社會見聞為重點，普洱茶史研究常據此討論茶山、產量與流通，是需要回到原卷的核心史料。,作者見聞與傳聞並存；流傳名句常被省略前後文或改字。使用時須記卷次、頁面、版本，並與方志及行政檔案互證。,https://commons.wikimedia.org/wiki/File:%E6%BB%87%E6%B5%B7%E8%99%9E%E8%A1%A1%E5%BF%97_-_%E5%98%89%E6%85%B6%E4%B9%9D%E5%B9%B4_(1804).pdf,,公版古籍掃描,完整影像可查；茶事段落待雙人校錄,SOURCE_CHECKED,2026-09-12T07:43:33+00:00
HIS-000010,《南詔備考》,《南诏备考》,清代編纂者；依所用版本卷首核對,清代,公開數碼影像分卷本,清代南詔史料彙編,南詔及雲南歷史,《本草綱目拾遺》普洱茶條引用此書談六茶山，因而是辨認後世引文鏈與版本差異的重要線索。,它是後出史料彙編，不是南詔時代同時代記錄；須確認引文是否真的見於所核版本，以及是否又轉引更早文獻。,https://commons.wikimedia.org/wiki/File:SSID-12896569_%E5%8D%97%E8%A9%94%E5%82%99%E8%80%83_%E5%8D%B71.pdf,,公版古籍掃描,分卷影像可查；引文位置待核,SOURCE_CHECKED,2026-09-12T07:43:33+00:00
HIS-000016,《續雲南通志稿》,《续云南通志稿》,清末雲南通志局官修,清光緒至宣統年間,CADAL 分冊數碼影像,清末省級通志稿,雲南,續接前代省志，適合檢索清末茶葉物產、商路、行政與社會資料，並與府志互證。,篇幅龐大且不同數碼冊可能來自不同底本；在建立冊卷對照前，不以搜尋命中數代替史料覆蓋。,https://commons.wikimedia.org/wiki/File:CADAL11203626_%E7%BA%8C%E9%9B%B2%E5%8D%97%E9%80%9A%E5%BF%97%E7%A8%BF.djvu,,公版古籍掃描,部分分冊影像可查；待冊卷盤點,SOURCE_CHECKED,2026-09-12T07:43:33+00:00
HIS-000011,《滇繫》,《滇系》,師範,清嘉慶年間,哈佛燕京圖書館藏影像及其他分卷影像,清代雲南史料彙編,雲南,彙集乾嘉以前雲南文獻，可協助追查茶葉、物產、交通及制度引文來源。,此書有刪潤、錯抄或未註來源的文獻學問題；任何茶史語句都應追到被引原書，不能把彙錄年代當事件年代。,https://commons.wikimedia.org/wiki/File:Hvd.32044068028513_%E6%BB%87%E7%B9%AB_v.1.pdf,,公版古籍掃描,影像可查；待建立引書索引,SOURCE_CHECKED,2026-09-12T07:43:33+00:00
HIS-000008,《本草綱目拾遺》普洱茶條,《本草纲目拾遗》普洱茶条,趙學敏,約1765年成書；1803年初刊,維基文庫轉錄本,清代本草著作,中國；條目涉及雲南普洱府及六茶山,集中記述清代普洱茶形制、產地、貢茶、辨偽及藥用說法，是追查後世反覆引用語句的重要線索。,本草記錄屬歷史醫藥文獻，不是現代臨床證據；條內混合《雲南志》《南詔備考》《物理小識》及作者按語，引用時必須拆開來源層次。,https://zh.wikisource.org/zh-hant/%E6%9C%AC%E8%8D%89%E7%B6%B1%E7%9B%AE%E6%8B%BE%E9%81%BA,DOC-000491,公版古籍；轉錄依平台條款,有公開轉錄；待影印本校勘,SOURCE_CHECKED,2026-09-12T07:43:33+00:00
HIS-000001,《蠻書》卷七,《蛮书》卷七,樊綽,約862年,維基文庫校錄本；版本底本須依頁面說明再核,唐代地理見聞錄,南詔及西南地區,常被用來討論南詔境內茶葉生產與飲用的早期文字線索；適合研究詞語、地域觀念及唐代外部觀察。,書中的『銀生城界諸山』不能不經歷史地理考證便直接等同今日普洱市、某座茶山或現代普洱茶產品；後世標點與轉錄亦須對照影印本。,https://zh.wikisource.org/zh-hant/%E8%A0%BB%E6%9B%B8/%E5%8D%B707,DOC-000490,公版古籍；轉錄依平台條款,有公開轉錄；待版本逐字校勘,SOURCE_CHECKED,2026-09-12T07:43:33+00:00
