place_id,standard_name,traditional_name,simplified_name,pinyin,place_kind,admin_level,parent_place_id,latitude,longitude,altitude_min,altitude_max,precision,summary,ecology,communities,heritage_role,dispute_notes,sources
PLC-000001,布朗山,布朗山,布朗山,Bulang Shan,山地茶區,山頭／鄉級茶區,PLC-000044,21.5856063,100.4172655,,,同名行政鄉的 OSM relation 標籤點；只作茶區近似定位，不代表茶園邊界,西雙版納勐海縣南部常見的普洱茶產區名稱；網站將行政地名、山地、村寨及商品標示分開處理。,目前資料庫缺少可比較的村寨級土壤、微氣候與管理資料，不作單一風味定論。,布朗族等,,商業所稱『布朗山』可能指不同空間尺度；產品產地仍須批次證明。,"[{""label"": ""OpenStreetMap relation 18628440（布朗山布朗族鄉）"", ""url"": ""https://www.openstreetmap.org/relation/18628440""}]"
PLC-000002,景邁山,景邁山,景迈山,Jingmai Shan,文化景觀／茶山,山地文化景觀／世界遺產地,PLC-000012,22.1841667,100.0075,,,UNESCO 世界遺產項目公布參考點；不代表整個景觀或單一茶園,2023 年列入《世界遺產名錄》的文化景觀，突出布朗族與傣族在森林下種茶、村寨治理及祖先信仰相連的土地利用傳統。,茶樹生長於森林冠層之下，保護森林、古茶林與村寨形成垂直及水平相連的土地利用系統。,布朗族 | 傣族,"包括五片古茶林、九個傳統村寨和三片分隔防護林；遺產面積 7,167.89 公頃，緩衝區 11,927.85 公頃。",世界遺產邊界包括多個森林、村寨與防護林；不可把參考點當成所有構成要素的精確座標。,"[{""label"": ""UNESCO：Cultural Landscape of Old Tea Forests of the Jingmai Mountain in Pu’er"", ""url"": ""https://whc.unesco.org/en/list/1665""}]"
PLC-000003,雲南省,雲南省,云南省,Yunnan Sheng,行政區,省,,25.0,102.0,,,OSM 行政區 relation 標籤點；非省域幾何中心或茶園位置,中國西南茶樹種質、普洱茶生產及多民族茶文化的重要區域；網站內所有雲南產區均應再細分至州、市、縣、鄉鎮、村寨或研究採樣點。,省域跨越多種海拔、季風與土壤條件，不能以單一『雲南風土』概括。,,景邁山文化景觀所在地省份。,座標僅供區域定位，不代表茶區中心。,"[{""label"": ""UNESCO 景邁山世界遺產頁"", ""url"": ""https://whc.unesco.org/en/list/1665""}]"
PLC-000004,西雙版納傣族自治州,西雙版納傣族自治州,西双版纳傣族自治州,Xishuangbanna Daizu Zizhizhou,行政區／茶產區,自治州,PLC-000003,22.0116128,100.7960029,,,OSM 行政區 relation 標籤點；非自治州幾何中心或茶園位置,雲南重要茶樹種質、栽培與普洱茶原料產區，內部涵蓋多個縣、市、山地與村寨。,熱帶、亞熱帶山地環境多樣，研究結論須保留採樣地尺度。,傣族 | 布朗族 | 哈尼族等,與普洱市共同構成雲南南部重要茶文化地域。,概略座標不可作山頭或茶園溯源證據。,"[{""label"": ""FAO 家庭農業知識平台：普洱茶農業文化系統"", ""url"": ""https://www.fao.org/family-farming/detail/zh/c/282396/""}]"
PLC-000005,勐宋茶區,勐宋茶區,勐宋茶区,Mengsong Tea Area,山地茶區,茶區／鄉級地名,PLC-000044,22.0546005,100.563337,,,同名行政鄉的 OSM relation 標籤點；只作茶區近似定位，不代表茶園邊界,西雙版納常見茶區名稱；公開內容暫只提供地理辨識與證據限制。,待補村寨級、可引用的生態與栽培資料。,,,同名地點及商業用法可能造成混淆，引用時須交代縣域和村寨。,"[{""label"": ""OpenStreetMap relation 18628625（勐宋鄉）"", ""url"": ""https://www.openstreetmap.org/relation/18628625""}]"
PLC-000006,班章茶區,班章茶區,班章茶区,Banzhang Tea Area,村寨／商業常用產區名,茶區／行政村,PLC-000001,,,,,未收錄可靠座標,班章是市場常見的產地名稱。引用時須說清所指村寨或茶區，並核對原料批次與來源記錄。,缺少統一、可驗證且村寨尺度一致的比較資料。,,,『班章』『老班章』『新班章』及商品名稱不可互換；目前不提供虛構座標。,"[{""label"": ""DB53/T 1176.13—2023 行政村編碼表（布朗山鄉、班章村）"", ""url"": ""https://ynmz.yn.gov.cn/uploads/resource/download/20937/DB53_T_1176.13-2023%E4%BA%91%E5%8D%97%E7%9C%81%E8%A1%8C%E6%94%BF%E6%9D%91%E3%80%81%E7%A4%BE%E5%8C%BA%E7%BC%96%E7%A0%81_%E7%AC%AC13%E9%83%A8%E5%88%86%EF%BC%9A%E8%A5%BF%E5%8F%8C%E7%89%88%E7%BA%B3%E5%82%A3%E6%97%8F%E8%87%AA%E6%B2%BB%E5%B7%9E.pdf""}]"
PLC-000007,賀開茶山,賀開茶山,贺开茶山,Hekai Tea Mountain,山地茶區,茶山／行政村,PLC-000044,,,,,未收錄可靠座標,西雙版納常見古茶園產區名；目前公開頁保留地名辨析，不以市場敘事補充未驗證歷史。,待補正式調查或研究的茶園尺度資料。,,,茶山、村委會和商品產區可能使用相同名稱但邊界不同。,"[{""label"": ""雲南省民族宗教事務委員會：勐海縣勐混鎮賀開村"", ""url"": ""https://mz.yn.gov.cn/html/2025/difangdongtai_0325/4058616.html""}]"
PLC-000008,普洱市,普洱市,普洱市,Pu'er Shi,行政區／研究與產業中心,地級市,PLC-000003,23.2948942,100.8784458,,,OSM 行政區 relation 標籤點；非市域幾何中心或茶園位置,普洱市是雲南主要茶產區及研究、教育、檢驗與產業機構集中地之一，轄區內的山地生態和製茶傳統並不均質。,地形與海拔差異顯著；網站不以市級座標推定任何村寨茶樣的風土。,哈尼族 | 拉祜族 | 佤族 | 傣族 | 布朗族等,景邁山古茶林文化景觀位於普洱市瀾滄縣。,行政區與普洱茶地理標誌產品保護範圍不是同一概念。,"[{""label"": ""UNESCO 景邁山世界遺產頁"", ""url"": ""https://whc.unesco.org/en/list/1665""}, {""label"": ""普洱學院"", ""url"": ""https://www.peu.edu.cn/""}]"
PLC-000009,Longba village plantation,龍壩村茶園（研究採樣點譯名）,龙坝村茶园（研究采样点译名）,Longba Village Plantation,研究採樣點,茶園研究採樣點,PLC-000008,23.3833333333,101.7833333333,1575.0,1796.0,研究採樣位置（座標至整分）；未作獨立實地核驗,由學術文獻抽取的茶園採樣位置，作用是追溯樣本語境，不代表一個普遍認可的商業山頭。,生態與測量結果只適用於原研究設計、時間及樣本。,,,中文名為工作譯名，引用時應保留原文地名及原研究。,"[{""label"": ""採樣位置與海拔的本地全文研究"", ""document_id"": ""DOC-000196""}]"
PLC-000010,Fenghuang Wo village plantation,鳳凰窩村茶園（研究採樣點譯名）,凤凰窝村茶园（研究采样点译名）,Fenghuang Wo Village Plantation,研究採樣點,茶園研究採樣點,PLC-000008,23.4833333333,101.65,1618.0,1783.0,研究採樣位置（座標至整分）；未作獨立實地核驗,由學術文獻抽取的茶園採樣位置，作用是追溯樣本語境，不代表一個普遍認可的商業山頭。,生態與測量結果只適用於原研究設計、時間及樣本。,,,中文名為工作譯名，引用時應保留原文地名及原研究。,"[{""label"": ""採樣位置與海拔的本地全文研究"", ""document_id"": ""DOC-000196""}]"
PLC-000011,瀾滄拉祜族自治縣,瀾滄拉祜族自治縣,澜沧拉祜族自治县,Lancang Lahuzu Zizhixian,行政區／世界遺產所在地,自治縣,PLC-000008,22.6720893,99.9742497,,,OSM 行政區 relation 標籤點；非縣域幾何中心或茶園位置,景邁山古茶林文化景觀所在縣。行政轄區資訊用於建立地理層級，不等於個別茶園產地證明。,山地聚落、森林與茶林構成相互關聯的文化景觀。,拉祜族 | 布朗族 | 傣族等,世界遺產所在地縣級行政區。,,"[{""label"": ""UNESCO 景邁山世界遺產頁"", ""url"": ""https://whc.unesco.org/en/list/1665""}]"
PLC-000012,惠民鎮,惠民鎮,惠民镇,Huimin Zhen,鄉鎮／遺產管理地域,鎮,PLC-000011,22.2622,100.079,,,OSM 行政區 relation 標籤點；非鎮域幾何中心或茶園位置,景邁山古茶林文化景觀的五片古茶林、九個傳統村寨及三片分隔防護林位於此一地理脈絡。,聚落通常位於古茶林與保護森林之間，體現居住、生產與保護空間的配置。,布朗族 | 傣族,遺產構成要素所在鄉鎮。,,"[{""label"": ""UNESCO 提名及評估文件"", ""url"": ""https://whc.unesco.org/en/list/1665/documents/""}]"
PLC-000013,白象山,白象山,白象山,Baixiang Shan,山體分區,遺產地山體分區,PLC-000002,,,,,UNESCO 文件所述分區；無網站自定座標,景邁山文化景觀內承載芒埂—勐本及景邁大寨—大平掌古茶林的山體分區。,古茶林與村寨、分隔防護林共同理解，不以單一海拔或土壤值概括。,傣族,兩片古茶林所在分區。,,"[{""label"": ""UNESCO 提名及 ICOMOS 評估文件"", ""url"": ""https://whc.unesco.org/en/list/1665/documents/""}]"
PLC-000014,糯崗山,糯崗山,糯岗山,Nuogang Shan,山體分區,遺產地山體分區,PLC-000002,,,,,UNESCO 文件所述分區；無網站自定座標,景邁山文化景觀內糯崗古茶林及糯崗老寨所在的山體分區。,屬森林、古茶林與聚落相連的文化景觀。,傣族,糯崗古茶林與傳統村寨所在分區。,,"[{""label"": ""UNESCO 提名及 ICOMOS 評估文件"", ""url"": ""https://whc.unesco.org/en/list/1665/documents/""}]"
PLC-000015,芒景山（岩冷山）,芒景山（岩冷山）,芒景山（岩冷山）,Mangjing Shan (Yanleng Shan),山體分區,遺產地山體分區,PLC-000002,,,,,UNESCO 文件所述分區；無網站自定座標,景邁山文化景觀內兩片布朗族古茶林及多個傳統村寨所在的山體分區。,森林下種茶與社群治理相連，是遺產價值的重要部分。,布朗族,芒景及翁基—翁洼古茶林所在分區。,,"[{""label"": ""UNESCO 提名及 ICOMOS 評估文件"", ""url"": ""https://whc.unesco.org/en/list/1665/documents/""}]"
PLC-000016,芒埂—勐本古茶林,芒埂—勐本古茶林,芒埂—勐本古茶林,Manggeng–Mengben Old Tea Forest,古茶林,古茶林群,PLC-000013,22.2059116,100.0508906,,,OSM 已命名遺產構成要素 relation 代表點；實際範圍以 UNESCO 提名圖為準,世界遺產五片古茶林之一，名稱對應芒埂與勐本村寨。,以森林下茶樹栽培系統理解，精確邊界應查 UNESCO 地圖。,傣族,五片古茶林之一。,,"[{""label"": ""UNESCO 提名文件"", ""url"": ""https://whc.unesco.org/en/list/1665/documents/""}]"
PLC-000017,景邁大寨—大平掌古茶林,景邁大寨—大平掌古茶林,景迈大寨—大平掌古茶林,Jingmai Dazhai–Dapingzhang Old Tea Forest,古茶林,古茶林群,PLC-000013,22.2064852,100.0314841,,,OSM 已命名遺產構成要素 relation 代表點；實際範圍以 UNESCO 提名圖為準,世界遺產五片古茶林之一，與景邁大寨的生活及生產空間相連。,茶樹在森林冠層下栽培，茶林結構須連同伴生植物與管理方式理解。,傣族,五片古茶林之一。,,"[{""label"": ""UNESCO 提名文件"", ""url"": ""https://whc.unesco.org/en/list/1665/documents/""}]"
PLC-000018,糯崗古茶林,糯崗古茶林,糯岗古茶林,Nuogang Old Tea Forest,古茶林,古茶林群,PLC-000014,22.2175973,100.0042208,,,OSM 已命名遺產構成要素 relation 代表點；實際範圍以 UNESCO 提名圖為準,世界遺產五片古茶林之一，與糯崗老寨相連。,受社群習慣規範與保護措施共同管理。,傣族,五片古茶林之一。,,"[{""label"": ""UNESCO 提名文件"", ""url"": ""https://whc.unesco.org/en/list/1665/documents/""}]"
PLC-000019,芒景上寨—芒景下寨—芒洪古茶林,芒景上寨—芒景下寨—芒洪古茶林,芒景上寨—芒景下寨—芒洪古茶林,Mangjing Shangzhai–Xiazhai–Manghong Old Tea Forest,古茶林,古茶林群,PLC-000015,22.1594369,100.0016514,,,OSM 已命名遺產構成要素 relation 代表點；實際範圍以 UNESCO 提名圖為準,世界遺產五片古茶林之一，連結芒景上寨、下寨與芒洪。,森林下種茶及傳統知識的延續須與社群共同理解。,布朗族,五片古茶林之一。,,"[{""label"": ""UNESCO 提名文件"", ""url"": ""https://whc.unesco.org/en/list/1665/documents/""}]"
PLC-000020,翁基—翁洼古茶林,翁基—翁洼古茶林,翁基—翁洼古茶林,Wengji–Wengwa Old Tea Forest,古茶林,古茶林群,PLC-000015,22.177207,99.9925316,,,OSM 已命名遺產構成要素 relation 代表點；實際範圍以 UNESCO 提名圖為準,世界遺產五片古茶林之一，與翁基、翁洼兩個布朗族村寨相連。,古茶林及防護林共同維持景觀的生態與文化關係。,布朗族,五片古茶林之一。,,"[{""label"": ""UNESCO 提名文件"", ""url"": ""https://whc.unesco.org/en/list/1665/documents/""}]"
PLC-000021,景邁大寨,景邁大寨,景迈大寨,Jingmai Dazhai,傳統村寨,傳統村寨,PLC-000012,,,,,遺產構成要素；無網站自定座標,世界遺產九個傳統村寨之一。,村寨與古茶林、保護森林構成相連的土地利用系統。,傣族,九個傳統村寨之一。,,"[{""label"": ""UNESCO 提名文件"", ""url"": ""https://whc.unesco.org/en/list/1665/documents/""}]"
PLC-000022,勐本,勐本,勐本,Mengben,傳統村寨,傳統村寨,PLC-000012,22.20354,100.0485635,,,OSM 公開聚落標籤點；非村域邊界或茶園位置,世界遺產九個傳統村寨之一。,村寨與芒埂—勐本古茶林相連。,傣族,九個傳統村寨之一。,,"[{""label"": ""UNESCO 提名文件"", ""url"": ""https://whc.unesco.org/en/list/1665/documents/""}]"
PLC-000023,芒埂,芒埂,芒埂,Manggeng,傳統村寨,傳統村寨,PLC-000012,22.202452,100.0535391,,,OSM 公開聚落標籤點；非村域邊界或茶園位置,世界遺產九個傳統村寨之一。,村寨與芒埂—勐本古茶林相連。,傣族,九個傳統村寨之一。,,"[{""label"": ""UNESCO 提名文件"", ""url"": ""https://whc.unesco.org/en/list/1665/documents/""}]"
PLC-000024,糯崗老寨,糯崗老寨,糯岗老寨,Nuogang Laozhai,傳統村寨,傳統村寨,PLC-000012,22.2166836,99.9998707,,,OSM 糯崗聚落標籤點；作糯崗老寨參考，不代表村域或茶園邊界,世界遺產九個傳統村寨之一。,村寨與糯崗古茶林相連。,傣族,九個傳統村寨之一。,,"[{""label"": ""UNESCO 提名文件"", ""url"": ""https://whc.unesco.org/en/list/1665/documents/""}]"
PLC-000025,芒景上寨,芒景上寨,芒景上寨,Mangjing Shangzhai,傳統村寨,傳統村寨,PLC-000012,22.1665462,100.0129706,,,OSM 公開聚落標籤點；非村域邊界或茶園位置,世界遺產九個傳統村寨之一。,村寨與芒景古茶林相連。,布朗族,九個傳統村寨之一。,,"[{""label"": ""UNESCO 提名文件"", ""url"": ""https://whc.unesco.org/en/list/1665/documents/""}]"
PLC-000026,芒景下寨,芒景下寨,芒景下寨,Mangjing Xiazhai,傳統村寨,傳統村寨,PLC-000012,22.1593623,100.0164521,,,OSM 公開聚落標籤點；非村域邊界或茶園位置,世界遺產九個傳統村寨之一。,村寨與芒景古茶林相連。,布朗族,九個傳統村寨之一。,,"[{""label"": ""UNESCO 提名文件"", ""url"": ""https://whc.unesco.org/en/list/1665/documents/""}]"
PLC-000027,芒洪,芒洪,芒洪,Manghong,傳統村寨,傳統村寨,PLC-000012,22.1462407,100.0141668,,,OSM 公開聚落標籤點；非村域邊界或茶園位置,世界遺產九個傳統村寨之一。,村寨與芒景古茶林相連。,布朗族,九個傳統村寨之一。,,"[{""label"": ""UNESCO 提名文件"", ""url"": ""https://whc.unesco.org/en/list/1665/documents/""}]"
PLC-000028,翁基,翁基,翁基,Wengji,傳統村寨,傳統村寨,PLC-000012,22.1736769,99.99894,,,OSM 公開聚落標籤點；非村域邊界或茶園位置,世界遺產九個傳統村寨之一。,村寨與翁基—翁洼古茶林相連。,布朗族,九個傳統村寨之一。,,"[{""label"": ""UNESCO 提名文件"", ""url"": ""https://whc.unesco.org/en/list/1665/documents/""}]"
PLC-000029,翁洼,翁洼,翁洼,Wengwa,傳統村寨,傳統村寨,PLC-000012,22.179805,99.9910569,,,OSM 公開聚落標籤點；非村域邊界或茶園位置,世界遺產九個傳統村寨之一。,村寨與翁基—翁洼古茶林相連。,布朗族,九個傳統村寨之一。,,"[{""label"": ""UNESCO 提名文件"", ""url"": ""https://whc.unesco.org/en/list/1665/documents/""}]"
PLC-000030,景邁—糯崗分隔防護林,景邁—糯崗分隔防護林,景迈—糯岗分隔防护林,Jingmai–Nuogang Protective Forest,分隔防護林,分隔防護林,PLC-000002,22.2197477,100.0147891,,,OSM 已命名遺產構成要素 relation 代表點；實際範圍以 UNESCO 提名圖為準,世界遺產三片分隔防護林之一。,在古茶林與其他土地利用之間發揮景觀分隔及保護作用。,布朗族 | 傣族,三片分隔防護林之一。,,"[{""label"": ""UNESCO 提名文件"", ""url"": ""https://whc.unesco.org/en/list/1665/documents/""}]"
PLC-000031,糯崗—芒景分隔防護林,糯崗—芒景分隔防護林,糯岗—芒景分隔防护林,Nuogang–Mangjing Protective Forest,分隔防護林,分隔防護林,PLC-000002,,,,,遺產構成要素；無網站自定座標,世界遺產三片分隔防護林之一。,在古茶林與其他土地利用之間發揮景觀分隔及保護作用。,布朗族 | 傣族,三片分隔防護林之一。,,"[{""label"": ""UNESCO 提名文件"", ""url"": ""https://whc.unesco.org/en/list/1665/documents/""}]"
PLC-000032,景邁—芒景分隔防護林,景邁—芒景分隔防護林,景迈—芒景分隔防护林,Jingmai–Mangjing Protective Forest,分隔防護林,分隔防護林,PLC-000002,22.1849512,100.0157759,,,OSM 已命名遺產構成要素 relation 代表點；實際範圍以 UNESCO 提名圖為準,世界遺產三片分隔防護林之一。,在古茶林與其他土地利用之間發揮景觀分隔及保護作用。,布朗族 | 傣族,三片分隔防護林之一。,,"[{""label"": ""UNESCO 提名文件"", ""url"": ""https://whc.unesco.org/en/list/1665/documents/""}]"
PLC-000033,臨滄市,臨滄市,临沧市,Lincang Shi,行政區／主要產茶區,地級市,PLC-000003,23.88848,100.0879344,,,OSM 行政區 relation 標籤點；非市域幾何中心或茶園位置,雲南主要茶葉產區之一；本庫把市、縣、鄉鎮及村寨分層記錄，不以『臨滄味』概括全域。,橫跨瀾滄江河谷與多個山地帶；具體生態須降至採樣點及時間。,佤族 | 傣族 | 拉祜族 | 布朗族等,勐庫古茶園、白鶯山等古茶資源所在地。,市域茶產區高度多樣，冰島、昔歸、白鶯山等名稱不可互相替代。,"[{""label"": ""臨滄市茶旅融合布局"", ""url"": ""https://lincang.gov.cn/artview/11/228949.html""}, {""label"": ""雲南省茶產業布局"", ""url"": ""https://nync.yn.gov.cn/html/2021/guihuaxinxi_1112/381334.html""}]"
PLC-000034,雙江拉祜族佤族布朗族傣族自治縣,雙江拉祜族佤族布朗族傣族自治縣,双江拉祜族佤族布朗族傣族自治县,Shuangjiang Lahuzu Wazu Bulangzu Daizu Zizhixian,行政區／古茶園區域,自治縣,PLC-000033,23.4785482,99.8973504,,,OSM 行政區 relation 標籤點；非縣域幾何中心或茶園位置,勐庫大葉種及勐庫古茶園的重要縣域；冰島村位於其勐庫鎮。,縣域跨河谷、坡地與高山，不能只用單一海拔或氣候值描述。,拉祜族 | 佤族 | 布朗族 | 傣族,雙江勐庫古茶園與茶文化系統所在縣。,縣名、勐庫產區、冰島行政村與商品『冰島』聲稱是不同尺度。,"[{""label"": ""雲南省林草局古茶走廊資料"", ""url"": ""https://lcj.yn.gov.cn/html/2023/jianyitianbanli_0525/68936.html""}, {""label"": ""臨滄市勐庫資料"", ""url"": ""https://lincang.gov.cn/zfxxgk_lcs_gaj/artview/933/280658.html?chapter=null&ml=null&year=null""}]"
PLC-000035,勐庫鎮,勐庫鎮,勐库镇,Mengku Zhen,鄉鎮／茶產區,鎮,PLC-000034,23.6202,99.8815,,,OSM 公開鎮級標籤點；非鎮域邊界或茶園位置,雙江縣重要產茶鄉鎮，冰島村位於其轄區；也是勐庫大葉種名稱的重要地理語境。,鎮域內山體、坡向、海拔及管理差異顯著。,拉祜族 | 佤族 | 布朗族 | 傣族等,勐庫古茶園與茶文化系統核心地域。,『勐庫茶』可指行政產地、地方群體或市場分類，引用時須說明。,"[{""label"": ""臨滄市政府：勐庫鎮與古茶樹保護"", ""url"": ""https://lincang.gov.cn/zfxxgk_lcs_gaj/artview/933/280658.html?chapter=null&ml=null&year=null""}]"
PLC-000036,冰島村,冰島村,冰岛村,Bingdao Cun,村寨／高風險商業產區名,行政村,PLC-000035,,,,,行政村；不公開推定茶園或古樹點位,臨滄市官方資料確認位於雙江縣勐庫鎮；本頁主要處理名稱與尺度，不作價格或風味排名。,官方旅遊資料概述山地、湖泊及古茶資源；茶園尺度數值仍須專項調查。,,勐庫古茶文化及茶旅線路上的地點。,冰島村、冰島老寨及市場『冰島五寨』並非同一行政或證明尺度；商品聲稱須另有追溯。,"[{""label"": ""臨滄市政府：冰島景區"", ""url"": ""https://lincang.gov.cn/artview/14/231054.html""}]"
PLC-000037,臨翔區,臨翔區,临翔区,Linxiang Qu,行政區／茶產區,市轄區,PLC-000033,23.8968236,100.0819288,,,OSM 行政區 relation 標籤點；非區域幾何中心或茶園位置,臨滄市政府所在地及昔歸茶村所屬縣級行政區。,包含城市、河谷及山地，需按鄉村尺度細分。,,臨滄茶旅規劃涉及的地域。,區級資料不能直接證明昔歸或其他村寨商品產地。,"[{""label"": ""臨滄市茶旅融合布局"", ""url"": ""https://lincang.gov.cn/artview/11/228949.html""}]"
PLC-000038,邦東鄉,邦東鄉,邦东乡,Bangdong Xiang,鄉鎮／茶產區,鄉,PLC-000037,23.9230864,100.3463938,,,OSM 公開鄉級標籤點；非鄉域邊界或茶園位置,昔歸村所屬鄉級地域；用作建立可追溯的行政路徑。,鄰近瀾滄江的山地與河谷條件須按具體村寨及茶園測量。,,,邦東與昔歸是上、下級地理語境，不應作同義詞。,"[{""label"": ""臨滄市茶村規劃資料"", ""url"": ""https://lincang.gov.cn/zfxxgk_lcs_zfcxjsj/artview/933/283393.html""}]"
PLC-000039,昔歸村,昔歸村,昔归村,Xigui Cun,村寨／高風險商業產區名,村寨,PLC-000038,,,,,村寨；無網站自定茶園邊界,臨滄官方茶旅與村莊規劃反覆列入的茶村；本庫只採可核地理層級與官方記錄。,官方概述河谷山地環境；具體數值與樹齡仍待獨立調查。,,昔歸—冰島茶文化旅線上的地點。,商品『昔歸』需有村寨及批次追溯，不能僅以包裝或風味證明。,"[{""label"": ""臨滄市茶旅融合布局"", ""url"": ""https://lincang.gov.cn/artview/11/228949.html""}, {""label"": ""臨滄市茶村規劃"", ""url"": ""https://lincang.gov.cn/zfxxgk_lcs_zfcxjsj/artview/933/283393.html""}]"
PLC-000040,雲縣,雲縣,云县,Yun Xian,行政區／古茶資源區,縣,PLC-000033,24.3526033,100.2996622,,,OSM 行政區 relation 標籤點；非縣域幾何中心或茶園位置,白鶯山古茶園所在縣，列入臨滄古茶走廊及茶旅規劃。,縣域尺度差異大，需分到村寨及樣地。,,白鶯山古茶資源所在地。,縣域資料不可替代白鶯山古茶園的具體邊界。,"[{""label"": ""雲南省林草局答覆"", ""url"": ""https://lcj.yn.gov.cn/html/2023/jianyitianbanli_0525/68936.html""}]"
PLC-000041,白鶯山,白鶯山,白莺山,Baiying Shan,古茶園／茶山,山地古茶園區,PLC-000040,,,,,山地區域；未以單點代表整片古茶園,雲南省林草部門列為重要古茶資源與規劃保護對象；本庫不採未經名錄核對的個別樹齡宣傳。,官方資料強調古茶資源類型與山地環境；樣地數據待專項研究。,,臨滄古茶走廊涉及的地點。,古茶樹數量、類型及樹齡說法須以正式調查名錄為準。,"[{""label"": ""雲南省林草局：白鶯山古茶園保護答覆"", ""url"": ""https://lcj.yn.gov.cn/html/2023/jianyitianbanli_0525/68936.html""}]"
PLC-000042,鳳慶縣,鳳慶縣,凤庆县,Fengqing Xian,行政區／主要茶區,縣,PLC-000033,24.5972728,99.9085952,,,OSM 行政區 relation 標籤點；非縣域幾何中心或茶園位置,雲南重點茶葉加工與茶文化區，適合比較普洱茶原料流動與滇紅製程分流。,山地海拔與管理條件多樣。,,臨滄茶馬文化與茶旅規劃涉及的地域。,鳳慶以滇紅著名，但縣域內原料可進入不同茶類；茶類與產地不可混為一項。,"[{""label"": ""雲南省茶產業布局"", ""url"": ""https://nync.yn.gov.cn/html/2021/guihuaxinxi_1112/381334.html""}, {""label"": ""臨滄市茶旅融合布局"", ""url"": ""https://lincang.gov.cn/artview/11/228949.html""}]"
PLC-000043,永德縣,永德縣,永德县,Yongde Xian,行政區／茶產區,縣,PLC-000033,24.07721,99.4224286,,,OSM 行政區 relation 標籤點；非縣域幾何中心或茶園位置,列入雲南茶葉加工園區與臨滄現代熟茶產業規劃的縣域。,縣域自然條件需細分至具體鄉村及茶園。,,,加工園區定位不代表縣內所有原料或產品採相同工藝。,"[{""label"": ""雲南省茶產業十四五規劃"", ""url"": ""https://nync.yn.gov.cn/html/2021/guihuaxinxi_1112/381334.html""}, {""label"": ""臨滄市茶旅融合布局"", ""url"": ""https://lincang.gov.cn/artview/11/228949.html""}]"
PLC-000044,勐海縣,勐海縣,勐海县,Menghai Xian,行政區／研究與加工中心,縣,PLC-000004,21.9598828,100.4511886,,,OSM 行政區 relation 標籤點；非縣域幾何中心或茶園位置,西雙版納主要茶產區及加工地區，布朗山、賀開、南糯山與勐宋等地理名稱須再分層。,跨山地與盆地，多種茶園管理方式並存。,傣族 | 哈尼族 | 布朗族等,古茶山與多民族茶文化區域。,縣域包含多個茶山、鄉鎮與加工地區；『勐海味』不是可直接測量的全縣屬性。,"[{""label"": ""雲南省茶產業布局"", ""url"": ""https://nync.yn.gov.cn/html/2021/guihuaxinxi_1112/381334.html""}, {""label"": ""雲南省農業農村廳茶區資料"", ""url"": ""https://nync.yn.gov.cn/html/2021/yunnongkuanxun-new_0420/377927.html""}]"
PLC-000045,勐臘縣,勐臘縣,勐腊县,Mengla Xian,行政區／古茶山區域,縣,PLC-000004,21.6551382,101.4786177,,,OSM 行政區 relation 標籤點；非縣域幾何中心或茶園位置,易武鎮與象明彝族鄉所在縣，是研究古六大茶山、茶號與跨境流通的重要地域。,熱帶季風山地條件並不均一。,傣族 | 瑤族 | 彝族等,易武古鎮及古茶山文化所在地。,易武、象明及古六大茶山名稱具有不同歷史與行政邊界。,"[{""label"": ""雲南省民政廳：易武地名文化"", ""url"": ""https://ynmz.yn.gov.cn/index.php/cms/dimingfengcai/10083.html""}, {""label"": ""雲南省村莊布局資料"", ""url"": ""https://dnr.yn.gov.cn/uploadfile/s58/2024/1107/20241107030635303.pdf""}]"
PLC-000046,易武鎮,易武鎮,易武镇,Yiwu Zhen,鄉鎮／歷史茶業地點,鎮,PLC-000045,21.9811738,101.4693972,,,OSM 公開鎮級標籤點；非鎮域或茶區邊界,雲南官方地名資料記錄其清代茶業、商路與文物線索；是茶號與跨境流通研究的重要入口。,鎮域包含多個村寨與山地，不以單一風味描述。,傣族 | 瑤族等,茶馬交通與茶葉集散史上的地點。,行政鎮、古鎮、易武茶區與商品名的範圍並不完全重合。,"[{""label"": ""雲南省民政廳：易武"", ""url"": ""https://ynmz.yn.gov.cn/index.php/cms/dimingfengcai/10083.html""}]"
PLC-000047,易武茶區,易武茶區,易武茶区,Yiwu Tea Area,歷史茶區／高風險商業產區名,歷史／產業茶區,PLC-000046,,,,,文化與產業用區名；非單一法定邊界,圍繞易武鎮形成的歷史與產業茶區概念；本庫把它與行政鎮及個別村寨分開。,不同村寨、坡向及管理條件不能由一個區名概括。,,研究古六大茶山與茶馬交通的重要地域。,須說明所採易武範圍、村寨清單與年代；不可由商品名推定行政產地。,"[{""label"": ""雲南省民政廳：易武地名文化"", ""url"": ""https://ynmz.yn.gov.cn/index.php/cms/dimingfengcai/10083.html""}]"
PLC-000048,象明彝族鄉,象明彝族鄉,象明彝族乡,Xiangming Yizu Xiang,鄉鎮／古茶山區域,民族鄉,PLC-000045,22.128449,101.3095341,,,OSM 行政區 relation 標籤點；非鄉域或茶區邊界,勐臘縣內與多個古茶山名稱相關的行政鄉；適合作為歷史地名映射的上級行政單位。,山地村寨分散，生態資料需逐點核對。,彝族等,古六大茶山相關地域。,古茶山名稱與今日鄉界不能直接視作完全一致。,"[{""label"": ""雲南省縣域村莊布局專項規劃"", ""url"": ""https://dnr.yn.gov.cn/uploadfile/s58/2024/1107/20241107030635303.pdf""}]"
PLC-000049,倚邦茶山,倚邦茶山,倚邦茶山,Yibang Tea Mountain,歷史茶山／商業產區名,歷史茶山／村寨地域,PLC-000048,22.2098862,101.3239115,,,OSM 倚邦村公開標籤點；作歷史茶山地域參考，不代表茶山邊界,清代本草與茶史引文常見的六茶山名稱之一；網站以史料版本與今日行政路徑並列。,待補有樣地、日期及方法的公開研究。,,古六大茶山文獻中常見的地名。,清代文獻中的倚邦、今日村寨與商品來源需逐層對讀。,"[{""label"": ""《本草綱目拾遺》普洱茶條"", ""url"": ""https://zh.wikisource.org/zh-hant/%E6%9C%AC%E8%8D%89%E7%B6%B1%E7%9B%AE%E6%8B%BE%E9%81%BA""}, {""label"": ""雲南省村莊布局資料"", ""url"": ""https://dnr.yn.gov.cn/uploadfile/s58/2024/1107/20241107030635303.pdf""}]"
PLC-000050,景洪市,景洪市,景洪市,Jinghong Shi,行政區／產業中心,縣級市,PLC-000004,22.0147814,100.7983916,,,OSM 行政區 relation 標籤點；非市域幾何中心或茶園位置,西雙版納州府，亦是茶葉流通、研究及文化活動的集中地；基諾山等茶區位於其行政脈絡。,市域跨度大，不作單一風土描述。,傣族 | 基諾族 | 哈尼族等,,市域含城市與多個山地鄉鎮，不代表單一茶區。,"[{""label"": ""雲南省茶產業布局"", ""url"": ""https://nync.yn.gov.cn/html/2021/guihuaxinxi_1112/381334.html""}]"
PLC-000051,基諾山基諾族鄉（攸樂茶山語境）,基諾山基諾族鄉（攸樂茶山語境）,基诺山基诺族乡（攸乐茶山语境）,Jinuoshan Jinuozu Xiang,鄉鎮／歷史茶山,民族鄉／歷史茶山語境,PLC-000050,22.0390346,101.0039779,,,OSM 行政區 relation 標籤點；行政鄉與攸樂茶山歷史語境不可視作同一邊界,用來連接清代六茶山文獻中的攸樂與今日基諾山行政地理，並保留兩者不完全等同的警示。,待補官方調查或具方法的樣地資料。,基諾族,古六大茶山文獻中常見的地名。,『攸樂』是歷史茶山名稱；與今日基諾山鄉的關係須按史料與行政沿革解釋。,"[{""label"": ""《本草綱目拾遺》普洱茶條"", ""url"": ""https://zh.wikisource.org/zh-hant/%E6%9C%AC%E8%8D%89%E7%B6%B1%E7%9B%AE%E6%8B%BE%E9%81%BA""}]"
PLC-000052,南糯山,南糯山,南糯山,Nannuo Shan,山地茶區／種質來源地,山地茶區,PLC-000044,21.9368249,100.6051658,,,Wikidata 山體座標；不代表南糯山茶區或任何茶園邊界,官方品種資料記載雲抗10號由勐海縣南糯山群體中選育；也是雲南常見茶山名稱。,不可由茶山名稱推定所有樣品的基因型或品質。,哈尼族等,與茶樹種質選育史相關的地點。,研究材料、地方群體與商品名須保留採樣村寨及批次。,"[{""label"": ""芒市農業主導品種指引：雲抗10號來源"", ""url"": ""https://www.dhms.gov.cn/nyj/Web/_F0_0_5S5P97GF529CA4CE8871470487.htm""}, {""label"": ""雲南省農業農村廳茶區資料"", ""url"": ""https://nync.yn.gov.cn/html/2021/yunnongkuanxun-new_0420/377927.html""}]"
PLC-000053,思茅區,思茅區,思茅区,Simao Qu,行政區／加工與研究中心,市轄區,PLC-000008,22.7618309,100.7910996,,,OSM 行政區 relation 標籤點；非區域幾何中心或茶園位置,普洱市中心城區，集茶葉加工、檢驗、教育與流通活動於一地；亦列入雲南重點茶葉加工園。,城市／區級資訊不能替代茶園樣地。,,近現代普洱茶產業活動集中的地域。,歷史『思茅』行政稱謂曾變動；引用須附年代。,"[{""label"": ""雲南省茶產業十四五規劃"", ""url"": ""https://nync.yn.gov.cn/html/2021/guihuaxinxi_1112/381334.html""}]"
PLC-000054,寧洱哈尼族彝族自治縣,寧洱哈尼族彝族自治縣,宁洱哈尼族彝族自治县,Ning'er Hanizu Yizu Zizhixian,行政區／歷史地名核心,自治縣,PLC-000008,23.0975051,101.2015402,,,OSM 行政區 relation 標籤點；非縣域幾何中心或茶園位置,理解『普洱』地名演變、府治與茶葉集散時不可略過的縣域；網站把歷史與現代行政稱謂分開。,縣域條件多樣，地名史不直接形成風味結論。,哈尼族 | 彝族等,研究普洱府與茶馬交通史的重要地域。,歷史普洱府、普洱縣、寧洱縣與今日普洱市不是同一尺度。,"[{""label"": ""《道光普洱府志》數碼影像"", ""url"": ""https://commons.wikimedia.org/wiki/File:%EF%BC%88%E9%81%93%E5%85%89%EF%BC%89%E6%99%AE%E6%B4%B1%E5%BA%9C%E5%BF%97_-_%E9%81%93%E5%85%89%E4%BA%8C%E5%8D%81%E5%B9%B4_(1840).pdf""}]"
PLC-000055,鎮沅彝族哈尼族拉祜族自治縣,鎮沅彝族哈尼族拉祜族自治縣,镇沅彝族哈尼族拉祜族自治县,Zhenyuan Yizu Hanizu Lahuzu Zizhixian,行政區／古茶資源區,自治縣,PLC-000008,23.9298788,100.9375874,,,OSM 行政區 relation 標籤點；非縣域幾何中心或茶園位置,哀牢山千家寨野生茶樹群落所在縣，是野生茶樹保護與種質研究的重要地域。,保護區資料不得泛化到全縣茶園。,彝族 | 哈尼族 | 拉祜族等,古茶樹保護與監測地域。,縣域與千家寨保護區／古茶樹群落須分開。,"[{""label"": ""雲南省林草局：鎮沅古茶樹監測"", ""url"": ""https://lcj.yn.gov.cn/html/2026/zuixindongtai_0121/76016.html""}]"
PLC-000056,哀牢山千家寨野生茶樹群落,哀牢山千家寨野生茶樹群落,哀牢山千家寨野生茶树群落,Ailaoshan Qianjiazhai Wild Tea Population,野生茶樹群落／保護研究點,自然保護區內種群／樣地語境,PLC-000055,,,,,保護區群落；不公開敏感個體座標,雲南省林草部門持續監測的野生古茶樹資源，用於種質、起源與保護研究。,位於哀牢山自然保護區；採樣與公開位置需遵守保護規範。,,野生茶樹保護與科學監測地點。,個體樹齡與『世界最老』等稱號須依檢測方法及最新保護部門資料，不作商品背書。,"[{""label"": ""雲南省林草局：千家寨古茶樹體檢"", ""url"": ""https://lcj.yn.gov.cn/html/2026/zuixindongtai_0121/76016.html""}]"
PLC-000057,景東彝族自治縣,景東彝族自治縣,景东彝族自治县,Jingdong Yizu Zizhixian,行政區／山地茶區,自治縣,PLC-000008,24.3828662,100.8265221,,,OSM 行政區 relation 標籤點；非縣域幾何中心或茶園位置,無量山相關茶區與生態研究的重要縣域。,山地與保護區條件多樣，需引用具體樣地研究。,彝族等,,無量山跨越自然與行政尺度，不能以縣名代替具體樣地。,"[{""label"": ""雲南省農業農村廳茶區資料"", ""url"": ""https://nync.yn.gov.cn/html/2021/yunnongkuanxun-new_0420/377927.html""}]"
PLC-000058,無量山茶區,無量山茶區,无量山茶区,Wuliangshan Tea Area,山地茶區／研究採樣地域,山脈／產業茶區,PLC-000057,,,,,山脈與茶區概稱；非單一行政邊界,雲南官方茶區資料列出的知名山地產區之一，本庫亦有與景邁樣本比較的化學指紋研究。,山脈尺度內環境變異甚大。,,,研究採樣點及市場區名可能跨縣，必須保留原文座標或村寨。,"[{""label"": ""雲南省農業農村廳茶區資料"", ""url"": ""https://nync.yn.gov.cn/html/2021/yunnongkuanxun-new_0420/377927.html""}, {""label"": ""本庫兩區揮發性指紋研究"", ""document_id"": ""DOC-000422""}]"
PLC-000059,景谷傣族彝族自治縣,景谷傣族彝族自治縣,景谷傣族彝族自治县,Jinggu Daizu Yizu Zizhixian,行政區／茶產區,自治縣,PLC-000008,23.5020342,100.7110063,,,OSM 行政區 relation 標籤點；非縣域幾何中心或茶園位置,普洱市茶葉與古茶資源分布縣域之一，納入全市地理骨架以避免只集中景邁。,待補官方資源調查及具方法的樣地資料。,傣族 | 彝族等,,縣域茶葉可有不同原料及製程，不以行政名稱推定茶類。,"[{""label"": ""普洱傳統茶農業系統申報文件"", ""url"": ""https://www.fao.org/fileadmin/user_upload/giahs/docs/Proposal-for-Puer.pdf""}]"
PLC-000060,保山市,保山市,保山市,Baoshan Shi,行政區／主要產茶區,地級市,PLC-000003,25.1147115,99.1591622,,,OSM 行政區 relation 標籤點；非市域幾何中心或茶園位置,雲南茶葉重點州市之一，具有大葉種栽培及多茶類加工；應與臨滄、普洱及西雙版納分區比較。,高黎貢山及多個河谷山地造成顯著差異。,,,保山同時有紅茶、綠茶及普洱原料等不同產業路徑。,"[{""label"": ""雲南省茶產業十四五規劃"", ""url"": ""https://nync.yn.gov.cn/html/2021/guihuaxinxi_1112/381334.html""}]"
PLC-000061,昌寧縣,昌寧縣,昌宁县,Changning Xian,行政區／茶產區,縣,PLC-000060,24.8256972,99.6104198,,,OSM 行政區 relation 標籤點；非縣域幾何中心或茶園位置,雲南規劃中的重點茶葉加工園區之一，可用於補足保山茶區與品種栽培資料。,縣域差異需按茶園與研究樣地處理。,,,地方栽培品種推薦不代表所有茶園或所有產品原料相同。,"[{""label"": ""雲南省茶產業十四五規劃"", ""url"": ""https://nync.yn.gov.cn/html/2021/guihuaxinxi_1112/381334.html""}]"
PLC-000062,德宏傣族景頗族自治州,德宏傣族景頗族自治州,德宏傣族景颇族自治州,Dehong Daizu Jingpozu Zizhizhou,行政區／主要產茶區,自治州,PLC-000003,24.4363819,98.5850386,,,OSM 行政區 relation 標籤點；非自治州幾何中心或茶園位置,雲南茶葉重點州市之一，亦有官方主導品種與栽培技術資料。,邊境河谷及山地差異明顯。,傣族 | 景頗族等,,屬雲南大葉種與多茶類生產地域，不能以州名推定產品符合普洱地理標誌。,"[{""label"": ""雲南省茶產業十四五規劃"", ""url"": ""https://nync.yn.gov.cn/html/2021/guihuaxinxi_1112/381334.html""}]"
PLC-000063,芒市,芒市,芒市,Mang Shi,行政區／品種推廣資料點,縣級市,PLC-000062,24.4369028,98.5886667,,,OSM 行政區 relation 標籤點；非市域幾何中心或茶園位置,地方農業部門公開雲抗10號等茶樹品種來源、審定與性狀資料，可作種質條目的一手行政來源。,品種表現仍受立地、管理與年份影響。,傣族 | 景頗族等,,農業主導品種指引屬區域推廣資訊，不是個別茶品原料證明。,"[{""label"": ""2024年芒市農業主導品種主推技術指引"", ""url"": ""https://www.dhms.gov.cn/nyj/Web/_F0_0_5S5P97GF529CA4CE8871470487.htm""}]"
PLC-000064,紅河哈尼族彝族自治州,紅河哈尼族彝族自治州,红河哈尼族彝族自治州,Honghe Hanizu Yizu Zizhizhou,行政區／地理標誌保護範圍,自治州,PLC-000003,23.3634018,103.3716107,,,OSM 行政區 relation 標籤點；非自治州幾何中心或茶園位置,GB/T 22111相關管理文件列入的11個州（市）之一；本庫以此補足法律範圍，不暗示是主要產量中心。,州域跨越多種生態帶。,哈尼族 | 彝族等,,屬地理標誌保護範圍不等於所有茶葉自動符合標準。,"[{""label"": ""普洱茶地理標誌保護管理辦法"", ""url"": ""https://nync.yn.gov.cn/html/2009/shengweishengzhengfushenongwenjian_0626/399901.html?cid=5781""}]"
PLC-000065,文山壯族苗族自治州,文山壯族苗族自治州,文山壮族苗族自治州,Wenshan Zhuangzu Miaozu Zizhizhou,行政區／地理標誌保護範圍,自治州,PLC-000003,23.399102,104.2172181,,,OSM 行政區 relation 標籤點；非自治州幾何中心或茶園位置,普洱茶地理標誌管理文件列入的州域之一，用於呈現保護範圍不是只限三大主產區。,州域多樣，暫不作茶園尺度概括。,壯族 | 苗族等,,法律保護範圍與實際茶園、原料及加工批次仍須追溯。,"[{""label"": ""普洱茶地理標誌保護管理辦法"", ""url"": ""https://nync.yn.gov.cn/html/2009/shengweishengzhengfushenongwenjian_0626/399901.html?cid=5781""}]"
