sensory_term_id,term_traditional,term_simplified,pinyin,english,category,definition,operational_note,reference_materials,similar_terms,contrast_terms,defect_flag,sources,curation_status,updated_at
SEN-000005,勻整,匀整,yún zhěng,even appearance,乾茶外形,樣品在粗細、長短、色澤與完整度方面分布較一致。,可分開記錄大小勻度與色澤勻度，避免以單一印象代替觀察。,,潔淨,雜夾 | 斷碎,0,"[{""label"": ""GB/T 14487-2017《茶葉感官審評術語》官方記錄"", ""url"": ""https://std.samr.gov.cn/gb/search/gbDetailed?id=71F772D8225AD3A7E05397BE0A0AB82A""}, {""label"": ""GB/T 23776-2018《茶葉感官審評方法》官方記錄"", ""url"": ""https://std.samr.gov.cn/gb/search/gbDetailed?id=71F772D82CD3D3A7E05397BE0A0AB82A""}]",SOURCE_CHECKED,2026-09-12T07:43:33+00:00
SEN-000009,斷碎,断碎,duàn suì,broken leaf,乾茶外形,樣品中碎葉、斷條或細末比例較高，完整葉條較少。,應記錄取樣與拆茶方式，因運輸、撬取及篩分都可改變斷碎程度。,,雜夾,勻整,1,"[{""label"": ""GB/T 14487-2017《茶葉感官審評術語》官方記錄"", ""url"": ""https://std.samr.gov.cn/gb/search/gbDetailed?id=71F772D8225AD3A7E05397BE0A0AB82A""}, {""label"": ""GB/T 23776-2018《茶葉感官審評方法》官方記錄"", ""url"": ""https://std.samr.gov.cn/gb/search/gbDetailed?id=71F772D82CD3D3A7E05397BE0A0AB82A""}]",SOURCE_CHECKED,2026-09-12T07:43:33+00:00
SEN-000001,條索,条索,tiáo suǒ,leaf style,乾茶外形,描述散茶或緊壓茶拆解後，芽、葉及梗所形成的長短、粗細、彎直與完整程度。,記錄時先描述可見形態，再判斷整齊度；不可由條索直接推斷樹齡或山頭。,,緊結 | 肥壯,斷碎,0,"[{""label"": ""GB/T 14487-2017《茶葉感官審評術語》官方記錄"", ""url"": ""https://std.samr.gov.cn/gb/search/gbDetailed?id=71F772D8225AD3A7E05397BE0A0AB82A""}, {""label"": ""GB/T 23776-2018《茶葉感官審評方法》官方記錄"", ""url"": ""https://std.samr.gov.cn/gb/search/gbDetailed?id=71F772D82CD3D3A7E05397BE0A0AB82A""}]",SOURCE_CHECKED,2026-09-12T07:43:33+00:00
SEN-000007,油潤,油润,yóu rùn,lustrous,乾茶外形,乾茶表面呈自然光澤、色澤不枯暗的視覺屬性。,使用一致光源和觀察角度；不可把外加油脂或過度反光誤作正常油潤。,,色澤褐潤,,0,"[{""label"": ""GB/T 14487-2017《茶葉感官審評術語》官方記錄"", ""url"": ""https://std.samr.gov.cn/gb/search/gbDetailed?id=71F772D8225AD3A7E05397BE0A0AB82A""}, {""label"": ""GB/T 23776-2018《茶葉感官審評方法》官方記錄"", ""url"": ""https://std.samr.gov.cn/gb/search/gbDetailed?id=71F772D82CD3D3A7E05397BE0A0AB82A""}]",SOURCE_CHECKED,2026-09-12T07:43:33+00:00
SEN-000006,潔淨,洁净,jié jìng,clean appearance,乾茶外形,視覺檢查未見明顯非茶夾雜物、污染物或不屬於樣品規格的物料。,感官潔淨不等於食品安全合格；異物、污染物及農殘仍須按抽樣和檢測方法確認。,,勻整,雜夾,0,"[{""label"": ""GB/T 14487-2017《茶葉感官審評術語》官方記錄"", ""url"": ""https://std.samr.gov.cn/gb/search/gbDetailed?id=71F772D8225AD3A7E05397BE0A0AB82A""}, {""label"": ""GB/T 23776-2018《茶葉感官審評方法》官方記錄"", ""url"": ""https://std.samr.gov.cn/gb/search/gbDetailed?id=71F772D82CD3D3A7E05397BE0A0AB82A""}]",SOURCE_CHECKED,2026-09-12T07:43:33+00:00
SEN-000012,緊壓端正,紧压端正,jǐn yā duān zhèng,well-formed compressed shape,乾茶外形,餅、磚、沱等緊壓茶輪廓規整，厚薄及邊緣大致均勻。,另記鬆緊度、脫面、裂隙及內外用料；端正只屬外形，不代表內質。,,勻整,,0,"[{""label"": ""GB/T 14487-2017《茶葉感官審評術語》官方記錄"", ""url"": ""https://std.samr.gov.cn/gb/search/gbDetailed?id=71F772D8225AD3A7E05397BE0A0AB82A""}, {""label"": ""GB/T 23776-2018《茶葉感官審評方法》官方記錄"", ""url"": ""https://std.samr.gov.cn/gb/search/gbDetailed?id=71F772D82CD3D3A7E05397BE0A0AB82A""}]",SOURCE_CHECKED,2026-09-12T07:43:33+00:00
SEN-000002,緊結,紧结,jǐn jié,tightly rolled,乾茶外形,葉條捲結較緊、組織感密實，視覺上不顯鬆散。,只描述成形狀態；須與原料嫩度、揉捻方式及乾燥條件分開記錄。,,條索,鬆泡,0,"[{""label"": ""GB/T 14487-2017《茶葉感官審評術語》官方記錄"", ""url"": ""https://std.samr.gov.cn/gb/search/gbDetailed?id=71F772D8225AD3A7E05397BE0A0AB82A""}, {""label"": ""GB/T 23776-2018《茶葉感官審評方法》官方記錄"", ""url"": ""https://std.samr.gov.cn/gb/search/gbDetailed?id=71F772D82CD3D3A7E05397BE0A0AB82A""}]",SOURCE_CHECKED,2026-09-12T07:43:33+00:00
SEN-000003,肥壯,肥壮,féi zhuàng,stout,乾茶外形,芽葉較粗大、飽滿而具厚實感的外形描述。,應與同批樣品比較；肥壯不等於品質必然較高，也不能單獨證明大葉種或古樹。,,條索 | 葉底肥厚,斷碎,0,"[{""label"": ""GB/T 14487-2017《茶葉感官審評術語》官方記錄"", ""url"": ""https://std.samr.gov.cn/gb/search/gbDetailed?id=71F772D8225AD3A7E05397BE0A0AB82A""}, {""label"": ""GB/T 23776-2018《茶葉感官審評方法》官方記錄"", ""url"": ""https://std.samr.gov.cn/gb/search/gbDetailed?id=71F772D82CD3D3A7E05397BE0A0AB82A""}]",SOURCE_CHECKED,2026-09-12T07:43:33+00:00
SEN-000011,色澤褐潤,色泽褐润,sè zé hè rùn,brown and lustrous,乾茶外形,乾茶以褐色調為主，並呈自然、均勻而不枯暗的光澤。,須與茶類、年份及製程一起記錄；褐色不能單獨用來判斷熟茶或陳年。,,油潤,,0,"[{""label"": ""GB/T 14487-2017《茶葉感官審評術語》官方記錄"", ""url"": ""https://std.samr.gov.cn/gb/search/gbDetailed?id=71F772D8225AD3A7E05397BE0A0AB82A""}, {""label"": ""GB/T 23776-2018《茶葉感官審評方法》官方記錄"", ""url"": ""https://std.samr.gov.cn/gb/search/gbDetailed?id=71F772D82CD3D3A7E05397BE0A0AB82A""}]",SOURCE_CHECKED,2026-09-12T07:43:33+00:00
SEN-000010,雜夾,杂夹,zá jiā,extraneous matter,乾茶外形,樣品中出現不屬於既定茶葉規格的茶梗、老葉或非茶物料。,先客觀列出物料種類與比例；是否構成不合格須依產品標準及抽樣結果判定。,,斷碎,潔淨 | 勻整,1,"[{""label"": ""GB/T 14487-2017《茶葉感官審評術語》官方記錄"", ""url"": ""https://std.samr.gov.cn/gb/search/gbDetailed?id=71F772D8225AD3A7E05397BE0A0AB82A""}, {""label"": ""GB/T 23776-2018《茶葉感官審評方法》官方記錄"", ""url"": ""https://std.samr.gov.cn/gb/search/gbDetailed?id=71F772D82CD3D3A7E05397BE0A0AB82A""}]",SOURCE_CHECKED,2026-09-12T07:43:33+00:00
SEN-000004,顯毫,显毫,xiǎn háo,visible trichomes,乾茶外形,芽葉表面茸毛在正常光線下清楚可見。,記錄光線、放大倍率及乾濕狀態；茸毛多少受嫩度、品種和加工影響。,,肥壯,,0,"[{""label"": ""GB/T 14487-2017《茶葉感官審評術語》官方記錄"", ""url"": ""https://std.samr.gov.cn/gb/search/gbDetailed?id=71F772D8225AD3A7E05397BE0A0AB82A""}, {""label"": ""GB/T 23776-2018《茶葉感官審評方法》官方記錄"", ""url"": ""https://std.samr.gov.cn/gb/search/gbDetailed?id=71F772D82CD3D3A7E05397BE0A0AB82A""}]",SOURCE_CHECKED,2026-09-12T07:43:33+00:00
SEN-000008,鬆泡,松泡,sōng pào,loosely formed,乾茶外形,葉條或緊壓結構較疏鬆、體積感大而密實度低。,須說明評的是散茶條索還是緊壓茶結構；兩者不可混用同一尺度。,,,緊結,0,"[{""label"": ""GB/T 14487-2017《茶葉感官審評術語》官方記錄"", ""url"": ""https://std.samr.gov.cn/gb/search/gbDetailed?id=71F772D8225AD3A7E05397BE0A0AB82A""}, {""label"": ""GB/T 23776-2018《茶葉感官審評方法》官方記錄"", ""url"": ""https://std.samr.gov.cn/gb/search/gbDetailed?id=71F772D82CD3D3A7E05397BE0A0AB82A""}]",SOURCE_CHECKED,2026-09-12T07:43:33+00:00
SEN-000073,刺激感,刺激感,cì jī gǎn,pungency or irritation,口感,口腔或咽部出現刺、辣、灼、尖銳或不尋常麻感的總稱。,須描述部位與類型；若伴隨化學品、霉敗或強烈異味，停止品飲並檢查安全。,,酸味,軟 | 醇和,1,"[{""label"": ""GB/T 14487-2017《茶葉感官審評術語》官方記錄"", ""url"": ""https://std.samr.gov.cn/gb/search/gbDetailed?id=71F772D8225AD3A7E05397BE0A0AB82A""}, {""label"": ""GB/T 23776-2018《茶葉感官審評方法》官方記錄"", ""url"": ""https://std.samr.gov.cn/gb/search/gbDetailed?id=71F772D82CD3D3A7E05397BE0A0AB82A""}]",SOURCE_CHECKED,2026-09-12T07:43:33+00:00
SEN-000072,收斂性,收敛性,shōu liǎn xìng,astringent contraction,口感,茶湯引起口腔組織乾燥、收緊與表面摩擦變化的程度及時間輪廓。,這是觸覺維度；記錄強度、位置、起始與消退，不與苦味混為一項。,,澀感,滑,0,"[{""label"": ""GB/T 14487-2017《茶葉感官審評術語》官方記錄"", ""url"": ""https://std.samr.gov.cn/gb/search/gbDetailed?id=71F772D8225AD3A7E05397BE0A0AB82A""}, {""label"": ""GB/T 23776-2018《茶葉感官審評方法》官方記錄"", ""url"": ""https://std.samr.gov.cn/gb/search/gbDetailed?id=71F772D82CD3D3A7E05397BE0A0AB82A""}]",SOURCE_CHECKED,2026-09-12T07:43:33+00:00
SEN-000068,滑,滑,huá,smooth mouthfeel,口感,茶湯在舌面與口腔移動時摩擦感低、流動連續。,與稠度、甜味和澀感分開評分；溫度會改變滑感。,,綿 | 軟,粗澀 | 澀感,0,"[{""label"": ""GB/T 14487-2017《茶葉感官審評術語》官方記錄"", ""url"": ""https://std.samr.gov.cn/gb/search/gbDetailed?id=71F772D8225AD3A7E05397BE0A0AB82A""}, {""label"": ""GB/T 23776-2018《茶葉感官審評方法》官方記錄"", ""url"": ""https://std.samr.gov.cn/gb/search/gbDetailed?id=71F772D82CD3D3A7E05397BE0A0AB82A""}]",SOURCE_CHECKED,2026-09-12T07:43:33+00:00
SEN-000069,稠,稠,chóu,viscous mouthfeel,口感,茶湯在口腔中呈較高黏度、流動速度較慢或具有濃稠感。,稠度不等同濃味；須在相同溫度與茶水比下比較。,,醇厚 | 綿,水味,0,"[{""label"": ""GB/T 14487-2017《茶葉感官審評術語》官方記錄"", ""url"": ""https://std.samr.gov.cn/gb/search/gbDetailed?id=71F772D8225AD3A7E05397BE0A0AB82A""}, {""label"": ""GB/T 23776-2018《茶葉感官審評方法》官方記錄"", ""url"": ""https://std.samr.gov.cn/gb/search/gbDetailed?id=71F772D82CD3D3A7E05397BE0A0AB82A""}]",SOURCE_CHECKED,2026-09-12T07:43:33+00:00
SEN-000070,綿,绵,mián,softly coating mouthfeel,口感,茶湯接觸感柔和、連續並帶有細緻包覆感。,屬口感聯想詞；評審組應用共同樣品校準，並與滑、稠分開。,,滑 | 軟 | 稠,刺激感,0,"[{""label"": ""GB/T 14487-2017《茶葉感官審評術語》官方記錄"", ""url"": ""https://std.samr.gov.cn/gb/search/gbDetailed?id=71F772D8225AD3A7E05397BE0A0AB82A""}, {""label"": ""GB/T 23776-2018《茶葉感官審評方法》官方記錄"", ""url"": ""https://std.samr.gov.cn/gb/search/gbDetailed?id=71F772D82CD3D3A7E05397BE0A0AB82A""}]",SOURCE_CHECKED,2026-09-12T07:43:33+00:00
SEN-000071,軟,软,ruǎn,soft mouthfeel,口感,茶湯刺激較低、邊緣感不尖銳，入口柔順。,軟不等於淡；須同時記錄滋味強度與結構。,,醇和 | 綿,刺激感 | 粗澀,0,"[{""label"": ""GB/T 14487-2017《茶葉感官審評術語》官方記錄"", ""url"": ""https://std.samr.gov.cn/gb/search/gbDetailed?id=71F772D8225AD3A7E05397BE0A0AB82A""}, {""label"": ""GB/T 23776-2018《茶葉感官審評方法》官方記錄"", ""url"": ""https://std.samr.gov.cn/gb/search/gbDetailed?id=71F772D82CD3D3A7E05397BE0A0AB82A""}]",SOURCE_CHECKED,2026-09-12T07:43:33+00:00
SEN-000016,橙紅,橙红,chéng hóng,orange-red liquor,湯色,茶湯以橙色為主並帶紅色調，介於橙黃與紅色系列之間。,只記色相，不由此單獨判定氧化、熟化或倉儲程度。,,橙黃 | 紅濃,,0,"[{""label"": ""GB/T 14487-2017《茶葉感官審評術語》官方記錄"", ""url"": ""https://std.samr.gov.cn/gb/search/gbDetailed?id=71F772D8225AD3A7E05397BE0A0AB82A""}, {""label"": ""GB/T 23776-2018《茶葉感官審評方法》官方記錄"", ""url"": ""https://std.samr.gov.cn/gb/search/gbDetailed?id=71F772D82CD3D3A7E05397BE0A0AB82A""}]",SOURCE_CHECKED,2026-09-12T07:43:33+00:00
SEN-000015,橙黃,橙黄,chéng huáng,orange-yellow liquor,湯色,茶湯以黃色為主並帶橙色調，較金黃偏紅。,應在相同茶水比、時間和溫度下比較，否則濃度差會改變色相。,,金黃 | 橙紅,,0,"[{""label"": ""GB/T 14487-2017《茶葉感官審評術語》官方記錄"", ""url"": ""https://std.samr.gov.cn/gb/search/gbDetailed?id=71F772D8225AD3A7E05397BE0A0AB82A""}, {""label"": ""GB/T 23776-2018《茶葉感官審評方法》官方記錄"", ""url"": ""https://std.samr.gov.cn/gb/search/gbDetailed?id=71F772D82CD3D3A7E05397BE0A0AB82A""}]",SOURCE_CHECKED,2026-09-12T07:43:33+00:00
SEN-000021,清澈,清澈,qīng chè,clear liquor,湯色,茶湯透明度較高，肉眼所見懸浮微粒或霧狀散射較少。,茶毫、碎末與冷後渾並非同一原因；須記錄過濾、溫度及靜置時間。,,湯色明亮,渾濁,0,"[{""label"": ""GB/T 14487-2017《茶葉感官審評術語》官方記錄"", ""url"": ""https://std.samr.gov.cn/gb/search/gbDetailed?id=71F772D8225AD3A7E05397BE0A0AB82A""}, {""label"": ""GB/T 23776-2018《茶葉感官審評方法》官方記錄"", ""url"": ""https://std.samr.gov.cn/gb/search/gbDetailed?id=71F772D82CD3D3A7E05397BE0A0AB82A""}]",SOURCE_CHECKED,2026-09-12T07:43:33+00:00
SEN-000022,渾濁,浑浊,hún zhuó,turbid liquor,湯色,茶湯因懸浮物或光散射而透明度降低，呈霧狀或不清。,先排除細末、茶毫、杯具和冷卻造成的暫時現象，再判斷是否為製程或保存缺陷。,,,清澈 | 湯色明亮,1,"[{""label"": ""GB/T 14487-2017《茶葉感官審評術語》官方記錄"", ""url"": ""https://std.samr.gov.cn/gb/search/gbDetailed?id=71F772D8225AD3A7E05397BE0A0AB82A""}, {""label"": ""GB/T 23776-2018《茶葉感官審評方法》官方記錄"", ""url"": ""https://std.samr.gov.cn/gb/search/gbDetailed?id=71F772D82CD3D3A7E05397BE0A0AB82A""}]",SOURCE_CHECKED,2026-09-12T07:43:33+00:00
SEN-000020,湯色明亮,汤色明亮,tāng sè míng liàng,bright liquor,湯色,茶湯具有清晰反光與較高視覺明度，不顯灰暗。,明亮與清澈相關但不相同；光源、杯壁和懸浮物要分開控制。,,清澈 | 金黃,渾濁,0,"[{""label"": ""GB/T 14487-2017《茶葉感官審評術語》官方記錄"", ""url"": ""https://std.samr.gov.cn/gb/search/gbDetailed?id=71F772D8225AD3A7E05397BE0A0AB82A""}, {""label"": ""GB/T 23776-2018《茶葉感官審評方法》官方記錄"", ""url"": ""https://std.samr.gov.cn/gb/search/gbDetailed?id=71F772D82CD3D3A7E05397BE0A0AB82A""}]",SOURCE_CHECKED,2026-09-12T07:43:33+00:00
SEN-000017,紅濃,红浓,hóng nóng,deep red liquor,湯色,茶湯紅色調明顯且色度較深。,須把色度與透亮度分開；深色茶湯仍可清澈，也可能因細末而混濁。,,紅褐 | 褐紅,黃綠,0,"[{""label"": ""GB/T 14487-2017《茶葉感官審評術語》官方記錄"", ""url"": ""https://std.samr.gov.cn/gb/search/gbDetailed?id=71F772D8225AD3A7E05397BE0A0AB82A""}, {""label"": ""GB/T 23776-2018《茶葉感官審評方法》官方記錄"", ""url"": ""https://std.samr.gov.cn/gb/search/gbDetailed?id=71F772D82CD3D3A7E05397BE0A0AB82A""}]",SOURCE_CHECKED,2026-09-12T07:43:33+00:00
SEN-000018,紅褐,红褐,hóng hè,reddish-brown liquor,湯色,茶湯兼具紅與褐色調，以紅色感較突出。,記錄為視覺描述；不可把紅褐直接寫成特定年份或倉型證據。,,褐紅 | 紅濃,黃綠,0,"[{""label"": ""GB/T 14487-2017《茶葉感官審評術語》官方記錄"", ""url"": ""https://std.samr.gov.cn/gb/search/gbDetailed?id=71F772D8225AD3A7E05397BE0A0AB82A""}, {""label"": ""GB/T 23776-2018《茶葉感官審評方法》官方記錄"", ""url"": ""https://std.samr.gov.cn/gb/search/gbDetailed?id=71F772D82CD3D3A7E05397BE0A0AB82A""}]",SOURCE_CHECKED,2026-09-12T07:43:33+00:00
SEN-000019,褐紅,褐红,hè hóng,brownish-red liquor,湯色,茶湯兼具褐與紅色調，以褐色感較突出。,與紅褐成對比較時，評審小組應先用色板建立共同尺度。,,紅褐,,0,"[{""label"": ""GB/T 14487-2017《茶葉感官審評術語》官方記錄"", ""url"": ""https://std.samr.gov.cn/gb/search/gbDetailed?id=71F772D8225AD3A7E05397BE0A0AB82A""}, {""label"": ""GB/T 23776-2018《茶葉感官審評方法》官方記錄"", ""url"": ""https://std.samr.gov.cn/gb/search/gbDetailed?id=71F772D82CD3D3A7E05397BE0A0AB82A""}]",SOURCE_CHECKED,2026-09-12T07:43:33+00:00
SEN-000014,金黃,金黄,jīn huáng,golden liquor,湯色,茶湯呈明顯、飽和而明亮的金黃色調。,同時記錄明度及清澈度；沖泡濃度和杯具可顯著改變觀感。,,橙黃 | 湯色明亮,渾濁,0,"[{""label"": ""GB/T 14487-2017《茶葉感官審評術語》官方記錄"", ""url"": ""https://std.samr.gov.cn/gb/search/gbDetailed?id=71F772D8225AD3A7E05397BE0A0AB82A""}, {""label"": ""GB/T 23776-2018《茶葉感官審評方法》官方記錄"", ""url"": ""https://std.samr.gov.cn/gb/search/gbDetailed?id=71F772D82CD3D3A7E05397BE0A0AB82A""}]",SOURCE_CHECKED,2026-09-12T07:43:33+00:00
SEN-000013,黃綠,黄绿,huáng lǜ,yellow-green liquor,湯色,茶湯色相介於黃色與綠色，以黃中帶綠或綠中帶黃呈現。,使用白底、固定杯深與光源描述色相；不要把色相直接等同年份。,,金黃,紅褐,0,"[{""label"": ""GB/T 14487-2017《茶葉感官審評術語》官方記錄"", ""url"": ""https://std.samr.gov.cn/gb/search/gbDetailed?id=71F772D8225AD3A7E05397BE0A0AB82A""}, {""label"": ""GB/T 23776-2018《茶葉感官審評方法》官方記錄"", ""url"": ""https://std.samr.gov.cn/gb/search/gbDetailed?id=71F772D82CD3D3A7E05397BE0A0AB82A""}]",SOURCE_CHECKED,2026-09-12T07:43:33+00:00
SEN-000064,回味持久,回味持久,huí wèi chí jiǔ,persistent aftertaste,滋味,吞咽或吐出茶湯後，可辨識的味覺、口感或鼻後香維持較長時間。,用秒數或固定時間點記錄，並寫明留下的是甜、苦、澀、香或其他感受。,,回甘 | 香氣持久,,0,"[{""label"": ""GB/T 14487-2017《茶葉感官審評術語》官方記錄"", ""url"": ""https://std.samr.gov.cn/gb/search/gbDetailed?id=71F772D8225AD3A7E05397BE0A0AB82A""}, {""label"": ""GB/T 23776-2018《茶葉感官審評方法》官方記錄"", ""url"": ""https://std.samr.gov.cn/gb/search/gbDetailed?id=71F772D82CD3D3A7E05397BE0A0AB82A""}]",SOURCE_CHECKED,2026-09-12T07:43:33+00:00
SEN-000062,回甘,回甘,huí gān,returning sweetness,滋味,茶湯咽下或吐出後，口腔中延後出現或增強的甜感。,記錄開始時間、位置、強度與持續時間；不要與入口甜或甜香混淆。,,甜味 | 回味持久,,0,"[{""label"": ""GB/T 14487-2017《茶葉感官審評術語》官方記錄"", ""url"": ""https://std.samr.gov.cn/gb/search/gbDetailed?id=71F772D8225AD3A7E05397BE0A0AB82A""}, {""label"": ""GB/T 23776-2018《茶葉感官審評方法》官方記錄"", ""url"": ""https://std.samr.gov.cn/gb/search/gbDetailed?id=71F772D82CD3D3A7E05397BE0A0AB82A""}]",SOURCE_CHECKED,2026-09-12T07:43:33+00:00
SEN-000060,水味,水味,shuǐ wèi,watery character,滋味,茶湯滋味與口腔結構感薄弱，呈現近似清水、滋味分離或後段迅速空掉的感受。,先排除茶水比、沖泡時間、水質與溫度因素；不可立即歸因於茶樣。,,滋味淡薄,濃厚,1,"[{""label"": ""GB/T 14487-2017《茶葉感官審評術語》官方記錄"", ""url"": ""https://std.samr.gov.cn/gb/search/gbDetailed?id=71F772D8225AD3A7E05397BE0A0AB82A""}, {""label"": ""GB/T 23776-2018《茶葉感官審評方法》官方記錄"", ""url"": ""https://std.samr.gov.cn/gb/search/gbDetailed?id=71F772D82CD3D3A7E05397BE0A0AB82A""}]",SOURCE_CHECKED,2026-09-12T07:43:33+00:00
SEN-000066,滋味淡薄,滋味淡薄,zī wèi dàn bó,thin taste,滋味,在標準化沖泡下，滋味強度、層次或持續度偏低。,須先排除投茶量不足、浸泡過短、水溫低或樣品不均。,,水味,濃厚 | 醇厚,1,"[{""label"": ""GB/T 14487-2017《茶葉感官審評術語》官方記錄"", ""url"": ""https://std.samr.gov.cn/gb/search/gbDetailed?id=71F772D8225AD3A7E05397BE0A0AB82A""}, {""label"": ""GB/T 23776-2018《茶葉感官審評方法》官方記錄"", ""url"": ""https://std.samr.gov.cn/gb/search/gbDetailed?id=71F772D82CD3D3A7E05397BE0A0AB82A""}]",SOURCE_CHECKED,2026-09-12T07:43:33+00:00
SEN-000065,滋味純正,滋味纯正,zī wèi chún zhèng,clean characteristic taste,滋味,滋味符合該樣品的茶類與製程背景，未見明顯外來、污染或敗壞味。,純正不是『沒有苦澀』；須先界定樣品組別及可接受變異。,,醇和,酸餿氣 | 異味,0,"[{""label"": ""GB/T 14487-2017《茶葉感官審評術語》官方記錄"", ""url"": ""https://std.samr.gov.cn/gb/search/gbDetailed?id=71F772D8225AD3A7E05397BE0A0AB82A""}, {""label"": ""GB/T 23776-2018《茶葉感官審評方法》官方記錄"", ""url"": ""https://std.samr.gov.cn/gb/search/gbDetailed?id=71F772D82CD3D3A7E05397BE0A0AB82A""}]",SOURCE_CHECKED,2026-09-12T07:43:33+00:00
SEN-000056,澀感,涩感,sè gǎn,astringency,滋味,口腔表面出現乾燥、收緊或摩擦增加的觸覺感受，不是基本味覺。,與苦味分開評分，記錄位置、強度、細緻度及持續時間。,由受訓審評小組選定的茶樣,收斂性 | 粗澀,滑,0,"[{""label"": ""GB/T 14487-2017《茶葉感官審評術語》官方記錄"", ""url"": ""https://std.samr.gov.cn/gb/search/gbDetailed?id=71F772D8225AD3A7E05397BE0A0AB82A""}, {""label"": ""GB/T 23776-2018《茶葉感官審評方法》官方記錄"", ""url"": ""https://std.samr.gov.cn/gb/search/gbDetailed?id=71F772D82CD3D3A7E05397BE0A0AB82A""}]",SOURCE_CHECKED,2026-09-12T07:43:33+00:00
SEN-000051,濃厚,浓厚,nóng hòu,strong and full-bodied,滋味,茶湯可感物質強度與口腔重量感均較高，滋味內容充足。,須控制茶水比和浸泡時間；過濃沖泡不能直接用來比較茶樣本身。,,濃醇 | 醇厚,滋味淡薄 | 水味,0,"[{""label"": ""GB/T 14487-2017《茶葉感官審評術語》官方記錄"", ""url"": ""https://std.samr.gov.cn/gb/search/gbDetailed?id=71F772D8225AD3A7E05397BE0A0AB82A""}, {""label"": ""GB/T 23776-2018《茶葉感官審評方法》官方記錄"", ""url"": ""https://std.samr.gov.cn/gb/search/gbDetailed?id=71F772D82CD3D3A7E05397BE0A0AB82A""}]",SOURCE_CHECKED,2026-09-12T07:43:33+00:00
SEN-000052,濃醇,浓醇,nóng chún,strong yet mellow,滋味,滋味強度較高，同時保持柔和與協調，無明顯粗厲感。,可把『濃』和『醇』分別評分，以提高不同評審者的一致性。,,濃厚 | 醇厚,粗澀,0,"[{""label"": ""GB/T 14487-2017《茶葉感官審評術語》官方記錄"", ""url"": ""https://std.samr.gov.cn/gb/search/gbDetailed?id=71F772D8225AD3A7E05397BE0A0AB82A""}, {""label"": ""GB/T 23776-2018《茶葉感官審評方法》官方記錄"", ""url"": ""https://std.samr.gov.cn/gb/search/gbDetailed?id=71F772D82CD3D3A7E05397BE0A0AB82A""}]",SOURCE_CHECKED,2026-09-12T07:43:33+00:00
SEN-000058,甜味,甜味,tián wèi,sweetness,滋味,入口時可直接感知的甜基本味覺。,與回甘、甜香及熟果聯想分開；可用蔗糖參考液建立尺度。,蔗糖參考液,甜醇 | 回甘,苦味 | 酸味,0,"[{""label"": ""GB/T 14487-2017《茶葉感官審評術語》官方記錄"", ""url"": ""https://std.samr.gov.cn/gb/search/gbDetailed?id=71F772D8225AD3A7E05397BE0A0AB82A""}, {""label"": ""GB/T 23776-2018《茶葉感官審評方法》官方記錄"", ""url"": ""https://std.samr.gov.cn/gb/search/gbDetailed?id=71F772D82CD3D3A7E05397BE0A0AB82A""}]",SOURCE_CHECKED,2026-09-12T07:43:33+00:00
SEN-000053,甜醇,甜醇,tián chún,sweet and mellow,滋味,甜味或甜感清楚，整體滋味柔和協調。,區分入口甜、回甘與香氣引起的甜聯想；三者不可互相替代。,,醇和 | 甜味 | 回甘,酸味,0,"[{""label"": ""GB/T 14487-2017《茶葉感官審評術語》官方記錄"", ""url"": ""https://std.samr.gov.cn/gb/search/gbDetailed?id=71F772D8225AD3A7E05397BE0A0AB82A""}, {""label"": ""GB/T 23776-2018《茶葉感官審評方法》官方記錄"", ""url"": ""https://std.samr.gov.cn/gb/search/gbDetailed?id=71F772D82CD3D3A7E05397BE0A0AB82A""}]",SOURCE_CHECKED,2026-09-12T07:43:33+00:00
SEN-000063,生津,生津,shēng jīn,salivation,滋味,品飲後唾液分泌增加或口腔由乾轉潤的感受。,記錄口腔位置與時間；受個人生理、溫度、酸度及澀感影響，不宜作產品真偽依據。,,回甘,澀感,0,"[{""label"": ""GB/T 14487-2017《茶葉感官審評術語》官方記錄"", ""url"": ""https://std.samr.gov.cn/gb/search/gbDetailed?id=71F772D8225AD3A7E05397BE0A0AB82A""}, {""label"": ""GB/T 23776-2018《茶葉感官審評方法》官方記錄"", ""url"": ""https://std.samr.gov.cn/gb/search/gbDetailed?id=71F772D82CD3D3A7E05397BE0A0AB82A""}]",SOURCE_CHECKED,2026-09-12T07:43:33+00:00
SEN-000067,粗澀,粗涩,cū sè,coarse astringency,滋味,澀感顆粒粗、摩擦感強或持續黏滯，並與整體滋味不協調。,須與澀感強度分開；同樣強度的澀可以細緻，也可以粗糙。,,澀感 | 收斂性,滑 | 醇和,1,"[{""label"": ""GB/T 14487-2017《茶葉感官審評術語》官方記錄"", ""url"": ""https://std.samr.gov.cn/gb/search/gbDetailed?id=71F772D8225AD3A7E05397BE0A0AB82A""}, {""label"": ""GB/T 23776-2018《茶葉感官審評方法》官方記錄"", ""url"": ""https://std.samr.gov.cn/gb/search/gbDetailed?id=71F772D82CD3D3A7E05397BE0A0AB82A""}]",SOURCE_CHECKED,2026-09-12T07:43:33+00:00
SEN-000055,苦味,苦味,kǔ wèi,bitterness,滋味,由咖啡因、兒茶素等多種物質及其交互作用引起的基本味覺之一。,按強度、出現時間、消退速度及是否轉為回甘記錄；苦不必然是缺陷。,已確認安全的茶樣，按同一茶水比比較,澀感,甜味,0,"[{""label"": ""GB/T 14487-2017《茶葉感官審評術語》官方記錄"", ""url"": ""https://std.samr.gov.cn/gb/search/gbDetailed?id=71F772D8225AD3A7E05397BE0A0AB82A""}, {""label"": ""GB/T 23776-2018《茶葉感官審評方法》官方記錄"", ""url"": ""https://std.samr.gov.cn/gb/search/gbDetailed?id=71F772D82CD3D3A7E05397BE0A0AB82A""}]",SOURCE_CHECKED,2026-09-12T07:43:33+00:00
SEN-000061,苦澀協調,苦涩协调,kǔ sè xié tiáo,balanced bitterness and astringency,滋味,苦味與澀感雖可察覺，但強度、出現順序及消退方式與其他滋味保持平衡。,應先分項評分苦與澀，再記錄整體協調；避免用『化得快』等未定義語句。,,醇厚,粗澀,0,"[{""label"": ""GB/T 14487-2017《茶葉感官審評術語》官方記錄"", ""url"": ""https://std.samr.gov.cn/gb/search/gbDetailed?id=71F772D8225AD3A7E05397BE0A0AB82A""}, {""label"": ""GB/T 23776-2018《茶葉感官審評方法》官方記錄"", ""url"": ""https://std.samr.gov.cn/gb/search/gbDetailed?id=71F772D82CD3D3A7E05397BE0A0AB82A""}]",SOURCE_CHECKED,2026-09-12T07:43:33+00:00
SEN-000057,酸味,酸味,suān wèi,sourness,滋味,由有機酸等引起的基本味覺，呈酸、尖或發酵酸感。,低度酸可屬風味組成；若伴隨酸餿氣或刺鼻異味，應作缺陷與安全檢查。,低濃度檸檬酸溶液,刺激感,甜味,0,"[{""label"": ""GB/T 14487-2017《茶葉感官審評術語》官方記錄"", ""url"": ""https://std.samr.gov.cn/gb/search/gbDetailed?id=71F772D8225AD3A7E05397BE0A0AB82A""}, {""label"": ""GB/T 23776-2018《茶葉感官審評方法》官方記錄"", ""url"": ""https://std.samr.gov.cn/gb/search/gbDetailed?id=71F772D82CD3D3A7E05397BE0A0AB82A""}]",SOURCE_CHECKED,2026-09-12T07:43:33+00:00
SEN-000049,醇厚,醇厚,chún hòu,mellow and full-bodied,滋味,滋味協調、刺激不粗厲，同時具有較充實的濃度與口腔重量感。,分開評估協調度與厚度；避免把甜、滑、稠全部合併成一個總分。,,濃醇 | 醇和,滋味淡薄 | 粗澀,0,"[{""label"": ""GB/T 14487-2017《茶葉感官審評術語》官方記錄"", ""url"": ""https://std.samr.gov.cn/gb/search/gbDetailed?id=71F772D8225AD3A7E05397BE0A0AB82A""}, {""label"": ""GB/T 23776-2018《茶葉感官審評方法》官方記錄"", ""url"": ""https://std.samr.gov.cn/gb/search/gbDetailed?id=71F772D82CD3D3A7E05397BE0A0AB82A""}]",SOURCE_CHECKED,2026-09-12T07:43:33+00:00
SEN-000050,醇和,醇和,chún hé,mellow and harmonious,滋味,滋味柔和協調，苦、澀、酸或其他刺激不突出。,醇和主要描述協調與柔和，不必然表示濃厚。,,醇厚 | 甜醇,粗澀,0,"[{""label"": ""GB/T 14487-2017《茶葉感官審評術語》官方記錄"", ""url"": ""https://std.samr.gov.cn/gb/search/gbDetailed?id=71F772D8225AD3A7E05397BE0A0AB82A""}, {""label"": ""GB/T 23776-2018《茶葉感官審評方法》官方記錄"", ""url"": ""https://std.samr.gov.cn/gb/search/gbDetailed?id=71F772D82CD3D3A7E05397BE0A0AB82A""}]",SOURCE_CHECKED,2026-09-12T07:43:33+00:00
SEN-000059,鮮味,鲜味,xiān wèi,umami,滋味,使人聯想到氨基酸或鮮湯的基本味覺與飽滿感。,與鮮爽總體印象分開；不能只憑鮮味強弱推算茶氨酸含量。,低濃度谷氨酸鈉參考液,鮮爽,,0,"[{""label"": ""GB/T 14487-2017《茶葉感官審評術語》官方記錄"", ""url"": ""https://std.samr.gov.cn/gb/search/gbDetailed?id=71F772D8225AD3A7E05397BE0A0AB82A""}, {""label"": ""GB/T 23776-2018《茶葉感官審評方法》官方記錄"", ""url"": ""https://std.samr.gov.cn/gb/search/gbDetailed?id=71F772D82CD3D3A7E05397BE0A0AB82A""}]",SOURCE_CHECKED,2026-09-12T07:43:33+00:00
SEN-000054,鮮爽,鲜爽,xiān shuǎng,fresh and brisk,滋味,兼有鮮味、清新感與適度活性，入口不滯鈍。,可用鮮味、苦味、澀感及清新度分項校準；不是單一化合物的同義詞。,,鮮味,悶味 | 水味,0,"[{""label"": ""GB/T 14487-2017《茶葉感官審評術語》官方記錄"", ""url"": ""https://std.samr.gov.cn/gb/search/gbDetailed?id=71F772D8225AD3A7E05397BE0A0AB82A""}, {""label"": ""GB/T 23776-2018《茶葉感官審評方法》官方記錄"", ""url"": ""https://std.samr.gov.cn/gb/search/gbDetailed?id=71F772D82CD3D3A7E05397BE0A0AB82A""}]",SOURCE_CHECKED,2026-09-12T07:43:33+00:00
SEN-000076,葉底勻整,叶底匀整,yè dǐ yún zhěng,even infused leaf,葉底,沖泡後葉片在嫩度、大小、色澤及完整程度上較一致。,拼配茶可有合理差異；應按產品目的和樣品規格判讀。,,勻整,雜夾,0,"[{""label"": ""GB/T 14487-2017《茶葉感官審評術語》官方記錄"", ""url"": ""https://std.samr.gov.cn/gb/search/gbDetailed?id=71F772D8225AD3A7E05397BE0A0AB82A""}, {""label"": ""GB/T 23776-2018《茶葉感官審評方法》官方記錄"", ""url"": ""https://std.samr.gov.cn/gb/search/gbDetailed?id=71F772D82CD3D3A7E05397BE0A0AB82A""}]",SOURCE_CHECKED,2026-09-12T07:43:33+00:00
SEN-000077,葉底明亮,叶底明亮,yè dǐ míng liàng,bright infused leaf,葉底,沖泡後葉片色澤清晰、有自然光澤而不灰暗。,在濕潤、展平及固定光源下觀察；避免由手機自動白平衡判斷。,,油潤,,0,"[{""label"": ""GB/T 14487-2017《茶葉感官審評術語》官方記錄"", ""url"": ""https://std.samr.gov.cn/gb/search/gbDetailed?id=71F772D8225AD3A7E05397BE0A0AB82A""}, {""label"": ""GB/T 23776-2018《茶葉感官審評方法》官方記錄"", ""url"": ""https://std.samr.gov.cn/gb/search/gbDetailed?id=71F772D82CD3D3A7E05397BE0A0AB82A""}]",SOURCE_CHECKED,2026-09-12T07:43:33+00:00
SEN-000074,葉底柔軟,叶底柔软,yè dǐ róu ruǎn,soft infused leaf,葉底,沖泡後葉片觸壓時易彎曲、不硬脆，組織具有柔韌感。,在相同泡次和溫度下觀察；嫩度、製程、乾燥及儲存都會影響。,,葉底肥厚,葉底硬挺,0,"[{""label"": ""GB/T 14487-2017《茶葉感官審評術語》官方記錄"", ""url"": ""https://std.samr.gov.cn/gb/search/gbDetailed?id=71F772D8225AD3A7E05397BE0A0AB82A""}, {""label"": ""GB/T 23776-2018《茶葉感官審評方法》官方記錄"", ""url"": ""https://std.samr.gov.cn/gb/search/gbDetailed?id=71F772D82CD3D3A7E05397BE0A0AB82A""}]",SOURCE_CHECKED,2026-09-12T07:43:33+00:00
SEN-000080,葉底硬挺,叶底硬挺,yè dǐ yìng tǐng,stiff infused leaf,葉底,沖泡後葉片仍較硬、難展開或彎折回彈明顯。,可能與原料成熟度、殺青、揉捻、乾燥或沖泡不足有關；不能只憑感官確定成因。,,,葉底柔軟,1,"[{""label"": ""GB/T 14487-2017《茶葉感官審評術語》官方記錄"", ""url"": ""https://std.samr.gov.cn/gb/search/gbDetailed?id=71F772D8225AD3A7E05397BE0A0AB82A""}, {""label"": ""GB/T 23776-2018《茶葉感官審評方法》官方記錄"", ""url"": ""https://std.samr.gov.cn/gb/search/gbDetailed?id=71F772D82CD3D3A7E05397BE0A0AB82A""}]",SOURCE_CHECKED,2026-09-12T07:43:33+00:00
SEN-000078,葉底紅褐,叶底红褐,yè dǐ hóng hè,reddish-brown infused leaf,葉底,沖泡後葉底兼有紅與褐色調。,只記色相與均勻度；不能單靠葉底紅褐判定熟茶年份或倉型。,,紅褐,葉底黃綠,0,"[{""label"": ""GB/T 14487-2017《茶葉感官審評術語》官方記錄"", ""url"": ""https://std.samr.gov.cn/gb/search/gbDetailed?id=71F772D8225AD3A7E05397BE0A0AB82A""}, {""label"": ""GB/T 23776-2018《茶葉感官審評方法》官方記錄"", ""url"": ""https://std.samr.gov.cn/gb/search/gbDetailed?id=71F772D82CD3D3A7E05397BE0A0AB82A""}]",SOURCE_CHECKED,2026-09-12T07:43:33+00:00
SEN-000075,葉底肥厚,叶底肥厚,yè dǐ féi hòu,thick infused leaf,葉底,沖泡後葉片厚度與肉質感較明顯。,不可由肥厚單獨推斷品種、樹齡或產地；需配合植物及批次資料。,,肥壯 | 葉底柔軟,,0,"[{""label"": ""GB/T 14487-2017《茶葉感官審評術語》官方記錄"", ""url"": ""https://std.samr.gov.cn/gb/search/gbDetailed?id=71F772D8225AD3A7E05397BE0A0AB82A""}, {""label"": ""GB/T 23776-2018《茶葉感官審評方法》官方記錄"", ""url"": ""https://std.samr.gov.cn/gb/search/gbDetailed?id=71F772D82CD3D3A7E05397BE0A0AB82A""}]",SOURCE_CHECKED,2026-09-12T07:43:33+00:00
SEN-000079,葉底黃綠,叶底黄绿,yè dǐ huáng lǜ,yellow-green infused leaf,葉底,沖泡後葉底呈黃色與綠色的混合色調。,同時記錄明暗、勻度及紅變部位；不可用單一色名替代製程分析。,,黃綠,葉底紅褐,0,"[{""label"": ""GB/T 14487-2017《茶葉感官審評術語》官方記錄"", ""url"": ""https://std.samr.gov.cn/gb/search/gbDetailed?id=71F772D8225AD3A7E05397BE0A0AB82A""}, {""label"": ""GB/T 23776-2018《茶葉感官審評方法》官方記錄"", ""url"": ""https://std.samr.gov.cn/gb/search/gbDetailed?id=71F772D82CD3D3A7E05397BE0A0AB82A""}]",SOURCE_CHECKED,2026-09-12T07:43:33+00:00
SEN-000037,倉味,仓味,cāng wèi,warehouse note,香氣,市場上泛指與儲存環境有關的氣味，可能包括潮、木、紙箱、封閉空間或其他環境聯想。,不是科學上單一氣味；必須拆成具體描述並記錄倉儲條件，不能用來判定年份。,紙箱 | 封閉木櫃 | 潮濕空間,堆味 | 木香,清香,1,"[{""label"": ""GB/T 14487-2017《茶葉感官審評術語》官方記錄"", ""url"": ""https://std.samr.gov.cn/gb/search/gbDetailed?id=71F772D8225AD3A7E05397BE0A0AB82A""}, {""label"": ""GB/T 23776-2018《茶葉感官審評方法》官方記錄"", ""url"": ""https://std.samr.gov.cn/gb/search/gbDetailed?id=71F772D82CD3D3A7E05397BE0A0AB82A""}]",SOURCE_CHECKED,2026-09-12T07:43:33+00:00
SEN-000040,土腥味,土腥味,tǔ xīng wèi,earthy odor,香氣,使人聯想到濕土、泥土或土壤微生物活動的氣味。,與乾淨木香、菌香及霉味分開；若強烈或伴隨霉斑，應視作安全檢查信號。 本條用作描述已察覺的氣味；不要刻意嗅聞或試飲污染物，也不要自行配製化學參考液。,,菌香 | 霉味,清香,1,"[{""label"": ""GB/T 14487-2017《茶葉感官審評術語》官方記錄"", ""url"": ""https://std.samr.gov.cn/gb/search/gbDetailed?id=71F772D8225AD3A7E05397BE0A0AB82A""}, {""label"": ""GB/T 23776-2018《茶葉感官審評方法》官方記錄"", ""url"": ""https://std.samr.gov.cn/gb/search/gbDetailed?id=71F772D82CD3D3A7E05397BE0A0AB82A""}]",SOURCE_CHECKED,2026-09-12T07:43:33+00:00
SEN-000036,堆味,堆味,duī wèi,pile-fermentation note,香氣,熟茶渥堆後可能出現、使人聯想到濕熱發酵物料的特定氣味群。,市場用法不完全統一；記錄時須再寫具體聯想、強度及是否隨沖泡減弱。,溫熱濕茶葉 | 發酵穀物,倉味,陳香,1,"[{""label"": ""GB/T 14487-2017《茶葉感官審評術語》官方記錄"", ""url"": ""https://std.samr.gov.cn/gb/search/gbDetailed?id=71F772D8225AD3A7E05397BE0A0AB82A""}, {""label"": ""GB/T 23776-2018《茶葉感官審評方法》官方記錄"", ""url"": ""https://std.samr.gov.cn/gb/search/gbDetailed?id=71F772D82CD3D3A7E05397BE0A0AB82A""}]",SOURCE_CHECKED,2026-09-12T07:43:33+00:00
SEN-000041,悶味,闷味,mèn wèi,stale enclosed odor,香氣,氣味封閉、不清爽，使人聯想到長時間密閉、悶熱或不充分乾燥。,記錄是否在熱嗅、溫嗅或冷嗅出現，以及醒置後是否減弱。 本條用作描述已察覺的氣味；不要刻意嗅聞或試飲污染物，也不要自行配製化學參考液。,,倉味,清香,1,"[{""label"": ""GB/T 14487-2017《茶葉感官審評術語》官方記錄"", ""url"": ""https://std.samr.gov.cn/gb/search/gbDetailed?id=71F772D8225AD3A7E05397BE0A0AB82A""}, {""label"": ""GB/T 23776-2018《茶葉感官審評方法》官方記錄"", ""url"": ""https://std.samr.gov.cn/gb/search/gbDetailed?id=71F772D82CD3D3A7E05397BE0A0AB82A""}]",SOURCE_CHECKED,2026-09-12T07:43:33+00:00
SEN-000035,日曬氣,日晒气,rì shài qì,sun-dried note,香氣,評審者用來描述日光乾燥樣品常見的暖乾草、日照纖維或曬物聯想。,屬操作性聯想詞，尚不能由嗅覺單獨驗證乾燥方式；須由製程記錄支持。,日曬乾草 | 曬乾布料,青氣,悶味,0,"[{""label"": ""GB/T 14487-2017《茶葉感官審評術語》官方記錄"", ""url"": ""https://std.samr.gov.cn/gb/search/gbDetailed?id=71F772D8225AD3A7E05397BE0A0AB82A""}, {""label"": ""GB/T 23776-2018《茶葉感官審評方法》官方記錄"", ""url"": ""https://std.samr.gov.cn/gb/search/gbDetailed?id=71F772D82CD3D3A7E05397BE0A0AB82A""}]",SOURCE_CHECKED,2026-09-12T07:43:33+00:00
SEN-000028,木香,木香,mù xiāng,woody aroma,香氣,使人聯想到乾木、木屑、木櫃或樹皮的香氣群。,須區分乾淨木質聯想與潮木、霉木或倉味，並寫明強度。,乾木片 | 樹皮,陳香,霉味 | 倉味,0,"[{""label"": ""GB/T 14487-2017《茶葉感官審評術語》官方記錄"", ""url"": ""https://std.samr.gov.cn/gb/search/gbDetailed?id=71F772D8225AD3A7E05397BE0A0AB82A""}, {""label"": ""GB/T 23776-2018《茶葉感官審評方法》官方記錄"", ""url"": ""https://std.samr.gov.cn/gb/search/gbDetailed?id=71F772D82CD3D3A7E05397BE0A0AB82A""}]",SOURCE_CHECKED,2026-09-12T07:43:33+00:00
SEN-000025,果香,果香,guǒ xiāng,fruity aroma,香氣,使人聯想到新鮮、熟成、乾燥或蜜餞水果的香氣群。,須指明水果家族與熟度，如柑橘、核果或乾果，避免泛化。,柑橘皮 | 熟果 | 乾果,甜香 | 花香,酸餿氣,0,"[{""label"": ""GB/T 14487-2017《茶葉感官審評術語》官方記錄"", ""url"": ""https://std.samr.gov.cn/gb/search/gbDetailed?id=71F772D8225AD3A7E05397BE0A0AB82A""}, {""label"": ""GB/T 23776-2018《茶葉感官審評方法》官方記錄"", ""url"": ""https://std.samr.gov.cn/gb/search/gbDetailed?id=71F772D82CD3D3A7E05397BE0A0AB82A""}]",SOURCE_CHECKED,2026-09-12T07:43:33+00:00
SEN-000047,樟香聯想,樟香联想,zhāng xiāng lián xiǎng,camphor-like association,香氣,使人聯想到樟木、樟腦或清涼木質調的感官聯想。,屬市場常用聯想詞，不能證明茶與樟樹共生、特定產地或倉儲年代。 本條用作描述已察覺的氣味；不要刻意嗅聞或試飲污染物，也不要自行配製化學參考液。,,木香,,0,"[{""label"": ""GB/T 14487-2017《茶葉感官審評術語》官方記錄"", ""url"": ""https://std.samr.gov.cn/gb/search/gbDetailed?id=71F772D8225AD3A7E05397BE0A0AB82A""}, {""label"": ""GB/T 23776-2018《茶葉感官審評方法》官方記錄"", ""url"": ""https://std.samr.gov.cn/gb/search/gbDetailed?id=71F772D82CD3D3A7E05397BE0A0AB82A""}]",SOURCE_CHECKED,2026-09-12T07:43:33+00:00
SEN-000023,清香,清香,qīng xiāng,fresh clean aroma,香氣,氣味清晰、輕快而無明顯陳、堆或焦氣的香氣總稱。,總稱必須再配具體聯想詞與強度；避免只寫『香』。,嫩葉 | 新鮮草本,青氣,悶味 | 異味,0,"[{""label"": ""GB/T 14487-2017《茶葉感官審評術語》官方記錄"", ""url"": ""https://std.samr.gov.cn/gb/search/gbDetailed?id=71F772D8225AD3A7E05397BE0A0AB82A""}, {""label"": ""GB/T 23776-2018《茶葉感官審評方法》官方記錄"", ""url"": ""https://std.samr.gov.cn/gb/search/gbDetailed?id=71F772D82CD3D3A7E05397BE0A0AB82A""}]",SOURCE_CHECKED,2026-09-12T07:43:33+00:00
SEN-000042,焦味,焦味,jiāo wèi,scorched odor,香氣,使人聯想到焦葉、焦糊或過度受熱物料的氣味。,與正面的烘焙或焦糖聯想分開；可結合葉底焦邊、碳化及殺青記錄判讀。,焦葉 | 焦麵包,煙味,焦糖香,1,"[{""label"": ""GB/T 14487-2017《茶葉感官審評術語》官方記錄"", ""url"": ""https://std.samr.gov.cn/gb/search/gbDetailed?id=71F772D8225AD3A7E05397BE0A0AB82A""}, {""label"": ""GB/T 23776-2018《茶葉感官審評方法》官方記錄"", ""url"": ""https://std.samr.gov.cn/gb/search/gbDetailed?id=71F772D82CD3D3A7E05397BE0A0AB82A""}]",SOURCE_CHECKED,2026-09-12T07:43:33+00:00
SEN-000032,焦糖香,焦糖香,jiāo táng xiāng,caramel-like aroma,香氣,使人聯想到焦糖、烘烤糖或深色糖漿的香氣。,與燒焦、炭化或煙味分開；過強且刺鼻時可能屬熱損傷。,焦糖 | 黑糖漿,甜香,焦味,0,"[{""label"": ""GB/T 14487-2017《茶葉感官審評術語》官方記錄"", ""url"": ""https://std.samr.gov.cn/gb/search/gbDetailed?id=71F772D8225AD3A7E05397BE0A0AB82A""}, {""label"": ""GB/T 23776-2018《茶葉感官審評方法》官方記錄"", ""url"": ""https://std.samr.gov.cn/gb/search/gbDetailed?id=71F772D82CD3D3A7E05397BE0A0AB82A""}]",SOURCE_CHECKED,2026-09-12T07:43:33+00:00
SEN-000033,煙味,烟味,yān wèi,smoky aroma,香氣,使人聯想到木煙、煙燻或燃燒產物的氣味。,記錄來源未知；可能來自燃料、加工環境、包裝或後期污染，不宜先判定成因。 本條用作描述已察覺的氣味；不要刻意嗅聞或試飲污染物，也不要自行配製化學參考液。,,焦味,清香,1,"[{""label"": ""GB/T 14487-2017《茶葉感官審評術語》官方記錄"", ""url"": ""https://std.samr.gov.cn/gb/search/gbDetailed?id=71F772D8225AD3A7E05397BE0A0AB82A""}, {""label"": ""GB/T 23776-2018《茶葉感官審評方法》官方記錄"", ""url"": ""https://std.samr.gov.cn/gb/search/gbDetailed?id=71F772D82CD3D3A7E05397BE0A0AB82A""}]",SOURCE_CHECKED,2026-09-12T07:43:33+00:00
SEN-000027,甜香,甜香,tián xiāng,sweet aroma,香氣,嗅聞時引起糖、熟果、烘焙或焦糖等甜味聯想的香氣。,嗅覺甜香與味覺甜味分開評分；可再用蜜、糖或熟果作子類。,熟果 | 焦糖,蜜香 | 焦糖香,,0,"[{""label"": ""GB/T 14487-2017《茶葉感官審評術語》官方記錄"", ""url"": ""https://std.samr.gov.cn/gb/search/gbDetailed?id=71F772D8225AD3A7E05397BE0A0AB82A""}, {""label"": ""GB/T 23776-2018《茶葉感官審評方法》官方記錄"", ""url"": ""https://std.samr.gov.cn/gb/search/gbDetailed?id=71F772D82CD3D3A7E05397BE0A0AB82A""}]",SOURCE_CHECKED,2026-09-12T07:43:33+00:00
SEN-000043,異味,异味,yì wèi,foreign odor,香氣,不屬於樣品預期香氣、且可感知為外來污染或不協調的氣味總稱。,必須補寫具體聯想和可能接觸源，例如香料、清潔劑、煙、塑膠或包裝。,,倉味 | 霉味,香氣純正,1,"[{""label"": ""GB/T 14487-2017《茶葉感官審評術語》官方記錄"", ""url"": ""https://std.samr.gov.cn/gb/search/gbDetailed?id=71F772D8225AD3A7E05397BE0A0AB82A""}, {""label"": ""GB/T 23776-2018《茶葉感官審評方法》官方記錄"", ""url"": ""https://std.samr.gov.cn/gb/search/gbDetailed?id=71F772D82CD3D3A7E05397BE0A0AB82A""}]",SOURCE_CHECKED,2026-09-12T07:43:33+00:00
SEN-000031,糯甜香,糯甜香,nuò tián xiāng,sweet glutinous-rice aroma,香氣,使人聯想到蒸糯米、米糕或熟穀物的甜暖香氣。,須核對產品是否加入糯米香葉或其他配料；天然聯想與配料香氣不可混寫。,蒸糯米 | 米糕,甜香,水味,0,"[{""label"": ""GB/T 14487-2017《茶葉感官審評術語》官方記錄"", ""url"": ""https://std.samr.gov.cn/gb/search/gbDetailed?id=71F772D8225AD3A7E05397BE0A0AB82A""}, {""label"": ""GB/T 23776-2018《茶葉感官審評方法》官方記錄"", ""url"": ""https://std.samr.gov.cn/gb/search/gbDetailed?id=71F772D82CD3D3A7E05397BE0A0AB82A""}]",SOURCE_CHECKED,2026-09-12T07:43:33+00:00
SEN-000024,花香,花香,huā xiāng,floral aroma,香氣,使人聯想到鮮花、乾花或花蜜的芳香群。,應補充具體參考物，例如白花、桂花或乾花；聯想不表示實際加入花材。,白花 | 桂花 | 乾花,蜜香 | 果香,霉味,0,"[{""label"": ""GB/T 14487-2017《茶葉感官審評術語》官方記錄"", ""url"": ""https://std.samr.gov.cn/gb/search/gbDetailed?id=71F772D8225AD3A7E05397BE0A0AB82A""}, {""label"": ""GB/T 23776-2018《茶葉感官審評方法》官方記錄"", ""url"": ""https://std.samr.gov.cn/gb/search/gbDetailed?id=71F772D82CD3D3A7E05397BE0A0AB82A""}]",SOURCE_CHECKED,2026-09-12T07:43:33+00:00
SEN-000030,菌香,菌香,jūn xiāng,mushroom-like aroma,香氣,使人聯想到乾淨食用菇、乾菌或發酵菌類的氣味。,只作聯想詞，不表示已鑑定某菌種；與霉味及土腥味分開。,乾香菇 | 乾菌,陳香,霉味 | 土腥味,0,"[{""label"": ""GB/T 14487-2017《茶葉感官審評術語》官方記錄"", ""url"": ""https://std.samr.gov.cn/gb/search/gbDetailed?id=71F772D8225AD3A7E05397BE0A0AB82A""}, {""label"": ""GB/T 23776-2018《茶葉感官審評方法》官方記錄"", ""url"": ""https://std.samr.gov.cn/gb/search/gbDetailed?id=71F772D82CD3D3A7E05397BE0A0AB82A""}]",SOURCE_CHECKED,2026-09-12T07:43:33+00:00
SEN-000048,藥材香聯想,药材香联想,yào cái xiāng lián xiǎng,dried-herb association,香氣,使人聯想到乾燥根、皮、籽或傳統藥材櫃的複合香氣。,必須指出具體參考物；感官聯想不代表含有藥材，也不構成醫療功效。,乾燥陳皮 | 甘草 | 乾根材,陳香 | 木香,,0,"[{""label"": ""GB/T 14487-2017《茶葉感官審評術語》官方記錄"", ""url"": ""https://std.samr.gov.cn/gb/search/gbDetailed?id=71F772D8225AD3A7E05397BE0A0AB82A""}, {""label"": ""GB/T 23776-2018《茶葉感官審評方法》官方記錄"", ""url"": ""https://std.samr.gov.cn/gb/search/gbDetailed?id=71F772D82CD3D3A7E05397BE0A0AB82A""}]",SOURCE_CHECKED,2026-09-12T07:43:33+00:00
SEN-000026,蜜香,蜜香,mì xiāng,honey-like aroma,香氣,使人聯想到蜂蜜、花蜜或蜜蠟的甜潤香氣。,只屬感官聯想，不代表樣品含蜂蜜或有外加糖。,蜂蜜 | 蜜蠟,甜香 | 花香,,0,"[{""label"": ""GB/T 14487-2017《茶葉感官審評術語》官方記錄"", ""url"": ""https://std.samr.gov.cn/gb/search/gbDetailed?id=71F772D8225AD3A7E05397BE0A0AB82A""}, {""label"": ""GB/T 23776-2018《茶葉感官審評方法》官方記錄"", ""url"": ""https://std.samr.gov.cn/gb/search/gbDetailed?id=71F772D82CD3D3A7E05397BE0A0AB82A""}]",SOURCE_CHECKED,2026-09-12T07:43:33+00:00
SEN-000039,酸餿氣,酸馊气,suān sōu qì,sour-spoiled odor,香氣,使人聯想到酸敗食物、餿水或失控發酵的刺鼻酸氣。,屬明顯缺陷信號；應停止常規品飲並檢查水分、衛生及批次狀態。 本條用作描述已察覺的氣味；不要刻意嗅聞或試飲污染物，也不要自行配製化學參考液。,,酸味,香氣純正,1,"[{""label"": ""GB/T 14487-2017《茶葉感官審評術語》官方記錄"", ""url"": ""https://std.samr.gov.cn/gb/search/gbDetailed?id=71F772D8225AD3A7E05397BE0A0AB82A""}, {""label"": ""GB/T 23776-2018《茶葉感官審評方法》官方記錄"", ""url"": ""https://std.samr.gov.cn/gb/search/gbDetailed?id=71F772D82CD3D3A7E05397BE0A0AB82A""}]",SOURCE_CHECKED,2026-09-12T07:43:33+00:00
SEN-000029,陳香,陈香,chén xiāng,aged aroma,香氣,在適當保存與時間變化後形成、整體乾淨協調的成熟香氣描述。,必須排除霉、潮、酸餿及異味；陳香不能單獨證明年份或倉儲地。,乾燥舊木 | 乾果皮 | 熟成穀物,木香,霉味 | 倉味,0,"[{""label"": ""GB/T 14487-2017《茶葉感官審評術語》官方記錄"", ""url"": ""https://std.samr.gov.cn/gb/search/gbDetailed?id=71F772D8225AD3A7E05397BE0A0AB82A""}, {""label"": ""GB/T 23776-2018《茶葉感官審評方法》官方記錄"", ""url"": ""https://std.samr.gov.cn/gb/search/gbDetailed?id=71F772D82CD3D3A7E05397BE0A0AB82A""}]",SOURCE_CHECKED,2026-09-12T07:43:33+00:00
SEN-000038,霉味,霉味,méi wèi,mouldy odor,香氣,使人聯想到可見霉菌、霉濕紙張、霉布或地下室的異常氣味。,感官發現只代表風險信號；不要試飲可疑樣品，並以外觀、含水、微生物或毒素檢測再判定。 本條用作描述已察覺的氣味；不要刻意嗅聞或試飲污染物，也不要自行配製化學參考液。,,倉味 | 土腥味,陳香 | 香氣純正,1,"[{""label"": ""GB/T 14487-2017《茶葉感官審評術語》官方記錄"", ""url"": ""https://std.samr.gov.cn/gb/search/gbDetailed?id=71F772D8225AD3A7E05397BE0A0AB82A""}, {""label"": ""GB/T 23776-2018《茶葉感官審評方法》官方記錄"", ""url"": ""https://std.samr.gov.cn/gb/search/gbDetailed?id=71F772D82CD3D3A7E05397BE0A0AB82A""}]",SOURCE_CHECKED,2026-09-12T07:43:33+00:00
SEN-000034,青氣,青气,qīng qì,green note,香氣,使人聯想到鮮草、青葉、青豆或未熟植物組織的氣味。,青氣可因原料、殺青、乾燥或保存而異；需與清香的正面乾淨感分開。,折斷青葉 | 青豆,清香,陳香,0,"[{""label"": ""GB/T 14487-2017《茶葉感官審評術語》官方記錄"", ""url"": ""https://std.samr.gov.cn/gb/search/gbDetailed?id=71F772D8225AD3A7E05397BE0A0AB82A""}, {""label"": ""GB/T 23776-2018《茶葉感官審評方法》官方記錄"", ""url"": ""https://std.samr.gov.cn/gb/search/gbDetailed?id=71F772D82CD3D3A7E05397BE0A0AB82A""}]",SOURCE_CHECKED,2026-09-12T07:43:33+00:00
SEN-000045,香氣持久,香气持久,xiāng qì chí jiǔ,persistent aroma,香氣,香氣在多次嗅聞、降溫或多泡沖泡後仍可辨識。,以固定時間點或泡次記錄，不用『很久』等無尺度語句。,,香氣高揚,,0,"[{""label"": ""GB/T 14487-2017《茶葉感官審評術語》官方記錄"", ""url"": ""https://std.samr.gov.cn/gb/search/gbDetailed?id=71F772D8225AD3A7E05397BE0A0AB82A""}, {""label"": ""GB/T 23776-2018《茶葉感官審評方法》官方記錄"", ""url"": ""https://std.samr.gov.cn/gb/search/gbDetailed?id=71F772D82CD3D3A7E05397BE0A0AB82A""}]",SOURCE_CHECKED,2026-09-12T07:43:33+00:00
SEN-000044,香氣純正,香气纯正,xiāng qì chún zhèng,clean characteristic aroma,香氣,香氣符合該樣品的製程和茶類背景，無明顯雜氣、污染或失調感。,純正不是固定香型；評審需先定義樣品組別及參考範圍。,,清香,異味 | 霉味,0,"[{""label"": ""GB/T 14487-2017《茶葉感官審評術語》官方記錄"", ""url"": ""https://std.samr.gov.cn/gb/search/gbDetailed?id=71F772D8225AD3A7E05397BE0A0AB82A""}, {""label"": ""GB/T 23776-2018《茶葉感官審評方法》官方記錄"", ""url"": ""https://std.samr.gov.cn/gb/search/gbDetailed?id=71F772D82CD3D3A7E05397BE0A0AB82A""}]",SOURCE_CHECKED,2026-09-12T07:43:33+00:00
SEN-000046,香氣高揚,香气高扬,xiāng qì gāo yáng,highly expressive aroma,香氣,開杯或熱嗅時香氣強度高、擴散快且容易察覺。,高揚描述強度與擴散，不等於香氣持久、細緻或品質較高。,,香氣持久,,0,"[{""label"": ""GB/T 14487-2017《茶葉感官審評術語》官方記錄"", ""url"": ""https://std.samr.gov.cn/gb/search/gbDetailed?id=71F772D8225AD3A7E05397BE0A0AB82A""}, {""label"": ""GB/T 23776-2018《茶葉感官審評方法》官方記錄"", ""url"": ""https://std.samr.gov.cn/gb/search/gbDetailed?id=71F772D82CD3D3A7E05397BE0A0AB82A""}]",SOURCE_CHECKED,2026-09-12T07:43:33+00:00
