study_id,document_id,document_title,study_design,sample_description,sample_size,sample_origin,tea_material,intervention,comparator,methods,outcomes,limitations,human_applicability,bias_risk,evidence_strength,source_locator,curation_status,reviewer_kind,updated_at
STU-000001,DOC-000471,Reduction of body fat and improved lipid profile associated with daily consumption of a Puer tea extract in a hyperlipidemic population: a randomized placebo-controlled trial.,HUMAN_RANDOMIZED_TRIAL,35至75歲、過重或輕度肥胖且空腹膽固醇至少220 mg/dL的非亞洲成年人；隨機、雙盲、安慰劑對照，追蹤20週。,59 人入組；49 人完成，另排除 1 人，48 人納入分析,美國合約研究實驗室；58名白人、1名西班牙裔參與者,普洱茶提取物粉末，每日3 g，分兩次隨餐飲用,普洱茶提取物3 g/日，20週,玉米澱粉糊精安慰劑,每4週測量血脂、C反應蛋白及空腹血糖 | 基線與研究結束以DXA測量身體組成 | 記錄食慾、體力與精神活力,20 週時，提取物組的 BMI 與安慰劑組有統計顯著差異；體脂變化的組間差異未達顯著。 | 總膽固醇及 HDL 的組間差異未達顯著；三酸甘油酯只呈趨勢（P<0.1）。部分組內前後改善，不應寫成優於安慰劑。,樣本小且族群組成單一；59 人入組、49 人完成，再排除 1 人，須留意失訪及分析集的影響。 | 使用標準化提取物，不等同一般沖泡茶湯或所有普洱產品。 | 研究由 Tasly Pharmaceuticals USA 贊助，產品與安慰劑亦由 Tasly 準備。 | 多項結果與時間點同時比較；組內前後差異不能代替組間療效判斷。,直接人體證據，但只適用於該提取物、劑量、20週及入組族群。,SOME_CONCERNS,LOW_TO_MODERATE,Materials and methods / Study design；Results / Study population、Weight management and body composition、Lipid profile；Acknowledgments（2026-09-12 回查本庫原文）,SOURCE_CHECKED,AI_ASSISTED_SOURCE_CHECK,2026-09-12
STU-000006,DOC-000433,"Kinetics, pathways, mechanism and toxicity evaluation of chiral pesticide Paichongding during the fermentation of Puer tea.",PROCESS_FATE_AND_IN_SILICO_TOXICITY_STUDY,追蹤手性農藥Paichongding在普洱茶發酵中的異構體降解與中間產物。,8 個取樣時點，設 30% 與 40% 含水條件；各組獨立發酵批次數待核,西雙版納的曬青茶原料,發酵普洱茶,發酵過程時間序列,不同異構體與時間點,殘留與代謝物追蹤 | 密度泛函理論推算反應位點 | 計算毒性評估,作者報告發酵期間出現非對映選擇性降解並鑑定7個主要中間物 | 毒性部分主要屬計算預測,計算毒性不等同人體暴露或臨床毒性 | 需核對初始施藥量、加工因子及方法回收率 | 單一實驗條件不能代表所有工廠渥堆 | 代謝物風險仍需實測暴露與毒理資料,只可作加工命運與危害線索。,IN_SILICO_EXTRAPOLATION,LOW_TO_MODERATE,"摘要；Methods及Supplementary data；2026-09-12 回查原文段落 CHK-009417, CHK-009418",SOURCE_CHECKED,AI_ASSISTED_SOURCE_CHECK,2026-09-12
STU-000002,DOC-000397,Theabrownin from Pu-erh tea attenuates hypercholesterolemia via modulation of gut microbiota and bile acid metabolism.,TRANSLATIONAL_MULTI_MODEL_STUDY,包含高脂飲食小鼠、13名24至32歲健康男性的前後比較，以及細胞與靶向代謝組實驗。,小鼠主要比較每組8隻；人體13人,上海研究團隊；人體受試者為健康男性,標準化即溶普洱茶粉及分離茶褐素,人體50 mg/kg/日、4週；小鼠普洱茶或茶褐素多個方案,人體以同一受試者介入前作比較；小鼠設正常／高脂飲食及無茶對照,16S／宏基因組分析 | 膽汁酸靶向代謝組 | 蛋白與基因表達 | 多組小鼠干預及人體前後比較,作者報告腸道膽鹽水解酶相關菌、膽汁酸及脂質代謝訊號隨干預改變 | 人體4週內體重未顯著下降；部分血脂及代謝指標有前後差異,人體部分沒有平行安慰劑組且只有男性13人 | 機制鏈主要由小鼠與細胞實驗支持 | 即溶茶粉及茶褐素不能代表所有熟茶或日常沖泡劑量 | 作者亦指出需更長期、包含女性及劑量／副作用臨床試驗,有人體生物標誌物資料，但因無平行對照，只可視為探索性前後比較。,HIGH_FOR_HUMAN_CAUSAL_INFERENCE,EXPLORATORY,Methods / Animal study；Methods / Metabolomic study of human subjects；Discussion,SOURCE_CHECKED,AI_ASSISTED_SOURCE_CHECK,2026-09-12
STU-000003,DOC-000457,Anti-Oxidative Effect of Pu-erh Tea in Animals Trails: A Systematic Review and Meta-Analysis.,SYSTEMATIC_REVIEW_AND_META_ANALYSIS_OF_ANIMAL_STUDIES,系統搜尋 7 個資料庫，納入 9 篇齧齒類動物研究；結果涉及大鼠與小鼠，不是人體試驗。,9 篇研究；MDA 為 28 組數據，SOD 及 GSH-Px 各 25 組數據；動物總數尚待逐研究核對,中英文文獻；檢索截至2020-02-21,不同研究所用普洱茶或提取物,動物普洱茶干預,動物對照組,PRISMA導向的系統檢索 | 以SOD、GSH-Px、MDA為主要結果的統合分析 | 報告異質性I²,作者報告三項氧化壓力指標的合併效應 | 各主要結果異質性超過90%,納入的是動物試驗，不是人體臨床研究 | 極高異質性限制合併估計的穩定性 | 產品、劑量、動物模型及研究品質差異需逐篇判讀 | 摘要把傳統觀念寫成已驗證，網站不得照搬為人體結論,不可直接外推人體療效。,HIGH_HETEROGENEITY,PRECLINICAL_LOW,Materials and Methods / Data Extraction；Results / Study Selection、Study Characteristics、Meta-Analysis（2026-09-12 回查本庫原文）,SOURCE_CHECKED,AI_ASSISTED_SOURCE_CHECK,2026-09-12
STU-000004,DOC-000446,Simultaneous Determination of Pesticide Residues and Mycotoxins in Storage Pu-erh Tea Using Ultra-High-Performance Liquid Chromatography Coupled with Tandem Mass Spectrometry.,METHOD_VALIDATION_WITH_MARKET_SAMPLE_APPLICATION,建立同時檢測31種農藥與6種真菌毒素的方法，並應用於31個生、熟普洱及不同存期樣品。,31個普洱茶樣品,樣品來源與代表性須回到樣品表核對,生茶與熟茶，不同儲存時間,不適用,空白、加標及基質匹配校準,QuEChERS萃取 | UPLC-MS/MS | 選擇性、線性、回收率、精密度與LOQ驗證,方法可在11分鐘內分析目標物，LOQ與回收率按分析物而異 | 作者報告該31樣品未檢出目標農藥，檢出的真菌毒素低於所採用限量,31個樣品不能代表全部市場、年份、山頭或倉儲 | 未檢出受分析物清單與檢出／定量限限制 | 限量標準須按產品類別與現行版本另行核對 | 方法性能不能直接證明所有普洱茶安全,屬產品檢測證據，不是人體研究。,SAMPLE_REPRESENTATIVENESS_UNCLEAR,MODERATE_FOR_METHOD_ONLY,摘要；Results and Discussion / Method Validation,SOURCE_CHECKED,AI_ASSISTED_SOURCE_CHECK,2026-09-12T07:43:33+00:00
STU-000005,DOC-000456,"Simultaneous Determination and Health Risk Assessment of Four High Detection Rate Pesticide Residues in Pu'er Tea from Yunnan, China.",CROSS_SECTIONAL_SAFETY_SURVEY,從雲南三個主要普洱茶產區取得300個樣品，檢測4種高檢出率農藥並作危害商數評估。,300個茶樣,雲南三個主要產區；抽樣框及市場／產地比例須查原文,普洱茶樣品,不適用,與GB 2763-2021中相應限量比較,MWCNT淨化的QuEChERS | UHPLC-QTRAP-MS/MS | HQ危害商數,作者報告不同農藥檢出率及殘留範圍 | 氯蟲苯甲醯胺以外的具體超標與HQ結果須按原表及現行標準核對；摘要報告4種HQ均小於1,抽樣年份、季節、批次及渠道影響代表性 | HQ依賴攝入量、體重及毒理參數假設 | 個別農藥低風險不代表未檢測污染物也低風險 | GB 2763版本更新時必須重新比較,可作特定抽樣與模型下的膳食風險估算，不是個人診斷。,MODERATE,MODERATE_FOR_SAMPLED_ANALYTES,摘要；樣品與風險評估方法章節,SOURCE_CHECKED,AI_ASSISTED_SOURCE_CHECK,2026-09-12T07:43:33+00:00
STU-000007,DOC-000442,Nonstereoselective dissipation of sulfoxaflor in different Puer tea processing.,PROCESS_DISSIPATION_STUDY,比較sulfoxaflor立體異構體在曬青、生茶與熟茶加工／儲存路徑中的消散。,熟茶渥堆部分有 8 個取樣時點；另作 3 個溫度條件及日曬試驗，各方案的獨立重複數待核,實驗加工樣品,曬青茶、生普洱及熟普洱,不同加工與發酵溫度,茶類路徑及溫度條件,LC-MS/MS | 半衰期估算 | 立體選擇性分析,作者報告不同加工路徑的持留時間差異 | 低溫發酵條件下消散較快的現象由作者解釋為酵素可能參與,受控加工結果不代表市售殘留分布 | 半衰期依賴初始濃度、溫濕度與模型 | 『酵素作用』屬推論，非直接機制證明 | 不能由加工消散推論終產品必然合格,不屬人體證據。,CONTEXT_DEPENDENT,MODERATE_FOR_PROCESS_CONDITIONS,"摘要；加工與分析方法章節；2026-09-12 回查原文段落 CHK-009742, CHK-009743, CHK-009744",SOURCE_CHECKED,AI_ASSISTED_SOURCE_CHECK,2026-09-12
STU-000008,DOC-000414,Enantioselectivity and residue analysis of cycloxaprid and its metabolite in the pile and fermentation processing of Puer tea by ultraperformance liquid chromatography-high-resolution mass spectrometry.,PROCESS_RESIDUE_KINETICS_STUDY,分析cycloxaprid兩個對映體及代謝物在生茶與熟茶加工中的殘留動力學。,熟茶加工部分有 7 個取樣時點；獨立發酵批次及各時點重複數待核,受控普洱茶加工實驗,生茶及熟茶加工樣品,加工及長期時間序列,生茶與熟茶路徑、兩個對映體,手性色譜分離 | UPLC-HRMS | 半衰期與終端殘留分析,作者報告兩個對映體在加工中的消散速率不同 | 生、熟加工路徑的持留時間與代謝物量不同,實驗施藥及加工條件未必代表一般生產 | 長期檢出須連同LOQ與回收率解讀 | 殘留存在不等同超標或實際健康風險 | 須以現行限量與飲用轉移率另作評估,不屬人體證據。,CONTEXT_DEPENDENT,MODERATE_FOR_PROCESS_CONDITIONS,摘要；Materials and methods；2026-09-12 回查原文段落 CHK-008742,SOURCE_CHECKED,AI_ASSISTED_SOURCE_CHECK,2026-09-12
STU-000009,DOC-000483,Analytical Assessment of Bio- and Toxic Elements Distribution in Pu-erh and Fruit Teas in View of Chemometric Approach.,COMPOSITION_AND_CHEMOMETRIC_ANALYSIS,測量普洱茶與水果茶茶葉及茶湯中的宏量、微量及部分有毒元素。,32 款產品（17 款列作普洱類），約 300 份茶葉及茶湯分析樣本；分析樣本數不等同獨立產品數,波蘭當地市場及茶店的市售產品,黑茶（普洱）與水果茶葉／浸出液,不適用,茶類、發酵／加工類別,FAAS | 磷鉬酸分光法 | 認證標準物質驗證 | 因子與聚類分析,作者報告多元素濃度及浸出情況，並以化學計量方法區分部分樣品組 | 方法回收率在摘要所述範圍內,元素總量與實際攝入量不同 | 樣品與品牌代表性可能有限 | 聚類可描述資料結構，不能自動證明產地或品質等級 | 健康風險須結合飲用量、浸出率及現行限值,屬化學暴露資料，不是人體健康結局研究。,SAMPLE_REPRESENTATIVENESS_UNCLEAR,MODERATE_FOR_MEASURED_SAMPLES,摘要；Methods及樣品表；2026-09-12 回查原文段落 CHK-011140,SOURCE_CHECKED,AI_ASSISTED_SOURCE_CHECK,2026-09-12
STU-000010,DOC-000003,Integrated Meta-omics Approaches To Understand the Microbiome of Spontaneous Fermentation of Traditional Chinese Pu-erh Tea - PMC,MICROBIOLOGY_MULTI_OMICS_STUDY,兩次重複的自發普洱茶發酵，以多組學追蹤菌群、蛋白、酵素與代謝物。,2 次發酵、9 個階段，每次發酵各階段取 2 份樣本，共 36 份；各項組學的分析範圍不同,雲南普洱茶發酵系統,傳統自發發酵普洱茶,發酵時間序列,兩次重複發酵及不同階段,細菌16S及真菌ITS擴增子 | 宏蛋白組 | 代謝組與HPLC | 多組學關聯,作者報告細菌與真菌群落隨階段改變 | 鑑定與多醣降解及酚類轉化相關的微生物蛋白與代謝變化,多組學關聯不能單獨證明每個菌造成某項代謝變化 | 相對豐度不等於絕對菌量或活性 | 兩次發酵仍不足以代表不同工廠、季節與原料 | 部分酵素—路徑關係由註釋推定,不屬人體功效研究。,MODERATE,MODERATE_MECHANISTIC,"摘要；Materials and Methods；Results；2026-09-12 回查原文段落 CHK-006471, CHK-006472",SOURCE_CHECKED,AI_ASSISTED_SOURCE_CHECK,2026-09-12
STU-000011,DOC-000009,The Microbiome and Metabolites in Fermented Pu-erh Tea as Revealed by High-Throughput Sequencing and Quantitative Multiplex Metabolite Analysis,CROSS_SECTIONAL_MICROBIOME_AND_METABOLITE_SURVEY,7份鮮葉、15份生茶及16份熟茶；茶樣儲存0至28年，來自普洱市5家公司。,7份鮮葉＋31份普洱茶,雲南普洱市3個茶園及5家公司,鮮葉、生普洱、熟普洱，散茶及緊壓形態,不適用,鮮葉、生／熟茶及不同儲存年份,rDNA擴增子高通量測序 | 植物DNA條碼 | LC-MS/MS多重真菌代謝物分析,作者報告三組菌群組成與多樣性差異 | 25種目標代謝物在樣品中有不同檢出情況,橫斷面比較不能把不同年份樣品差異全部歸因於陳化 | 公司、批次、包裝及倉儲可能與年份混雜 | 早期擴增子流程及OTU分類有方法年代限制 | 摘要對『洗茶』的推論不能由代謝物檢出直接建立安全建議,不屬人體研究；安全解讀須看濃度、限值及浸出。,HIGH_CONFOUNDING_FOR_AGE,MODERATE_DESCRIPTIVE,Materials and Methods / Samples used in this study；摘要,SOURCE_CHECKED,AI_ASSISTED_SOURCE_CHECK,2026-09-12T07:43:33+00:00
STU-000012,DOC-000008,An Integrated Metagenomics/Metaproteomics Investigation of the Microbial Communities and Enzymes in Solid-state Fermentation of Pu-erh tea,METAGENOMICS_METAPROTEOMICS_STUDY,以一個固態普洱茶發酵系統分析微生物群落及實際檢出的蛋白。,3 次實驗室發酵，每 7 日採樣；第 21 日茶樣用於宏基因組與宏蛋白組分析,普洱茶固態發酵樣品,發酵中普洱茶,發酵時間序列,不同發酵階段,16S／18S焦磷酸測序 | 宏基因組 | 宏蛋白組 | 功能分類,作者報告Proteobacteria與Aspergillus在該樣品中佔主要比例 | 鑑定335個具至少兩條獨特肽段的蛋白，包含植物細胞壁降解與氧化相關酵素,單一或少數批次的相對豐度不能代表所有渥堆 | 分類解析度與舊式測序平台有限 | 蛋白註釋與工藝效果之間仍需菌株及功能實驗 | 不能由菌屬存在判定安全或品質,不屬人體研究。,MODERATE,MODERATE_MECHANISTIC,"摘要；Methods及結果表；2026-09-12 回查原文段落 CHK-006600, CHK-006604",SOURCE_CHECKED,AI_ASSISTED_SOURCE_CHECK,2026-09-12
STU-000013,DOC-000412,Enhanced Fermentation of Pu-Erh Tea with Aspergillus niger : Quality and Microbial Community Analysis.,CONTROLLED_FERMENTATION_COMPOSITION_STUDY,比較未發酵曬青茶、接種黑曲霉的強化發酵茶與自然發酵茶。,發酵方法記錄重複 3 次；各組樣本配置仍須對照完整圖表,從普洱茶分離黑曲霉並用於未滅菌曬青茶,曬青綠茶及其自然／接種發酵樣品,接種Aspergillus niger強化發酵,自然發酵與未發酵對照,非靶向代謝組 | 16S與ITS測序 | 感官或品質指標 | 相關與多變量分析,作者報告接種組與自然發酵組有200個差異代謝物 | 菌群及以氨基酸為主的代謝物分布隨處理不同,菌株與工藝條件特定，不能泛化所有黑曲霉或工廠 | 相關網絡不證明菌—代謝物因果 | 未滅菌基質使背景菌群仍參與 | 『提升品質』包含方法與評審主觀成分,不屬人體研究。,MODERATE,MODERATE_EXPERIMENTAL,摘要；Materials and Methods；Results 2.1–2.6；2026-09-12 回查原文段落 CHK-008684,SOURCE_CHECKED,AI_ASSISTED_SOURCE_CHECK,2026-09-12
STU-000014,DOC-000426,Integrated Microbiome-Metabolome Analysis and Functional Strain Validation Reveal Key Biochemical Transformations During Pu-erh Tea Pile Fermentation.,LONGITUDINAL_PILE_FERMENTATION_MULTI_OMICS,同一渥堆在15個時間點追蹤理化、成分、菌群與代謝物，並分離17株細菌及10株真菌作功能驗證。,15個發酵時間點；27個分離株，其中6株作代表性功能測試,西雙版納企業提供的雲南小褐普洱茶,熟茶渥堆樣品,自然渥堆時間序列及分離株酵素試驗,不同發酵階段與菌株,擴增子測序 | 非靶向代謝組 | 理化測定 | 菌株分離與大分子降解酵素測定,作者報告後期菌群結構較穩定及56個顯著差異代謝物 | 部分Bacillus與Aspergillus分離株顯示多醣／蛋白降解活性,單一生產系統及原料限制外推 | 菌屬—代謝物相關仍受溫濕度共同驅動 | 平板酵素活性不等同整堆中的實際貢獻 | 帶有健康意涵的脂肪酸描述不構成人體效益證據,不屬人體研究。,MODERATE,MODERATE_TO_STRONG_FOR_ONE_PROCESS,摘要；Materials and Methods / Tea Samples；各結果章節,SOURCE_CHECKED,AI_ASSISTED_SOURCE_CHECK,2026-09-12T07:43:33+00:00
STU-000015,DOC-000425,"Changes in sensory characteristics, chemical composition and microbial succession during fermentation of ancient plants Pu-erh tea.",LONGITUDINAL_INDUSTRIAL_FERMENTATION_STUDY,2022年6至7月在勐海一個傳統自然渥堆追蹤36日、4次翻堆；每次取2 kg樣品，9名受訓評審參與。,一個茶堆時間序列；9名感官評審,雲南勐海企業；原料被研究稱為百年以上古茶樹來源,曬青毛茶及36日發酵樣品,自然渥堆，約40%含水、約1 m堆高、4次翻堆,原料及各翻堆時間點,標準化感官審評與QDA | HPLC與分光法 | 代謝組 | 微生物DNA metabarcoding,作者報告感官、可溶性糖、茶褐素、代謝物與主要菌屬隨發酵改變 | 多個菌屬相對豐度與特徵成分相關,只有一個茶堆，批次重現性不足 | 『古茶樹』定義及原料追溯需獨立來源核實 | 相對豐度相關不等同功能因果 | 9人評審小組及企業環境限制普遍性,不屬人體研究。,HIGH_SINGLE_BATCH,MODERATE_DESCRIPTIVE,Materials and methods / Fermentation；Sensory evaluation,SOURCE_CHECKED,AI_ASSISTED_SOURCE_CHECK,2026-09-12T07:43:33+00:00
STU-000016,DOC-000408,Dynamic Evolution of Aroma Characteristics in Ripened Pu-Erh Tea During Industrial Fermentation: Insights from GC-MS and Flavor Wheel Analysis.,REPLICATED_INDUSTRIAL_AROMA_TIMEPOINT_STUDY,同一企業兩個獨立熟茶工業批次，取原料、中期及完成三階段，每階段3個生物重複。,18份樣品（2批×3階段×3生物重複）,雲南下關沱茶集團，2020年7至9月,15噸曬青毛茶形成的兩批熟茶渥堆,約40%含水、約1 m堆高、每7至10日翻堆，共8次,兩批及三個發酵階段,HS-SPME/GC-MS | 多變量統計 | 相對氣味活度值 | 風味輪,辨識134種揮發物及13種rOAV大於1的主要候選香氣活性物 | 作者報告青草／清新調下降，木質與薄荷調相關物質上升,兩批均來自同一企業與工法 | rOAV以閾值及濃度估算，不等同完整感官因果 | 風味輪是該研究資料的表達，不是普遍標準 | 原料、季節與工廠環境仍可能共同影響,不涉及健康效果。,MODERATE,MODERATE_TO_STRONG_FOR_AROMA_PROFILE,Materials and Methods / Industrial Fermentation；摘要,SOURCE_CHECKED,AI_ASSISTED_SOURCE_CHECK,2026-09-12T07:43:33+00:00
STU-000017,DOC-000400,"Characteristic Changes and Potential Markers of Flavour in Raw Pu-Erh Tea with Different Ageing Cycles Analysed by HPLC, HS-SPME-GC-MS, and OAV.",CROSS_SECTIONAL_STORAGE_SERIES_COMPOSITION_STUDY,同一原料來源、製造商及文山倉儲地點的1至10年生茶年份序列。,10 個年份組，每份樣本萃取及分析 3 次；獨立生產批次數待核,雲南文山，室內不高於25°C、相對濕度不高於70%的乾燥通風倉,雲南大葉種生普洱,自然儲存年份差異,1至10年橫斷面年份組,HPLC | HS-SPME-GC-MS | OAV | 感官及聚類分析,作者把年份序列分成三個化學／風味群組，並提出3年及8年附近的轉折候選 | 提出不同年份組的非揮發與揮發候選標誌物,不同年份產品不是同一批茶的縱向追蹤 | 雖控制來源與倉地，年度原料及生產差異仍可能混雜 | 轉折年只適用該序列，不能作普洱茶通則 | 候選標誌物需外部批次驗證,不涉及健康效果。,HIGH_VINTAGE_CONFOUNDING,EXPLORATORY,"Materials and Methods / Tea Samples；摘要；2026-09-12 回查原文段落 CHK-008152, CHK-008156",SOURCE_CHECKED,AI_ASSISTED_SOURCE_CHECK,2026-09-12
STU-000018,DOC-000402,"Quantitative descriptive analysis, non-targeted metabolomics and molecular docking reveal the dynamic aging and taste formation mechanism in raw Pu-erh tea during the storage.",CROSS_SECTIONAL_SENSORY_METABOLOMICS_STUDY,6個系列、18份生茶，分新茶、陳化中及陳年三組，儲存於昆明或廣州專門倉庫。,18份茶樣,昆明平均約15°C／60%RH；廣州平均約22°C／77%RH,生普洱茶,不同儲存時間與兩個倉儲環境,三個存期組及兩個城市環境,QDA | UHPLC-Orbitrap-MS/MS非靶向代謝組 | 多變量統計 | 分子對接,作者報告感官與代謝物可把18樣品分成三個存期組 | 分子對接只提出部分代謝物與味覺受體的可能結合,18個橫斷面樣品的年份、系列與倉地可能混雜 | 不能由模型分類斷言儲存時間比環境更重要於所有情境 | 分子對接不證明人體感官受體實際作用 | 需要感官重現與外部樣品驗證,只涉及感官，不是健康證據。,HIGH_CONFOUNDING,EXPLORATORY,Materials and methods / Materials and reagents；摘要,SOURCE_CHECKED,AI_ASSISTED_SOURCE_CHECK,2026-09-12T07:43:33+00:00
STU-000019,DOC-000403,"Decoding long-term aging of ripened Pu-erh tea: sensory equilibrium, metabolic pathways, and chemical markers.",CROSS_SECTIONAL_STORAGE_METABOLOMICS_STUDY,比較2年至40年以上不同存期熟普洱，以感官、電子舌及非靶向代謝組描繪變化。,23 份熟茶樣本，涵蓋 9 個貯存階段,多個商業品牌的配方熟茶；逐批收樣來源及保管鏈仍待核,熟普洱茶,自然儲存年份差異,多個存期組,QDA | 電子舌 | 非靶向代謝組 | KEGG富集與相關分析,作者報告感官與代謝物呈上升—下降—穩定的橫斷面模式 | 提出14個與存期相關的候選代謝物,不是同一批茶的40年縱向追蹤 | 超長年份的真實年份、來源與保存紀錄須獨立核實 | 作者提出15年『平衡』只適用該樣本系列 | 相關與通路富集不證明因果或年份鑑定效度,只涉及感官與成分。,HIGH_PROVENANCE_AND_VINTAGE_CONFOUNDING,EXPLORATORY,"摘要；Materials and Methods及樣品表；2026-09-12 回查原文段落 CHK-008268, CHK-008269",SOURCE_CHECKED,AI_ASSISTED_SOURCE_CHECK,2026-09-12
STU-000020,DOC-000404,Metabolomic and Sensory Insights into the Aging Mechanism of Ripened Pu-Erh Tea over Nine Years.,SINGLE_PRODUCT_STORAGE_GRADIENT_STUDY,同一代表性商業熟茶產品的1、3、5、7、9年存期梯度。,5 個年份組，每組 3 餅，共 15 餅，逐餅作化學及感官分析,單一標準化商業產品,熟普洱茶,1至9年儲存差異,五個年份組,QDA與色度 | 42種非揮發物靶向測定 | HS-GC-MS揮發組 | 多變量模型,作者報告香氣與滋味隨年份組有系統差異 | 提出與甜醇感相關的候選化學變化,單一產品不能代表其他原料、工廠或倉儲 | 年份組是否同批縱向樣品須查來源記錄 | 感官與化學相關不等同單一物質造成感受 | 候選標誌需外部產品驗證,只涉及感官與成分。,HIGH_SINGLE_PRODUCT,EXPLORATORY_TO_MODERATE,"摘要；Results 2.1；樣品方法；2026-09-12 回查原文段落 CHK-008340, CHK-008342",SOURCE_CHECKED,AI_ASSISTED_SOURCE_CHECK,2026-09-12
STU-000021,DOC-000405,Characterization of Volatile Substances in Pu-erh Tea (Raw Tea) at Different Storage Times.,CROSS_SECTIONAL_STORAGE_VOLATILOMICS_STUDY,同一企業、原料與工藝、標稱在相同條件儲存7至21年的14個生茶樣品；5名受訓評審。,14份茶樣；5名評審，每樣3次,雲南，20至30°C、40至50%RH、乾燥通風無異味環境,生普洱茶,不同儲存時間,7至21年年份組,GB/T 23776導向感官審評 | HS-SPME/GC×GC-Q-TOF-MS | 揮發物定性定量,作者報告香氣由果／花調向煙與陳香描述轉變 | 辨識290種揮發物並提出各香型候選關鍵物,橫斷面年份樣品仍受年度原料差異影響 | 5名評審且來自同一機構 | 標稱相同倉儲需完整記錄支持 | 化合物鑑定及香氣貢獻需標準品、閾值與重組試驗驗證,只涉及感官。,MODERATE_TO_HIGH,EXPLORATORY,Materials and Methods / Materials；Sensory Evaluation；摘要,SOURCE_CHECKED,AI_ASSISTED_SOURCE_CHECK,2026-09-12T07:43:33+00:00
STU-000022,DOC-000420,Characterization of primary aroma compounds in Pu-erh raw tea sourced from various regions using gas chromatography-mass spectrometry and headspace solid-phase microextraction.,GEOGRAPHIC_COMPOSITION_COMPARISON,比較雲南5個來源區域的生普洱揮發性成分。,方法報告分析重複 n=3；獨立茶樣總數與各產區批次數仍待核,雲南5個區域,生普洱茶,不適用,五個來源區域,HS-SPME-GC-MS | 對映體分析 | OPLS-DA | ANOVA與KEGG通路註釋,作者報告69種香氣活性相關化合物及區域間差異 | 模型在該資料集可區分樣品組，提出33個差異候選物,來源區域可能與品種、採期、加工和企業混雜 | Q²及內部模型表現不能取代獨立盲樣驗證 | 化合物差異不能直接證明地理真偽,不涉及健康效果。,HIGH_GEOGRAPHY_CONFOUNDING,EXPLORATORY_AUTHENTICATION,"摘要；Materials and Methods；樣品表；2026-09-12 回查原文段落 CHK-008954, CHK-008960",SOURCE_CHECKED,AI_ASSISTED_SOURCE_CHECK,2026-09-12
STU-000023,DOC-000461,Analysis of Volatile Profile and Aromatic Characteristics of Raw Pu-erh Tea during Storage Based on GC-MS and Odor Activity Value.,CROSS_SECTIONAL_STORAGE_AROMA_STUDY,比較0至10年生普洱樣品的揮發物與香氣活性估算。,11 個年份組（0–10 年）；實驗報告 n=3，獨立生產批次數待核,作者記錄為大益 7542 系列，原料來自西雙版納，成品存於廣東,生普洱茶,儲存時間差異,多個年份組,HS-SPME-GC-MS | OAV與ACI | ANOVA、PCA、HCA及熱圖,作者報告130種揮發物及64種共同化合物 | 提出3至4年與10年附近的香氣轉折候選及5種主要貢獻候選物,橫斷面樣品不能把所有差異歸因時間 | 轉折年不能外推其他倉儲與原料 | OAV與ACI依賴閾值及模型假設,只涉及感官。,HIGH_VINTAGE_CONFOUNDING,EXPLORATORY,"摘要；Introduction末段；Methods；2026-09-12 回查原文段落 CHK-010429, CHK-010436",SOURCE_CHECKED,AI_ASSISTED_SOURCE_CHECK,2026-09-12
STU-000024,DOC-000472,Simultaneous Distillation Extraction of Some Volatile Flavor Components from Pu-erh Tea Samples-Comparison with Steam Distillation-Liquid/Liquid Extraction and Soxhlet Extraction.,ANALYTICAL_METHOD_COMPARISON,建立同步蒸餾萃取結合GC的方法，並與水蒸氣蒸餾—液液萃取及索氏萃取比較。,10 份茶樣：熟普洱 4、生普洱 4，另有綠茶及紅茶各 1,市售樣品,生普洱與熟普洱,三種揮發物萃取方法,方法回收率、重複性及樣品結果,SDE-GC | GC-MS確認 | 加標回收與RSD | 方法間比較,作者報告10種化合物的定量方法性能 | 該樣本中部分高揮發物與甲氧基苯類在生、熟茶間有差異,方法與儀器年代較早 | 樣品數及品牌代表性須核對 | 萃取效率受化合物極性與熱穩定性影響 | 不能以少數揮發物判定所有生熟茶,不涉及健康效果。,MODERATE,MODERATE_FOR_METHOD,摘要；Methods；2026-09-12 回查原文段落 CHK-010806,SOURCE_CHECKED,AI_ASSISTED_SOURCE_CHECK,2026-09-12
STU-000025,DOC-000017,The Study of Fingerprint Characteristics of Dayi Pu-Erh Tea Using a Fully Automatic HS-SPME/GC–MS and Combined Chemometrics Method,CHEMICAL_FINGERPRINT_METHOD_STUDY,7個大益普洱品牌樣品與3個雅安茶樣作揮發性化學指紋比較。,10份品牌樣品,市售大益與雅安茶樣,普洱茶與比較茶,不適用,品牌與茶類組,全自動HS-SPME/GC-MS | 重疊峰比率 | 相關係數相似度 | PCA,在7份大益樣品中辨識75種揮發物 | 作者報告同組指紋相似度較高，與3份雅安樣品有差異,每品牌可能只有一份樣品，無法估計批內變異 | 品牌與產品年份、配方、儲存可能混雜 | PCA及相似度不是法定真偽鑑定 | 模型需要獨立盲樣與跨儀器驗證,不涉及健康效果。,HIGH_SMALL_SAMPLE,EXPLORATORY,摘要；Methods,SOURCE_CHECKED,AI_ASSISTED_SOURCE_CHECK,2026-09-12T07:43:33+00:00
STU-000026,DOC-000458,"Effects of Region, Processing, and Their Interaction on the Elemental Profiles of Pu-Erh Tea.",GEOGRAPHIC_AUTHENTICATION_WITH_INDEPENDENT_YEAR_VALIDATION,2023年在景谷、邦東及寧洱三區各選兩個茶園，混合成區域批次並追蹤8個加工階段；另以2024年樣品作獨立驗證。,每區24個分析樣品（8階段×3重複）；3區，另有2024驗證集,雲南景谷、邦東、寧洱,大葉種一芽二葉及加工中／成品樣品,8個加工階段,三區及加工階段,28元素分析 | OPLS-DA | 交叉驗證與獨立年份驗證 | 區域×加工交互作用,作者報告25種元素有區域差異，部分元素受加工影響 | 模型在所述驗證集有高分類率,每區先混合兩園會隱藏園內與園間變異 | 只有三區且兩個收穫年份 | 獨立年份仍未等同跨實驗室、跨品種與市場盲樣 | 模型不能單獨作個別產品法律來源證明,不涉及健康效果。,MODERATE,MODERATE_AUTHENTICATION,Materials and Methods / Materials；摘要,SOURCE_CHECKED,AI_ASSISTED_SOURCE_CHECK,2026-09-12T07:43:33+00:00
STU-000027,DOC-000431,Effects of Geographical Origin and Tree Age on the Stable Isotopes and Multi-Elements of Pu-erh Tea.,GEOGRAPHIC_AND_TREE_AGE_COMPOSITION_STUDY,2023年從景谷、寧洱及邦東三地、三個樹齡階段收集53份大葉種一芽二葉鮮葉。,53份鮮葉樣品,每縣／鄉選兩個茶園，雲南景谷、寧洱、邦東,大葉種鮮葉，三個樹齡階段,不適用,地理來源與樹齡組,δ13C與δ15N穩定同位素 | 25元素ICP-MS | 多變量統計 | 認證茶粉標準物質與重複測定,作者報告多個同位素／元素在來源地間有差異 | 提出建立追溯資料庫的候選變數,樹齡資料的測定或文件來源須獨立核實 | 地理、茶園管理、土壤與樹齡可能混雜 | 一年、三地的53份樣品不足以建立通用鑑定庫 | 模型需要跨年、跨園、盲樣和外部實驗室驗證,不涉及健康效果。,HIGH_CONFOUNDING,EXPLORATORY_AUTHENTICATION,摘要；Materials and Methods / Sample Cultivation and Collection,SOURCE_CHECKED,AI_ASSISTED_SOURCE_CHECK,2026-09-12T07:43:33+00:00
STU-000028,DOC-000422,Comparative analysis of volatiles difference of Yunnan sun-dried Pu-erh green tea from different tea mountains: Jingmai and Wuliang mountain by chemical fingerprint similarity combined with principal component analysis and cluster analysis.,TWO_REGION_VOLATILE_FINGERPRINT_STUDY,比較景邁與無量山各10份曬青普洱綠茶的揮發性指紋。,20份茶樣（景邁10、無量山10）,雲南景邁山與無量山,曬青普洱綠茶,不適用,兩個山區來源,HS-SPME-GC-MS | 方法精密度與穩定性驗證 | 指紋相似度 | PCA與聚類,辨識63種揮發物 | 作者報告該20份樣品可按兩個山區分組,只有兩個地區、每區10份，未知是否跨年與跨製作者 | 產地與品種、採期、加工、保存可能混雜 | 無獨立盲測集，不能直接用作市場鑑真,不涉及健康效果。,HIGH_SMALL_SAMPLE_AND_CONFOUNDING,EXPLORATORY,摘要；Experimental / HS-SPME；Conclusions,SOURCE_CHECKED,AI_ASSISTED_SOURCE_CHECK,2026-09-12T07:43:33+00:00
STU-000029,DOC-000455,Pu-erh tea inhibits tumor cell growth by down-regulating mutant p53.,CELL_STUDY,以多個基因工程小鼠腫瘤細胞系及野生型小鼠胚胎成纖維細胞測試普洱茶水提物。,生長曲線試驗每個處理設 3 個重複；其他實驗的細胞系與重複單位須分別閱讀,體外培養細胞,普洱茶水提取物,不同濃度普洱茶提取物處理,野生型細胞及未處理細胞,細胞生長與細胞週期 | p53 mRNA及蛋白 | HSP70／HSP90蛋白分析,作者報告在特定體外濃度下部分腫瘤細胞增殖受抑並伴隨突變p53下降 | 研究提出可能機制,這是細胞研究，不是動物或人體臨床試驗 | 培養液濃度不能直接換算飲茶劑量或體內可達濃度 | 細胞選擇性不等於治療安全性 | 論文對抗腫瘤應用的語句不能作醫療建議,不可外推為預防或治療癌症。,HIGH_TRANSLATIONAL_GAP,PRECLINICAL_LOW,"摘要；Conclusions；Methods；2026-09-12 回查原文段落 CHK-010214, CHK-010215, CHK-010217",SOURCE_CHECKED,AI_ASSISTED_SOURCE_CHECK,2026-09-12
STU-000030,DOC-000469,Pu-erh tea attenuates obesity by remodeling gut microbiota and activating energy expenditure.,ANIMAL_STUDY,24隻6週齡雄性C57BL/6小鼠分4組，普通或高脂飲食，配水或0.25%普洱茶提取物，16週。,24隻，每組6隻,實驗小鼠；茶樣為2006年7572熟茶,熟茶水提取後凍乾的PTE,0.25% w/v PTE自由飲用，16週,普通／高脂飲食的清水對照,代謝籠 | 棕色脂肪形態 | 轉錄組與脂質組 | 16S rRNA菌群分析,作者報告高脂飲食小鼠的體重、能量消耗、棕色脂肪及菌群指標隨PTE干預有差異 | 提出棕色脂肪代謝與菌群共同參與的機制模型,只有雄性小鼠且每組6隻 | 自由飲用造成個體實際劑量變異 | 單一熟茶產品與提取流程不能代表一般飲茶 | 菌群比值及多組學關聯不能直接推論人體減重,不可寫成人體減重效果。,HIGH_TRANSLATIONAL_GAP,PRECLINICAL_LOW_TO_MODERATE,摘要；Materials and methods / Animals and experimental design,SOURCE_CHECKED,AI_ASSISTED_SOURCE_CHECK,2026-09-12T07:43:33+00:00
