person_id,display_name,primary_institution,relevant_work_count,identity_notes,identifiers,official_page,conflict_notes,reviewed_at
PER-004019,Aihua Zhao,Shanghai Jiao Tong University,3,主要機構只按本庫中 3 篇普洱茶相關作品的作者機構統計推定（加權占比 50%）；不等同現職。,"{""openalex"": ""https://openalex.org/A5103203078"", ""orcid"": ""https://orcid.org/0000-0003-0201-3940""}",https://orcid.org/0000-0003-0201-3940,"Commercial/brand relationship: not identified in the cited scholarly identity/output records; this is an explicit unknown, not evidence of absence, and must be re-checked before endorsement or other high-stakes use.",2026-09-12T07:43:33+00:00
PER-004330,Bao Lin Guo,Northeast Agricultural University,3,主要機構只按本庫中 3 篇普洱茶相關作品的作者機構統計推定（加權占比 100%）；不等同現職。,"{""openalex"": ""https://openalex.org/A5111926238"", ""orcid"": null}",https://openalex.org/A5111926238,"Commercial/brand relationship: not identified in the cited scholarly identity/output records; this is an explicit unknown, not evidence of absence, and must be re-checked before endorsement or other high-stakes use.",2026-09-12T07:43:33+00:00
PER-004264,Baoxiang Gu,Sichuan University of Science and Engineering,2,主要機構只按本庫中 2 篇普洱茶相關作品的作者機構統計推定（加權占比 100%）；不等同現職。,"{""openalex"": ""https://openalex.org/A5103430141"", ""orcid"": null}",https://openalex.org/A5103430141,"Commercial/brand relationship: not identified in the cited scholarly identity/output records; this is an explicit unknown, not evidence of absence, and must be re-checked before endorsement or other high-stakes use.",2026-09-12T07:43:33+00:00
PER-004064,Bei Cai,Yunnan Agricultural University,3,主要機構只按本庫中 3 篇普洱茶相關作品的作者機構統計推定（加權占比 75%）；不等同現職。,"{""openalex"": ""https://openalex.org/A5128485886"", ""orcid"": null}",https://openalex.org/A5128485886,"Commercial/brand relationship: not identified in the cited scholarly identity/output records; this is an explicit unknown, not evidence of absence, and must be re-checked before endorsement or other high-stakes use.",2026-09-12T07:43:33+00:00
PER-000722,Benying Liu,Tea Research Institute,3,主要機構只按本庫中 3 篇普洱茶相關作品的作者機構統計推定（加權占比 63%）；不等同現職。,"{""openalex"": ""https://openalex.org/A5040141379"", ""orcid"": ""https://orcid.org/0000-0001-9241-4240""}",https://orcid.org/0000-0001-9241-4240,"Commercial/brand relationship: not identified in the cited scholarly identity/output records; this is an explicit unknown, not evidence of absence, and must be re-checked before endorsement or other high-stakes use.",2026-09-12T07:43:33+00:00
PER-000417,Bin Jiang,Yunnan Agricultural University,2,主要機構只按本庫中 2 篇普洱茶相關作品的作者機構統計推定（加權占比 48%）；不等同現職。,"{""openalex"": ""https://openalex.org/A5101754203"", ""orcid"": ""https://orcid.org/0000-0002-5901-2044""}",https://orcid.org/0000-0002-5901-2044,"Commercial/brand relationship: not identified in the cited scholarly identity/output records; this is an explicit unknown, not evidence of absence, and must be re-checked before endorsement or other high-stakes use.",2026-09-12T07:43:33+00:00
PER-004248,Bin Liang,Kunming Institute of Zoology,2,主要機構只按本庫中 2 篇普洱茶相關作品的作者機構統計推定（加權占比 50%）；不等同現職。,"{""openalex"": ""https://openalex.org/A5013703026"", ""orcid"": ""https://orcid.org/0000-0001-9131-5478""}",https://orcid.org/0000-0001-9131-5478,"Commercial/brand relationship: not identified in the cited scholarly identity/output records; this is an explicit unknown, not evidence of absence, and must be re-checked before endorsement or other high-stakes use.",2026-09-12T07:43:33+00:00
PER-001327,Binxing Zhou,Yunnan Agricultural University,4,主要機構只按本庫中 4 篇普洱茶相關作品的作者機構統計推定（加權占比 100%）；不等同現職。,"{""openalex"": ""https://openalex.org/A5080233564"", ""orcid"": ""https://orcid.org/0000-0002-0015-5817""}",https://orcid.org/0000-0002-0015-5817,"Commercial/brand relationship: not identified in the cited scholarly identity/output records; this is an explicit unknown, not evidence of absence, and must be re-checked before endorsement or other high-stakes use.",2026-09-12T07:43:33+00:00
PER-000418,Bo Nian,Yunnan Agricultural University,2,主要機構只按本庫中 2 篇普洱茶相關作品的作者機構統計推定（加權占比 100%）；不等同現職。,"{""openalex"": ""https://openalex.org/A5006542140"", ""orcid"": ""https://orcid.org/0000-0002-1773-2211""}",https://orcid.org/0000-0002-1773-2211,"Commercial/brand relationship: not identified in the cited scholarly identity/output records; this is an explicit unknown, not evidence of absence, and must be re-checked before endorsement or other high-stakes use.",2026-09-12T07:43:33+00:00
PER-004412,Bo Shan,Yunnan Agricultural University,2,主要機構只按本庫中 2 篇普洱茶相關作品的作者機構統計推定（加權占比 100%）；不等同現職。,"{""openalex"": ""https://openalex.org/A5030579701"", ""orcid"": ""https://orcid.org/0000-0002-1675-5809""}",https://orcid.org/0000-0002-1675-5809,"Commercial/brand relationship: not identified in the cited scholarly identity/output records; this is an explicit unknown, not evidence of absence, and must be re-checked before endorsement or other high-stakes use.",2026-09-12T07:43:33+00:00
PER-004324,Bowen Zhang,Chinese Academy of Agricultural Sciences,2,主要機構只按本庫中 2 篇普洱茶相關作品的作者機構統計推定（加權占比 67%）；不等同現職。,"{""openalex"": ""https://openalex.org/A5100385161"", ""orcid"": ""https://orcid.org/0000-0003-1304-0899""}",https://orcid.org/0000-0003-1304-0899,"Commercial/brand relationship: not identified in the cited scholarly identity/output records; this is an explicit unknown, not evidence of absence, and must be re-checked before endorsement or other high-stakes use.",2026-09-12T07:43:33+00:00
PER-000019,Chao Yan,Shanghai Jiao Tong University,2,主要機構只按本庫中 2 篇普洱茶相關作品的作者機構統計推定（加權占比 100%）；不等同現職。,"{""openalex"": ""https://openalex.org/A5101641854"", ""orcid"": ""https://orcid.org/0000-0002-9232-0559""}",https://orcid.org/0000-0002-9232-0559,"Commercial/brand relationship: not identified in the cited scholarly identity/output records; this is an explicit unknown, not evidence of absence, and must be re-checked before endorsement or other high-stakes use.",2026-09-12T07:43:33+00:00
PER-004254,Chaohua Lan,Sichuan University of Science and Engineering,2,主要機構只按本庫中 2 篇普洱茶相關作品的作者機構統計推定（加權占比 100%）；不等同現職。,"{""openalex"": ""https://openalex.org/A5086406532"", ""orcid"": ""https://orcid.org/0000-0001-6989-7715""}",https://orcid.org/0000-0001-6989-7715,"Commercial/brand relationship: not identified in the cited scholarly identity/output records; this is an explicit unknown, not evidence of absence, and must be re-checked before endorsement or other high-stakes use.",2026-09-12T07:43:33+00:00
PER-004158,Chen Wang,Kunming University of Science and Technology,3,主要機構只按本庫中 3 篇普洱茶相關作品的作者機構統計推定（加權占比 60%）；不等同現職。,"{""openalex"": ""https://openalex.org/A5100337671"", ""orcid"": ""https://orcid.org/0000-0003-2723-5507""}",https://orcid.org/0000-0003-2723-5507,"Commercial/brand relationship: not identified in the cited scholarly identity/output records; this is an explicit unknown, not evidence of absence, and must be re-checked before endorsement or other high-stakes use.",2026-09-12T07:43:33+00:00
PER-001402,Chengqin Zheng,Yunnan Agricultural University,2,主要機構只按本庫中 2 篇普洱茶相關作品的作者機構統計推定（加權占比 100%）；不等同現職。,"{""openalex"": ""https://openalex.org/A5025859559"", ""orcid"": null}",https://openalex.org/A5025859559,"Commercial/brand relationship: not identified in the cited scholarly identity/output records; this is an explicit unknown, not evidence of absence, and must be re-checked before endorsement or other high-stakes use.",2026-09-12T07:43:33+00:00
PER-004141,Chenyang Ma,Yunnan Agricultural University,3,主要機構只按本庫中 3 篇普洱茶相關作品的作者機構統計推定（加權占比 100%）；不等同現職。,"{""openalex"": ""https://openalex.org/A5036361096"", ""orcid"": ""https://orcid.org/0000-0003-0498-9592""}",https://orcid.org/0000-0003-0498-9592,"Commercial/brand relationship: not identified in the cited scholarly identity/output records; this is an explicit unknown, not evidence of absence, and must be re-checked before endorsement or other high-stakes use.",2026-09-12T07:43:33+00:00
PER-004423,Chuang Yu,Shanghai Institute of Technology,2,主要機構只按本庫中 2 篇普洱茶相關作品的作者機構統計推定（加權占比 100%）；不等同現職。,"{""openalex"": ""https://openalex.org/A5101686365"", ""orcid"": ""https://orcid.org/0009-0006-2688-8417""}",https://orcid.org/0009-0006-2688-8417,"Commercial/brand relationship: not identified in the cited scholarly identity/output records; this is an explicit unknown, not evidence of absence, and must be re-checked before endorsement or other high-stakes use.",2026-09-12T07:43:33+00:00
PER-004095,Chun Qu,Shanghai Sixth People's Hospital,2,主要機構只按本庫中 2 篇普洱茶相關作品的作者機構統計推定（加權占比 68%）；不等同現職。,"{""openalex"": ""https://openalex.org/A5037831433"", ""orcid"": ""https://orcid.org/0000-0003-3657-2978""}",https://orcid.org/0000-0003-3657-2978,"Commercial/brand relationship: not identified in the cited scholarly identity/output records; this is an explicit unknown, not evidence of absence, and must be re-checked before endorsement or other high-stakes use.",2026-09-12T07:43:33+00:00
PER-000381,Chunxiu Peng,Yunnan Agricultural University,12,主要機構只按本庫中 12 篇普洱茶相關作品的作者機構統計推定（加權占比 100%）；不等同現職。,"{""openalex"": ""https://openalex.org/A5016914799"", ""orcid"": null}",https://openalex.org/A5016914799,"Commercial/brand relationship: not identified in the cited scholarly identity/output records; this is an explicit unknown, not evidence of absence, and must be re-checked before endorsement or other high-stakes use.",2026-09-12T07:43:33+00:00
PER-004413,Chunyan Zhao,Yunnan Agricultural University,2,主要機構只按本庫中 2 篇普洱茶相關作品的作者機構統計推定（加權占比 100%）；不等同現職。,"{""openalex"": ""https://openalex.org/A5030801252"", ""orcid"": ""https://orcid.org/0000-0002-4905-0952""}",https://orcid.org/0000-0002-4905-0952,"Commercial/brand relationship: not identified in the cited scholarly identity/output records; this is an explicit unknown, not evidence of absence, and must be re-checked before endorsement or other high-stakes use.",2026-09-12T07:43:33+00:00
PER-004103,Chuyi He,Hunan Agricultural University,4,主要機構只按本庫中 4 篇普洱茶相關作品的作者機構統計推定（加權占比 75%）；不等同現職。,"{""openalex"": ""https://openalex.org/A5113424587"", ""orcid"": null}",https://openalex.org/A5113424587,"Commercial/brand relationship: not identified in the cited scholarly identity/output records; this is an explicit unknown, not evidence of absence, and must be re-checked before endorsement or other high-stakes use.",2026-09-12T07:43:33+00:00
PER-001890,Dabing Ren,Kunming University of Science and Technology,5,主要機構只按本庫中 5 篇普洱茶相關作品的作者機構統計推定（加權占比 100%）；不等同現職。,"{""openalex"": ""https://openalex.org/A5065582838"", ""orcid"": ""https://orcid.org/0000-0002-5507-7852""}",https://orcid.org/0000-0002-5507-7852,"Commercial/brand relationship: not identified in the cited scholarly identity/output records; this is an explicit unknown, not evidence of absence, and must be re-checked before endorsement or other high-stakes use.",2026-09-12T07:43:33+00:00
PER-004259,Dalong Liao,Sichuan University of Science and Engineering,2,主要機構只按本庫中 2 篇普洱茶相關作品的作者機構統計推定（加權占比 100%）；不等同現職。,"{""openalex"": ""https://openalex.org/A5072612992"", ""orcid"": null}",https://openalex.org/A5072612992,"Commercial/brand relationship: not identified in the cited scholarly identity/output records; this is an explicit unknown, not evidence of absence, and must be re-checked before endorsement or other high-stakes use.",2026-09-12T07:43:33+00:00
PER-004137,Dexian Jia,Beijing University of Chinese Medicine,2,主要機構只按本庫中 2 篇普洱茶相關作品的作者機構統計推定（加權占比 100%）；不等同現職。,"{""openalex"": ""https://openalex.org/A5016878140"", ""orcid"": null}",https://openalex.org/A5016878140,"Commercial/brand relationship: not identified in the cited scholarly identity/output records; this is an explicit unknown, not evidence of absence, and must be re-checked before endorsement or other high-stakes use.",2026-09-12T07:43:33+00:00
PER-004041,Dihan Yang,Yunnan Agricultural University,3,主要機構只按本庫中 3 篇普洱茶相關作品的作者機構統計推定（加權占比 75%）；不等同現職。,"{""openalex"": ""https://openalex.org/A5114161017"", ""orcid"": null}",https://openalex.org/A5114161017,"Commercial/brand relationship: not identified in the cited scholarly identity/output records; this is an explicit unknown, not evidence of absence, and must be re-checked before endorsement or other high-stakes use.",2026-09-12T07:43:33+00:00
PER-000718,Donglian Zhang,Yunnan Agricultural University,3,主要機構只按本庫中 3 篇普洱茶相關作品的作者機構統計推定（加權占比 100%）；不等同現職。,"{""openalex"": ""https://openalex.org/A5086728197"", ""orcid"": null}",https://openalex.org/A5086728197,"Commercial/brand relationship: not identified in the cited scholarly identity/output records; this is an explicit unknown, not evidence of absence, and must be re-checked before endorsement or other high-stakes use.",2026-09-12T07:43:33+00:00
PER-000582,Ewelina Jamróz,University of Agriculture in Krakow,3,主要機構只按本庫中 3 篇普洱茶相關作品的作者機構統計推定（加權占比 64%）；不等同現職。,"{""openalex"": ""https://openalex.org/A5017562960"", ""orcid"": ""https://orcid.org/0000-0002-1134-6213""}",https://orcid.org/0000-0002-1134-6213,"Commercial/brand relationship: not identified in the cited scholarly identity/output records; this is an explicit unknown, not evidence of absence, and must be re-checked before endorsement or other high-stakes use.",2026-09-12T07:43:33+00:00
PER-000001,Fengjie Huang,Shanghai Jiao Tong University,2,主要機構只按本庫中 2 篇普洱茶相關作品的作者機構統計推定（加權占比 50%）；不等同現職。,"{""openalex"": ""https://openalex.org/A5100745914"", ""orcid"": ""https://orcid.org/0000-0001-7844-948X""}",https://orcid.org/0000-0001-7844-948X,"Commercial/brand relationship: not identified in the cited scholarly identity/output records; this is an explicit unknown, not evidence of absence, and must be re-checked before endorsement or other high-stakes use.",2026-09-12T07:43:33+00:00
PER-004328,Fu Xu,Northeast Agricultural University,3,主要機構只按本庫中 3 篇普洱茶相關作品的作者機構統計推定（加權占比 100%）；不等同現職。,"{""openalex"": ""https://openalex.org/A5016912840"", ""orcid"": null}",https://openalex.org/A5016912840,"Commercial/brand relationship: not identified in the cited scholarly identity/output records; this is an explicit unknown, not evidence of absence, and must be re-checked before endorsement or other high-stakes use.",2026-09-12T07:43:33+00:00
PER-001472,Gen Sha,Yunnan Agricultural University,5,主要機構只按本庫中 5 篇普洱茶相關作品的作者機構統計推定（加權占比 100%）；不等同現職。,"{""openalex"": ""https://openalex.org/A5111048718"", ""orcid"": null}",https://openalex.org/A5111048718,"Commercial/brand relationship: not identified in the cited scholarly identity/output records; this is an explicit unknown, not evidence of absence, and must be re-checked before endorsement or other high-stakes use.",2026-09-12T07:43:33+00:00
PER-001741,Gongming Li,Wuhan Donghu University,2,主要機構只按本庫中 2 篇普洱茶相關作品的作者機構統計推定（加權占比 100%）；不等同現職。,"{""openalex"": ""https://openalex.org/A5049796873"", ""orcid"": ""https://orcid.org/0009-0006-9103-8195""}",https://orcid.org/0009-0006-9103-8195,"Commercial/brand relationship: not identified in the cited scholarly identity/output records; this is an explicit unknown, not evidence of absence, and must be re-checked before endorsement or other high-stakes use.",2026-09-12T07:43:33+00:00
PER-004065,Guanghong Pan,Yunnan Agricultural University,2,主要機構只按本庫中 2 篇普洱茶相關作品的作者機構統計推定（加權占比 67%）；不等同現職。,"{""openalex"": ""https://openalex.org/A5102333533"", ""orcid"": null}",https://openalex.org/A5102333533,"Commercial/brand relationship: not identified in the cited scholarly identity/output records; this is an explicit unknown, not evidence of absence, and must be re-checked before endorsement or other high-stakes use.",2026-09-12T07:43:33+00:00
PER-004099,Guangmei Zhu,Hunan Agricultural University,3,主要機構只按本庫中 3 篇普洱茶相關作品的作者機構統計推定（加權占比 100%）；不等同現職。,"{""openalex"": ""https://openalex.org/A5111142694"", ""orcid"": null}",https://openalex.org/A5111142694,"Commercial/brand relationship: not identified in the cited scholarly identity/output records; this is an explicit unknown, not evidence of absence, and must be re-checked before endorsement or other high-stakes use.",2026-09-12T07:43:33+00:00
PER-001814,Guofang Pang,Chinese Academy of Inspection and Quarantine,2,主要機構只按本庫中 2 篇普洱茶相關作品的作者機構統計推定（加權占比 100%）；不等同現職。,"{""openalex"": ""https://openalex.org/A5109691744"", ""orcid"": null}",https://openalex.org/A5109691744,"Commercial/brand relationship: not identified in the cited scholarly identity/output records; this is an explicit unknown, not evidence of absence, and must be re-checked before endorsement or other high-stakes use.",2026-09-12T07:43:33+00:00
PER-004206,Hai-Dan Zou,Chinese Academy of Agricultural Sciences,3,主要機構只按本庫中 3 篇普洱茶相關作品的作者機構統計推定（加權占比 60%）；不等同現職。,"{""openalex"": ""https://openalex.org/A5108965420"", ""orcid"": null}",https://openalex.org/A5108965420,"Commercial/brand relationship: not identified in the cited scholarly identity/output records; this is an explicit unknown, not evidence of absence, and must be re-checked before endorsement or other high-stakes use.",2026-09-12T07:43:33+00:00
PER-001488,Haishuang Yu,Yunnan Agricultural University,2,主要機構只按本庫中 2 篇普洱茶相關作品的作者機構統計推定（加權占比 50%）；不等同現職。,"{""openalex"": ""https://openalex.org/A5100994703"", ""orcid"": null}",https://openalex.org/A5100994703,"Commercial/brand relationship: not identified in the cited scholarly identity/output records; this is an explicit unknown, not evidence of absence, and must be re-checked before endorsement or other high-stakes use.",2026-09-12T07:43:33+00:00
PER-001535,Hang Zhao,Jilin University,2,主要機構只按本庫中 2 篇普洱茶相關作品的作者機構統計推定（加權占比 100%）；不等同現職。,"{""openalex"": ""https://openalex.org/A5100418984"", ""orcid"": ""https://orcid.org/0000-0002-5600-6167""}",https://orcid.org/0000-0002-5600-6167,"Commercial/brand relationship: not identified in the cited scholarly identity/output records; this is an explicit unknown, not evidence of absence, and must be re-checked before endorsement or other high-stakes use.",2026-09-12T07:43:33+00:00
PER-004100,He Xie,Hunan Agricultural University,2,主要機構只按本庫中 2 篇普洱茶相關作品的作者機構統計推定（加權占比 100%）；不等同現職。,"{""openalex"": ""https://openalex.org/A5100714226"", ""orcid"": ""https://orcid.org/0000-0002-4123-7683""}",https://orcid.org/0000-0002-4123-7683,"Commercial/brand relationship: not identified in the cited scholarly identity/output records; this is an explicit unknown, not evidence of absence, and must be re-checked before endorsement or other high-stakes use.",2026-09-12T07:43:33+00:00
PER-004322,Heyuan Jiang,Sichuan Academy of Agricultural Sciences,2,主要機構只按本庫中 2 篇普洱茶相關作品的作者機構統計推定（加權占比 57%）；不等同現職。,"{""openalex"": ""https://openalex.org/A5008379142"", ""orcid"": ""https://orcid.org/0000-0002-3101-7951""}",https://orcid.org/0000-0002-3101-7951,"Commercial/brand relationship: not identified in the cited scholarly identity/output records; this is an explicit unknown, not evidence of absence, and must be re-checked before endorsement or other high-stakes use.",2026-09-12T07:43:33+00:00
PER-004252,Hiroko Tsutsui,Hyogo Medical University,3,主要機構只按本庫中 3 篇普洱茶相關作品的作者機構統計推定（加權占比 100%）；不等同現職。,"{""openalex"": ""https://openalex.org/A5005867340"", ""orcid"": ""https://orcid.org/0000-0001-7928-4875""}",https://orcid.org/0000-0001-7928-4875,"Commercial/brand relationship: not identified in the cited scholarly identity/output records; this is an explicit unknown, not evidence of absence, and must be re-checked before endorsement or other high-stakes use.",2026-09-12T07:43:33+00:00
PER-004211,Hong-Yan Liu,Chinese Academy of Agricultural Sciences,2,主要機構只按本庫中 2 篇普洱茶相關作品的作者機構統計推定（加權占比 67%）；不等同現職。,"{""openalex"": ""https://openalex.org/A5001426815"", ""orcid"": ""https://orcid.org/0000-0001-7392-2100""}",https://orcid.org/0000-0001-7392-2100,"Commercial/brand relationship: not identified in the cited scholarly identity/output records; this is an explicit unknown, not evidence of absence, and must be re-checked before endorsement or other high-stakes use.",2026-09-12T07:43:33+00:00
PER-000922,Hongjie Zhou,Yunnan Agricultural University,10,主要機構只按本庫中 10 篇普洱茶相關作品的作者機構統計推定（加權占比 100%）；不等同現職。,"{""openalex"": ""https://openalex.org/A5100826534"", ""orcid"": ""https://orcid.org/0000-0003-1523-7812""}",https://orcid.org/0000-0003-1523-7812,"Commercial/brand relationship: not identified in the cited scholarly identity/output records; this is an explicit unknown, not evidence of absence, and must be re-checked before endorsement or other high-stakes use.",2026-09-12T07:43:33+00:00
PER-004037,Hongxu Li,Yunnan Agricultural University,2,主要機構只按本庫中 2 篇普洱茶相關作品的作者機構統計推定（加權占比 100%）；不等同現職。,"{""openalex"": ""https://openalex.org/A5031522364"", ""orcid"": ""https://orcid.org/0009-0004-4744-2719""}",https://orcid.org/0009-0004-4744-2719,"Commercial/brand relationship: not identified in the cited scholarly identity/output records; this is an explicit unknown, not evidence of absence, and must be re-checked before endorsement or other high-stakes use.",2026-09-12T07:43:33+00:00
PER-004061,Hongyan Gao,Yunnan Agricultural University,2,主要機構只按本庫中 2 篇普洱茶相關作品的作者機構統計推定（加權占比 67%）；不等同現職。,"{""openalex"": ""https://openalex.org/A5128522909"", ""orcid"": null}",https://openalex.org/A5128522909,"Commercial/brand relationship: not identified in the cited scholarly identity/output records; this is an explicit unknown, not evidence of absence, and must be re-checked before endorsement or other high-stakes use.",2026-09-12T07:43:33+00:00
PER-001738,Houqiao Wang,Yunnan Agricultural University,2,主要機構只按本庫中 2 篇普洱茶相關作品的作者機構統計推定（加權占比 67%）；不等同現職。,"{""openalex"": ""https://openalex.org/A5044850561"", ""orcid"": null}",https://openalex.org/A5044850561,"Commercial/brand relationship: not identified in the cited scholarly identity/output records; this is an explicit unknown, not evidence of absence, and must be re-checked before endorsement or other high-stakes use.",2026-09-12T07:43:33+00:00
PER-004422,Huatian Wang,Shanghai Institute of Technology,2,主要機構只按本庫中 2 篇普洱茶相關作品的作者機構統計推定（加權占比 100%）；不等同現職。,"{""openalex"": ""https://openalex.org/A5061507710"", ""orcid"": ""https://orcid.org/0000-0003-3589-9880""}",https://orcid.org/0000-0003-3589-9880,"Commercial/brand relationship: not identified in the cited scholarly identity/output records; this is an explicit unknown, not evidence of absence, and must be re-checked before endorsement or other high-stakes use.",2026-09-12T07:43:33+00:00
PER-004265,Hui Zhu,Sichuan University of Science and Engineering,2,主要機構只按本庫中 2 篇普洱茶相關作品的作者機構統計推定（加權占比 100%）；不等同現職。,"{""openalex"": ""https://openalex.org/A5088037729"", ""orcid"": ""https://orcid.org/0000-0002-8967-3177""}",https://orcid.org/0000-0002-8967-3177,"Commercial/brand relationship: not identified in the cited scholarly identity/output records; this is an explicit unknown, not evidence of absence, and must be re-checked before endorsement or other high-stakes use.",2026-09-12T07:43:33+00:00
PER-004089,Jiacai Wang,Yunnan Agricultural University,6,主要機構只按本庫中 6 篇普洱茶相關作品的作者機構統計推定（加權占比 100%）；不等同現職。,"{""openalex"": ""https://openalex.org/A5104027646"", ""orcid"": null}",https://openalex.org/A5104027646,"Commercial/brand relationship: not identified in the cited scholarly identity/output records; this is an explicit unknown, not evidence of absence, and must be re-checked before endorsement or other high-stakes use.",2026-09-12T07:43:33+00:00
PER-001754,Jiahua Li,Yunnan Agricultural University,2,主要機構只按本庫中 2 篇普洱茶相關作品的作者機構統計推定（加權占比 100%）；不等同現職。,"{""openalex"": ""https://openalex.org/A5028366890"", ""orcid"": ""https://orcid.org/0009-0006-4915-9153""}",https://orcid.org/0009-0006-4915-9153,"Commercial/brand relationship: not identified in the cited scholarly identity/output records; this is an explicit unknown, not evidence of absence, and must be re-checked before endorsement or other high-stakes use.",2026-09-12T07:43:33+00:00
PER-001417,Jiangsheng Zhou,Kunming University of Science and Technology,2,主要機構只按本庫中 2 篇普洱茶相關作品的作者機構統計推定（加權占比 100%）；不等同現職。,"{""openalex"": ""https://openalex.org/A5101475030"", ""orcid"": ""https://orcid.org/0000-0002-8822-4580""}",https://orcid.org/0000-0002-8822-4580,"Commercial/brand relationship: not identified in the cited scholarly identity/output records; this is an explicit unknown, not evidence of absence, and must be re-checked before endorsement or other high-stakes use.",2026-09-12T07:43:33+00:00
PER-000119,Jian‐Lin Wu,Macau University of Science and Technology,5,主要機構只按本庫中 5 篇普洱茶相關作品的作者機構統計推定（加權占比 85%）；不等同現職。,"{""openalex"": ""https://openalex.org/A5073800642"", ""orcid"": ""https://orcid.org/0000-0002-3875-185X""}",https://orcid.org/0000-0002-3875-185X,"Commercial/brand relationship: not identified in the cited scholarly identity/output records; this is an explicit unknown, not evidence of absence, and must be re-checked before endorsement or other high-stakes use.",2026-09-12T07:43:33+00:00
PER-000382,Jiashun Gong,Yunnan Agricultural University,8,主要機構只按本庫中 8 篇普洱茶相關作品的作者機構統計推定（加權占比 87%）；不等同現職。,"{""openalex"": ""https://openalex.org/A5070220603"", ""orcid"": ""https://orcid.org/0000-0003-0920-0466""}",https://orcid.org/0000-0003-0920-0466,"Commercial/brand relationship: not identified in the cited scholarly identity/output records; this is an explicit unknown, not evidence of absence, and must be re-checked before endorsement or other high-stakes use.",2026-09-12T07:43:33+00:00
PER-004303,Jicheng Liu,Qiqihar Medical University,4,主要機構只按本庫中 4 篇普洱茶相關作品的作者機構統計推定（加權占比 100%）；不等同現職。,"{""openalex"": ""https://openalex.org/A5101667921"", ""orcid"": ""https://orcid.org/0000-0002-2200-0701""}",https://orcid.org/0000-0002-2200-0701,"Commercial/brand relationship: not identified in the cited scholarly identity/output records; this is an explicit unknown, not evidence of absence, and must be re-checked before endorsement or other high-stakes use.",2026-09-12T07:43:33+00:00
PER-004395,Jielin Jiang,Southwest University,2,主要機構只按本庫中 2 篇普洱茶相關作品的作者機構統計推定（加權占比 50%）；不等同現職。,"{""openalex"": ""https://openalex.org/A5009585171"", ""orcid"": ""https://orcid.org/0000-0002-7191-8674""}",https://orcid.org/0000-0002-7191-8674,"Commercial/brand relationship: not identified in the cited scholarly identity/output records; this is an explicit unknown, not evidence of absence, and must be re-checked before endorsement or other high-stakes use.",2026-09-12T07:43:33+00:00
PER-000887,Jingming Ning,Anhui Agricultural University,4,主要機構只按本庫中 4 篇普洱茶相關作品的作者機構統計推定（加權占比 100%）；不等同現職。,"{""openalex"": ""https://openalex.org/A5048649504"", ""orcid"": ""https://orcid.org/0000-0003-1305-3796""}",https://orcid.org/0000-0003-1305-3796,"Commercial/brand relationship: not identified in the cited scholarly identity/output records; this is an explicit unknown, not evidence of absence, and must be re-checked before endorsement or other high-stakes use.",2026-09-12T07:43:33+00:00
PER-004443,Joanna Tkaczewska,University of Agriculture in Krakow,2,主要機構只按本庫中 2 篇普洱茶相關作品的作者機構統計推定（加權占比 100%）；不等同現職。,"{""openalex"": ""https://openalex.org/A5001731649"", ""orcid"": ""https://orcid.org/0000-0003-1131-9386""}",https://orcid.org/0000-0003-1131-9386,"Commercial/brand relationship: not identified in the cited scholarly identity/output records; this is an explicit unknown, not evidence of absence, and must be re-checked before endorsement or other high-stakes use.",2026-09-12T07:43:33+00:00
PER-000112,Juan Li,Hunan Agricultural University,2,主要機構只按本庫中 2 篇普洱茶相關作品的作者機構統計推定（加權占比 100%）；不等同現職。,"{""openalex"": ""https://openalex.org/A5019365586"", ""orcid"": ""https://orcid.org/0000-0002-1246-9610""}",https://orcid.org/0000-0002-1246-9610,"Commercial/brand relationship: not identified in the cited scholarly identity/output records; this is an explicit unknown, not evidence of absence, and must be re-checked before endorsement or other high-stakes use.",2026-09-12T07:43:33+00:00
PER-004035,Junjie He,Yunnan Agricultural University,3,主要機構只按本庫中 3 篇普洱茶相關作品的作者機構統計推定（加權占比 100%）；不等同現職。,"{""openalex"": ""https://openalex.org/A5005772843"", ""orcid"": ""https://orcid.org/0000-0001-7164-8216""}",https://orcid.org/0000-0001-7164-8216,"Commercial/brand relationship: not identified in the cited scholarly identity/output records; this is an explicit unknown, not evidence of absence, and must be re-checked before endorsement or other high-stakes use.",2026-09-12T07:43:33+00:00
PER-003838,Jun‐Feng Yin,Chinese Academy of Agricultural Sciences,2,主要機構只按本庫中 2 篇普洱茶相關作品的作者機構統計推定（加權占比 50%）；不等同現職。,"{""openalex"": ""https://openalex.org/A5005441350"", ""orcid"": ""https://orcid.org/0000-0002-2088-5366""}",https://orcid.org/0000-0002-2088-5366,"Commercial/brand relationship: not identified in the cited scholarly identity/output records; this is an explicit unknown, not evidence of absence, and must be re-checked before endorsement or other high-stakes use.",2026-09-12T07:43:33+00:00
PER-004433,Kaloyan Georgiev,Medical University of Varna,4,主要機構只按本庫中 4 篇普洱茶相關作品的作者機構統計推定（加權占比 100%）；不等同現職。,"{""openalex"": ""https://openalex.org/A5087576643"", ""orcid"": ""https://orcid.org/0000-0003-1839-1452""}",https://orcid.org/0000-0003-1839-1452,"Commercial/brand relationship: not identified in the cited scholarly identity/output records; this is an explicit unknown, not evidence of absence, and must be re-checked before endorsement or other high-stakes use.",2026-09-12T07:43:33+00:00
PER-004260,Kewei Xu,Sichuan University of Science and Engineering,2,主要機構只按本庫中 2 篇普洱茶相關作品的作者機構統計推定（加權占比 100%）；不等同現職。,"{""openalex"": ""https://openalex.org/A5100440756"", ""orcid"": ""https://orcid.org/0009-0004-1276-0450""}",https://orcid.org/0009-0004-1276-0450,"Commercial/brand relationship: not identified in the cited scholarly identity/output records; this is an explicit unknown, not evidence of absence, and must be re-checked before endorsement or other high-stakes use.",2026-09-12T07:43:33+00:00
PER-004027,Lei Li,Yunnan Agricultural University,2,主要機構只按本庫中 2 篇普洱茶相關作品的作者機構統計推定（加權占比 100%）；不等同現職。,"{""openalex"": ""https://openalex.org/A5056186496"", ""orcid"": null}",https://openalex.org/A5056186496,"Commercial/brand relationship: not identified in the cited scholarly identity/output records; this is an explicit unknown, not evidence of absence, and must be re-checked before endorsement or other high-stakes use.",2026-09-12T07:43:33+00:00
PER-004410,Lei Zhao,Yunnan Agricultural University,2,主要機構只按本庫中 2 篇普洱茶相關作品的作者機構統計推定（加權占比 100%）；不等同現職。,"{""openalex"": ""https://openalex.org/A5085882133"", ""orcid"": ""https://orcid.org/0000-0002-6411-3157""}",https://orcid.org/0000-0002-6411-3157,"Commercial/brand relationship: not identified in the cited scholarly identity/output records; this is an explicit unknown, not evidence of absence, and must be re-checked before endorsement or other high-stakes use.",2026-09-12T07:43:33+00:00
PER-000586,Lesław Juszczak,University of Agriculture in Krakow,2,主要機構只按本庫中 2 篇普洱茶相關作品的作者機構統計推定（加權占比 100%）；不等同現職。,"{""openalex"": ""https://openalex.org/A5069895945"", ""orcid"": ""https://orcid.org/0000-0001-7933-1889""}",https://orcid.org/0000-0001-7933-1889,"Commercial/brand relationship: not identified in the cited scholarly identity/output records; this is an explicit unknown, not evidence of absence, and must be re-checked before endorsement or other high-stakes use.",2026-09-12T07:43:33+00:00
PER-001321,Liang Song,Xishuangbanna Tropical Botanical Garden,3,主要機構只按本庫中 3 篇普洱茶相關作品的作者機構統計推定（加權占比 50%）；不等同現職。,"{""openalex"": ""https://openalex.org/A5114078966"", ""orcid"": ""https://orcid.org/0000-0002-1452-9939""}",https://orcid.org/0000-0002-1452-9939,"Commercial/brand relationship: not identified in the cited scholarly identity/output records; this is an explicit unknown, not evidence of absence, and must be re-checked before endorsement or other high-stakes use.",2026-09-12T07:43:33+00:00
PER-004116,Liang Yan,Puer University,3,主要機構只按本庫中 3 篇普洱茶相關作品的作者機構統計推定（加權占比 58%）；不等同現職。,"{""openalex"": ""https://openalex.org/A5100620858"", ""orcid"": ""https://orcid.org/0000-0003-4339-2684""}",https://orcid.org/0000-0003-4339-2684,"Commercial/brand relationship: not identified in the cited scholarly identity/output records; this is an explicit unknown, not evidence of absence, and must be re-checked before endorsement or other high-stakes use.",2026-09-12T07:43:33+00:00
PER-000638,Liang Zhang,Anhui Agricultural University,3,主要機構只按本庫中 3 篇普洱茶相關作品的作者機構統計推定（加權占比 54%）；不等同現職。,"{""openalex"": ""https://openalex.org/A5100425187"", ""orcid"": ""https://orcid.org/0000-0002-2279-2657""}",https://orcid.org/0000-0002-2279-2657,"Commercial/brand relationship: not identified in the cited scholarly identity/output records; this is an explicit unknown, not evidence of absence, and must be re-checked before endorsement or other high-stakes use.",2026-09-12T07:43:33+00:00
PER-004331,Lianzhou Jiang,Northeast Agricultural University,3,主要機構只按本庫中 3 篇普洱茶相關作品的作者機構統計推定（加權占比 100%）；不等同現職。,"{""openalex"": ""https://openalex.org/A5113801576"", ""orcid"": null}",https://openalex.org/A5113801576,"Commercial/brand relationship: not identified in the cited scholarly identity/output records; this is an explicit unknown, not evidence of absence, and must be re-checked before endorsement or other high-stakes use.",2026-09-12T07:43:33+00:00
PER-000419,Lijiao Chen,Yunnan Agricultural University,2,主要機構只按本庫中 2 篇普洱茶相關作品的作者機構統計推定（加權占比 100%）；不等同現職。,"{""openalex"": ""https://openalex.org/A5103186287"", ""orcid"": ""https://orcid.org/0000-0002-5462-800X""}",https://orcid.org/0000-0002-5462-800X,"Commercial/brand relationship: not identified in the cited scholarly identity/output records; this is an explicit unknown, not evidence of absence, and must be re-checked before endorsement or other high-stakes use.",2026-09-12T07:43:33+00:00
PER-004205,Lili Qian,Heilongjiang Bayi Agricultural University,2,主要機構只按本庫中 2 篇普洱茶相關作品的作者機構統計推定（加權占比 100%）；不等同現職。,"{""openalex"": ""https://openalex.org/A5101552163"", ""orcid"": ""https://orcid.org/0000-0003-3012-2511""}",https://orcid.org/0000-0003-3012-2511,"Commercial/brand relationship: not identified in the cited scholarly identity/output records; this is an explicit unknown, not evidence of absence, and must be re-checked before endorsement or other high-stakes use.",2026-09-12T07:43:33+00:00
PER-004327,Lina Sun,Northeast Agricultural University,3,主要機構只按本庫中 3 篇普洱茶相關作品的作者機構統計推定（加權占比 100%）；不等同現職。,"{""openalex"": ""https://openalex.org/A5104190434"", ""orcid"": null}",https://openalex.org/A5104190434,"Commercial/brand relationship: not identified in the cited scholarly identity/output records; this is an explicit unknown, not evidence of absence, and must be re-checked before endorsement or other high-stakes use.",2026-09-12T07:43:33+00:00
PER-004417,Lingyun Yao,Shanghai Institute of Technology,2,主要機構只按本庫中 2 篇普洱茶相關作品的作者機構統計推定（加權占比 67%）；不等同現職。,"{""openalex"": ""https://openalex.org/A5078090204"", ""orcid"": ""https://orcid.org/0000-0002-7469-635X""}",https://orcid.org/0000-0002-7469-635X,"Commercial/brand relationship: not identified in the cited scholarly identity/output records; this is an explicit unknown, not evidence of absence, and must be re-checked before endorsement or other high-stakes use.",2026-09-12T07:43:33+00:00
PER-004258,Linman Li,Sichuan University of Science and Engineering,2,主要機構只按本庫中 2 篇普洱茶相關作品的作者機構統計推定（加權占比 100%）；不等同現職。,"{""openalex"": ""https://openalex.org/A5101995712"", ""orcid"": ""https://orcid.org/0000-0002-5002-1331""}",https://orcid.org/0000-0002-5002-1331,"Commercial/brand relationship: not identified in the cited scholarly identity/output records; this is an explicit unknown, not evidence of absence, and must be re-checked before endorsement or other high-stakes use.",2026-09-12T07:43:33+00:00
PER-001888,Lunzhao Yi,Kunming University of Science and Technology,3,主要機構只按本庫中 3 篇普洱茶相關作品的作者機構統計推定（加權占比 100%）；不等同現職。,"{""openalex"": ""https://openalex.org/A5074633876"", ""orcid"": ""https://orcid.org/0000-0002-1111-1510""}",https://orcid.org/0000-0002-1111-1510,"Commercial/brand relationship: not identified in the cited scholarly identity/output records; this is an explicit unknown, not evidence of absence, and must be re-checked before endorsement or other high-stakes use.",2026-09-12T07:43:33+00:00
PER-004256,Manli He,Southwest Medical University,2,主要機構只按本庫中 2 篇普洱茶相關作品的作者機構統計推定（加權占比 100%）；不等同現職。,"{""openalex"": ""https://openalex.org/A5077152639"", ""orcid"": null}",https://openalex.org/A5077152639,"Commercial/brand relationship: not identified in the cited scholarly identity/output records; this is an explicit unknown, not evidence of absence, and must be re-checked before endorsement or other high-stakes use.",2026-09-12T07:43:33+00:00
PER-004444,Małgorzata Zimowska,"Jerzy Haber Institute of Catalysis and Surface Chemistry, Polish Academy of Sciences",2,主要機構只按本庫中 2 篇普洱茶相關作品的作者機構統計推定（加權占比 100%）；不等同現職。,"{""openalex"": ""https://openalex.org/A5042377851"", ""orcid"": ""https://orcid.org/0000-0002-6021-2932""}",https://orcid.org/0000-0002-6021-2932,"Commercial/brand relationship: not identified in the cited scholarly identity/output records; this is an explicit unknown, not evidence of absence, and must be re-checked before endorsement or other high-stakes use.",2026-09-12T07:43:33+00:00
PER-004342,Mengdi Guan,Kunming University of Science and Technology,2,主要機構只按本庫中 2 篇普洱茶相關作品的作者機構統計推定（加權占比 100%）；不等同現職。,"{""openalex"": ""https://openalex.org/A5111115677"", ""orcid"": null}",https://openalex.org/A5111115677,"Commercial/brand relationship: not identified in the cited scholarly identity/output records; this is an explicit unknown, not evidence of absence, and must be re-checked before endorsement or other high-stakes use.",2026-09-12T07:43:33+00:00
PER-004113,Miaomiao Zhao,Yunnan University,2,主要機構只按本庫中 2 篇普洱茶相關作品的作者機構統計推定（加權占比 50%）；不等同現職。,"{""openalex"": ""https://openalex.org/A5045108124"", ""orcid"": ""https://orcid.org/0000-0002-4671-2463""}",https://orcid.org/0000-0002-4671-2463,"Commercial/brand relationship: not identified in the cited scholarly identity/output records; this is an explicit unknown, not evidence of absence, and must be re-checked before endorsement or other high-stakes use.",2026-09-12T07:43:33+00:00
PER-001418,Ming Lian,Kunming University of Science and Technology,3,主要機構只按本庫中 3 篇普洱茶相關作品的作者機構統計推定（加權占比 63%）；不等同現職。,"{""openalex"": ""https://openalex.org/A5071416963"", ""orcid"": ""https://orcid.org/0000-0003-4286-0001""}",https://orcid.org/0000-0003-4286-0001,"Commercial/brand relationship: not identified in the cited scholarly identity/output records; this is an explicit unknown, not evidence of absence, and must be re-checked before endorsement or other high-stakes use.",2026-09-12T07:43:33+00:00
PER-004203,Mingming Chen,Heilongjiang Bayi Agricultural University,3,主要機構只按本庫中 3 篇普洱茶相關作品的作者機構統計推定（加權占比 60%）；不等同現職。,"{""openalex"": ""https://openalex.org/A5103286605"", ""orcid"": ""https://orcid.org/0009-0002-0292-0102""}",https://orcid.org/0009-0002-0292-0102,"Commercial/brand relationship: not identified in the cited scholarly identity/output records; this is an explicit unknown, not evidence of absence, and must be re-checked before endorsement or other high-stakes use.",2026-09-12T07:43:33+00:00
PER-000584,Paweł Krzyściak,Jagiellonian University,3,主要機構只按本庫中 3 篇普洱茶相關作品的作者機構統計推定（加權占比 100%）；不等同現職。,"{""openalex"": ""https://openalex.org/A5017175395"", ""orcid"": ""https://orcid.org/0000-0002-2554-9409""}",https://orcid.org/0000-0002-2554-9409,"Commercial/brand relationship: not identified in the cited scholarly identity/output records; this is an explicit unknown, not evidence of absence, and must be re-checked before endorsement or other high-stakes use.",2026-09-12T07:43:33+00:00
PER-004063,Ping Liang,Yunnan Agricultural University,4,主要機構只按本庫中 4 篇普洱茶相關作品的作者機構統計推定（加權占比 80%）；不等同現職。,"{""openalex"": ""https://openalex.org/A5128419100"", ""orcid"": null}",https://openalex.org/A5128419100,"Commercial/brand relationship: not identified in the cited scholarly identity/output records; this is an explicit unknown, not evidence of absence, and must be re-checked before endorsement or other high-stakes use.",2026-09-12T07:43:33+00:00
PER-004262,Puyu Zhang,Sichuan University of Science and Engineering,2,主要機構只按本庫中 2 篇普洱茶相關作品的作者機構統計推定（加權占比 100%）；不等同現職。,"{""openalex"": ""https://openalex.org/A5026383788"", ""orcid"": ""https://orcid.org/0000-0002-6515-4575""}",https://orcid.org/0000-0002-6515-4575,"Commercial/brand relationship: not identified in the cited scholarly identity/output records; this is an explicit unknown, not evidence of absence, and must be re-checked before endorsement or other high-stakes use.",2026-09-12T07:43:33+00:00
PER-000646,Qin Li,Hunan Agricultural University,2,主要機構只按本庫中 2 篇普洱茶相關作品的作者機構統計推定（加權占比 100%）；不等同現職。,"{""openalex"": ""https://openalex.org/A5103326128"", ""orcid"": ""https://orcid.org/0000-0001-9976-8236""}",https://orcid.org/0000-0001-9976-8236,"Commercial/brand relationship: not identified in the cited scholarly identity/output records; this is an explicit unknown, not evidence of absence, and must be re-checked before endorsement or other high-stakes use.",2026-09-12T07:43:33+00:00
PER-000758,Qingxiong Meng,Kunming University of Science and Technology,4,主要機構只按本庫中 4 篇普洱茶相關作品的作者機構統計推定（加權占比 100%）；不等同現職。,"{""openalex"": ""https://openalex.org/A5108580502"", ""orcid"": null}",https://openalex.org/A5108580502,"Commercial/brand relationship: not identified in the cited scholarly identity/output records; this is an explicit unknown, not evidence of absence, and must be re-checked before endorsement or other high-stakes use.",2026-09-12T07:43:33+00:00
PER-001468,Qiuyue Chen,Yunnan Agricultural University,5,主要機構只按本庫中 5 篇普洱茶相關作品的作者機構統計推定（加權占比 83%）；不等同現職。,"{""openalex"": ""https://openalex.org/A5067162914"", ""orcid"": ""https://orcid.org/0000-0002-3304-8321""}",https://orcid.org/0000-0002-3304-8321,"Commercial/brand relationship: not identified in the cited scholarly identity/output records; this is an explicit unknown, not evidence of absence, and must be re-checked before endorsement or other high-stakes use.",2026-09-12T07:43:33+00:00
PER-001694,Qiwan Li,Institute of Quality Standards and Testing Technology for Agro Products,3,主要機構只按本庫中 3 篇普洱茶相關作品的作者機構統計推定（加權占比 100%）；不等同現職。,"{""openalex"": ""https://openalex.org/A5016703727"", ""orcid"": null}",https://openalex.org/A5016703727,"Commercial/brand relationship: not identified in the cited scholarly identity/output records; this is an explicit unknown, not evidence of absence, and must be re-checked before endorsement or other high-stakes use.",2026-09-12T07:43:33+00:00
PER-001399,Ren Xiaoying,Yunnan Agricultural University,2,主要機構只按本庫中 2 篇普洱茶相關作品的作者機構統計推定（加權占比 50%）；不等同現職。,"{""openalex"": ""https://openalex.org/A5073527317"", ""orcid"": null}",https://openalex.org/A5073527317,"Commercial/brand relationship: not identified in the cited scholarly identity/output records; this is an explicit unknown, not evidence of absence, and must be re-checked before endorsement or other high-stakes use.",2026-09-12T07:43:33+00:00
PER-001322,Rui‐Chang Quan,Xishuangbanna Tropical Botanical Garden,2,主要機構只按本庫中 2 篇普洱茶相關作品的作者機構統計推定（加權占比 100%）；不等同現職。,"{""openalex"": ""https://openalex.org/A5050637851"", ""orcid"": ""https://orcid.org/0000-0003-0777-700X""}",https://orcid.org/0000-0003-0777-700X,"Commercial/brand relationship: not identified in the cited scholarly identity/output records; this is an explicit unknown, not evidence of absence, and must be re-checked before endorsement or other high-stakes use.",2026-09-12T07:43:33+00:00
PER-001466,Ruoyu Li,Yunnan Agricultural University,6,主要機構只按本庫中 6 篇普洱茶相關作品的作者機構統計推定（加權占比 100%）；不等同現職。,"{""openalex"": ""https://openalex.org/A5100713348"", ""orcid"": ""https://orcid.org/0000-0002-5233-8367""}",https://orcid.org/0000-0002-5233-8367,"Commercial/brand relationship: not identified in the cited scholarly identity/output records; this is an explicit unknown, not evidence of absence, and must be re-checked before endorsement or other high-stakes use.",2026-09-12T07:43:33+00:00
PER-000008,Sha Lei,Shanghai Jiao Tong University,2,主要機構只按本庫中 2 篇普洱茶相關作品的作者機構統計推定（加權占比 50%）；不等同現職。,"{""openalex"": ""https://openalex.org/A5100608612"", ""orcid"": ""https://orcid.org/0000-0003-0211-4987""}",https://orcid.org/0000-0003-0211-4987,"Commercial/brand relationship: not identified in the cited scholarly identity/output records; this is an explicit unknown, not evidence of absence, and must be re-checked before endorsement or other high-stakes use.",2026-09-12T07:43:33+00:00
PER-004261,Shan Mo,Sichuan University of Science and Engineering,2,主要機構只按本庫中 2 篇普洱茶相關作品的作者機構統計推定（加權占比 100%）；不等同現職。,"{""openalex"": ""https://openalex.org/A5075498763"", ""orcid"": ""https://orcid.org/0000-0002-7189-0923""}",https://orcid.org/0000-0002-7189-0923,"Commercial/brand relationship: not identified in the cited scholarly identity/output records; this is an explicit unknown, not evidence of absence, and must be re-checked before endorsement or other high-stakes use.",2026-09-12T07:43:33+00:00
PER-000996,Shao WanFang,Yunnan Agricultural University,4,主要機構只按本庫中 4 篇普洱茶相關作品的作者機構統計推定（加權占比 100%）；不等同現職。,"{""openalex"": ""https://openalex.org/A5075835992"", ""orcid"": null}",https://openalex.org/A5075835992,"Commercial/brand relationship: not identified in the cited scholarly identity/output records; this is an explicit unknown, not evidence of absence, and must be re-checked before endorsement or other high-stakes use.",2026-09-12T07:43:33+00:00
PER-000753,Shidong Lv,Kunming University of Science and Technology,6,主要機構只按本庫中 6 篇普洱茶相關作品的作者機構統計推定（加權占比 52%）；不等同現職。,"{""openalex"": ""https://openalex.org/A5035486398"", ""orcid"": null}",https://openalex.org/A5035486398,"Commercial/brand relationship: not identified in the cited scholarly identity/output records; this is an explicit unknown, not evidence of absence, and must be re-checked before endorsement or other high-stakes use.",2026-09-12T07:43:33+00:00
PER-002014,Shiqiang He,Southwest University,10,主要機構只按本庫中 10 篇普洱茶相關作品的作者機構統計推定（加權占比 100%）；不等同現職。,"{""openalex"": ""https://openalex.org/A5112910623"", ""orcid"": null}",https://openalex.org/A5112910623,"Commercial/brand relationship: not identified in the cited scholarly identity/output records; this is an explicit unknown, not evidence of absence, and must be re-checked before endorsement or other high-stakes use.",2026-09-12T07:43:33+00:00
PER-001320,Shi‐Shun Zhou,Xishuangbanna Tropical Botanical Garden,3,主要機構只按本庫中 3 篇普洱茶相關作品的作者機構統計推定（加權占比 60%）；不等同現職。,"{""openalex"": ""https://openalex.org/A5040993534"", ""orcid"": ""https://orcid.org/0000-0001-8935-542X""}",https://orcid.org/0000-0001-8935-542X,"Commercial/brand relationship: not identified in the cited scholarly identity/output records; this is an explicit unknown, not evidence of absence, and must be re-checked before endorsement or other high-stakes use.",2026-09-12T07:43:33+00:00
PER-000009,Shouli Wang,Shanghai Jiao Tong University,2,主要機構只按本庫中 2 篇普洱茶相關作品的作者機構統計推定（加權占比 50%）；不等同現職。,"{""openalex"": ""https://openalex.org/A5037575379"", ""orcid"": ""https://orcid.org/0000-0001-7958-1757""}",https://orcid.org/0000-0001-7958-1757,"Commercial/brand relationship: not identified in the cited scholarly identity/output records; this is an explicit unknown, not evidence of absence, and must be re-checked before endorsement or other high-stakes use.",2026-09-12T07:43:33+00:00
PER-000719,Shuangmei Duan,Yunnan Agricultural University,3,主要機構只按本庫中 3 篇普洱茶相關作品的作者機構統計推定（加權占比 100%）；不等同現職。,"{""openalex"": ""https://openalex.org/A5011431361"", ""orcid"": null}",https://openalex.org/A5011431361,"Commercial/brand relationship: not identified in the cited scholarly identity/output records; this is an explicit unknown, not evidence of absence, and must be re-checked before endorsement or other high-stakes use.",2026-09-12T07:43:33+00:00
PER-004250,Shuhei Hayashi,Hyogo Medical University,3,主要機構只按本庫中 3 篇普洱茶相關作品的作者機構統計推定（加權占比 100%）；不等同現職。,"{""openalex"": ""https://openalex.org/A5090154320"", ""orcid"": ""https://orcid.org/0000-0001-7004-7339""}",https://orcid.org/0000-0001-7004-7339,"Commercial/brand relationship: not identified in the cited scholarly identity/output records; this is an explicit unknown, not evidence of absence, and must be re-checked before endorsement or other high-stakes use.",2026-09-12T07:43:33+00:00
PER-001494,Shumei Hao,Yunnan University,4,主要機構只按本庫中 4 篇普洱茶相關作品的作者機構統計推定（加權占比 100%）；不等同現職。,"{""openalex"": ""https://openalex.org/A5100538445"", ""orcid"": null}",https://openalex.org/A5100538445,"Commercial/brand relationship: not identified in the cited scholarly identity/output records; this is an explicit unknown, not evidence of absence, and must be re-checked before endorsement or other high-stakes use.",2026-09-12T07:43:33+00:00
PER-004345,Siyu Li,Kunming University of Science and Technology,2,主要機構只按本庫中 2 篇普洱茶相關作品的作者機構統計推定（加權占比 100%）；不等同現職。,"{""openalex"": ""https://openalex.org/A5100436433"", ""orcid"": ""https://orcid.org/0000-0002-2205-7556""}",https://orcid.org/0000-0002-2205-7556,"Commercial/brand relationship: not identified in the cited scholarly identity/output records; this is an explicit unknown, not evidence of absence, and must be re-checked before endorsement or other high-stakes use.",2026-09-12T07:43:33+00:00
PER-004421,Tao Feng,Shanghai Institute of Technology,2,主要機構只按本庫中 2 篇普洱茶相關作品的作者機構統計推定（加權占比 100%）；不等同現職。,"{""openalex"": ""https://openalex.org/A5038349603"", ""orcid"": ""https://orcid.org/0000-0001-5582-4419""}",https://orcid.org/0000-0001-5582-4419,"Commercial/brand relationship: not identified in the cited scholarly identity/output records; this is an explicit unknown, not evidence of absence, and must be re-checked before endorsement or other high-stakes use.",2026-09-12T07:43:33+00:00
PER-004016,Tao Xia,Anhui Agricultural University,2,主要機構只按本庫中 2 篇普洱茶相關作品的作者機構統計推定（加權占比 100%）；不等同現職。,"{""openalex"": ""https://openalex.org/A5100623729"", ""orcid"": ""https://orcid.org/0000-0002-3940-688X""}",https://orcid.org/0000-0002-3940-688X,"Commercial/brand relationship: not identified in the cited scholarly identity/output records; this is an explicit unknown, not evidence of absence, and must be re-checked before endorsement or other high-stakes use.",2026-09-12T07:43:33+00:00
PER-000005,Wangyi Zhou,Tasly Holding Group (China),3,主要機構只按本庫中 3 篇普洱茶相關作品的作者機構統計推定（加權占比 75%）；不等同現職。,"{""openalex"": ""https://openalex.org/A5058610045"", ""orcid"": null}",https://openalex.org/A5058610045,"Commercial/brand relationship: not identified in the cited scholarly identity/output records; this is an explicit unknown, not evidence of absence, and must be re-checked before endorsement or other high-stakes use.",2026-09-12T07:43:33+00:00
PER-004102,Wanling Xiao,Hunan Agricultural University,3,主要機構只按本庫中 3 篇普洱茶相關作品的作者機構統計推定（加權占比 100%）；不等同現職。,"{""openalex"": ""https://openalex.org/A5113424586"", ""orcid"": null}",https://openalex.org/A5113424586,"Commercial/brand relationship: not identified in the cited scholarly identity/output records; this is an explicit unknown, not evidence of absence, and must be re-checked before endorsement or other high-stakes use.",2026-09-12T07:43:33+00:00
PER-001536,Wei Shi,Jilin University,3,主要機構只按本庫中 3 篇普洱茶相關作品的作者機構統計推定（加權占比 55%）；不等同現職。,"{""openalex"": ""https://openalex.org/A5100625677"", ""orcid"": ""https://orcid.org/0000-0002-2127-3169""}",https://orcid.org/0000-0002-2127-3169,"Commercial/brand relationship: not identified in the cited scholarly identity/output records; this is an explicit unknown, not evidence of absence, and must be re-checked before endorsement or other high-stakes use.",2026-09-12T07:43:33+00:00
PER-004230,Wen Xu,Guangzhou University of Chinese Medicine,2,主要機構只按本庫中 2 篇普洱茶相關作品的作者機構統計推定（加權占比 65%）；不等同現職。,"{""openalex"": ""https://openalex.org/A5009946707"", ""orcid"": ""https://orcid.org/0000-0002-3913-3607""}",https://orcid.org/0000-0002-3913-3607,"Commercial/brand relationship: not identified in the cited scholarly identity/output records; this is an explicit unknown, not evidence of absence, and must be re-checked before endorsement or other high-stakes use.",2026-09-12T07:43:33+00:00
PER-004329,Wendie Gan,Northeast Agricultural University,3,主要機構只按本庫中 3 篇普洱茶相關作品的作者機構統計推定（加權占比 100%）；不等同現職。,"{""openalex"": ""https://openalex.org/A5105753571"", ""orcid"": null}",https://openalex.org/A5105753571,"Commercial/brand relationship: not identified in the cited scholarly identity/output records; this is an explicit unknown, not evidence of absence, and must be re-checked before endorsement or other high-stakes use.",2026-09-12T07:43:33+00:00
PER-001857,Wenshu Peng,Yunnan University,7,主要機構只按本庫中 7 篇普洱茶相關作品的作者機構統計推定（加權占比 46%）；不等同現職。,"{""openalex"": ""https://openalex.org/A5052049845"", ""orcid"": null}",https://openalex.org/A5052049845,"Commercial/brand relationship: not identified in the cited scholarly identity/output records; this is an explicit unknown, not evidence of absence, and must be re-checked before endorsement or other high-stakes use.",2026-09-12T07:43:33+00:00
PER-000721,Wenxia Yuan,Yunnan Agricultural University,6,主要機構只按本庫中 6 篇普洱茶相關作品的作者機構統計推定（加權占比 100%）；不等同現職。,"{""openalex"": ""https://openalex.org/A5002264109"", ""orcid"": ""https://orcid.org/0000-0002-3521-3538""}",https://orcid.org/0000-0002-3521-3538,"Commercial/brand relationship: not identified in the cited scholarly identity/output records; this is an explicit unknown, not evidence of absence, and must be re-checked before endorsement or other high-stakes use.",2026-09-12T07:43:33+00:00
PER-004251,Xianbin Cai,Hyogo Medical University,3,主要機構只按本庫中 3 篇普洱茶相關作品的作者機構統計推定（加權占比 100%）；不等同現職。,"{""openalex"": ""https://openalex.org/A5071813802"", ""orcid"": ""https://orcid.org/0000-0002-3967-8666""}",https://orcid.org/0000-0002-3967-8666,"Commercial/brand relationship: not identified in the cited scholarly identity/output records; this is an explicit unknown, not evidence of absence, and must be re-checked before endorsement or other high-stakes use.",2026-09-12T07:43:33+00:00
PER-001687,Xiangzhong Huang,Minzu University of China,2,主要機構只按本庫中 2 篇普洱茶相關作品的作者機構統計推定（加權占比 67%）；不等同現職。,"{""openalex"": ""https://openalex.org/A5062192347"", ""orcid"": null}",https://openalex.org/A5062192347,"Commercial/brand relationship: not identified in the cited scholarly identity/output records; this is an explicit unknown, not evidence of absence, and must be re-checked before endorsement or other high-stakes use.",2026-09-12T07:43:33+00:00
PER-000003,Xiaohui Ma,Tasly Holding Group (China),3,主要機構只按本庫中 3 篇普洱茶相關作品的作者機構統計推定（加權占比 75%）；不等同現職。,"{""openalex"": ""https://openalex.org/A5100667074"", ""orcid"": ""https://orcid.org/0000-0001-5358-8790""}",https://orcid.org/0000-0001-5358-8790,"Commercial/brand relationship: not identified in the cited scholarly identity/output records; this is an explicit unknown, not evidence of absence, and must be re-checked before endorsement or other high-stakes use.",2026-09-12T07:43:33+00:00
PER-004144,Xiaohui Zhou,Yunnan Agricultural University,2,主要機構只按本庫中 2 篇普洱茶相關作品的作者機構統計推定（加權占比 100%）；不等同現職。,"{""openalex"": ""https://openalex.org/A5068510041"", ""orcid"": ""https://orcid.org/0000-0002-6375-4497""}",https://orcid.org/0000-0002-6375-4497,"Commercial/brand relationship: not identified in the cited scholarly identity/output records; this is an explicit unknown, not evidence of absence, and must be re-checked before endorsement or other high-stakes use.",2026-09-12T07:43:33+00:00
PER-004243,Xiaoju Zou,Kunming University,2,主要機構只按本庫中 2 篇普洱茶相關作品的作者機構統計推定（加權占比 100%）；不等同現職。,"{""openalex"": ""https://openalex.org/A5110008235"", ""orcid"": null}",https://openalex.org/A5110008235,"Commercial/brand relationship: not identified in the cited scholarly identity/output records; this is an explicit unknown, not evidence of absence, and must be re-checked before endorsement or other high-stakes use.",2026-09-12T07:43:33+00:00
PER-004323,Xiaoli Wang,Xihua University,2,主要機構只按本庫中 2 篇普洱茶相關作品的作者機構統計推定（加權占比 100%）；不等同現職。,"{""openalex"": ""https://openalex.org/A5100456906"", ""orcid"": ""https://orcid.org/0000-0002-6005-2529""}",https://orcid.org/0000-0002-6005-2529,"Commercial/brand relationship: not identified in the cited scholarly identity/output records; this is an explicit unknown, not evidence of absence, and must be re-checked before endorsement or other high-stakes use.",2026-09-12T07:43:33+00:00
PER-000416,Xiaoqin Su,Yunnan Agricultural University,3,主要機構只按本庫中 3 篇普洱茶相關作品的作者機構統計推定（加權占比 100%）；不等同現職。,"{""openalex"": ""https://openalex.org/A5034734941"", ""orcid"": null}",https://openalex.org/A5034734941,"Commercial/brand relationship: not identified in the cited scholarly identity/output records; this is an explicit unknown, not evidence of absence, and must be re-checked before endorsement or other high-stakes use.",2026-09-12T07:43:33+00:00
PER-001739,Xiaoxue Guo,Wuhan Donghu University,5,主要機構只按本庫中 5 篇普洱茶相關作品的作者機構統計推定（加權占比 50%）；不等同現職。,"{""openalex"": ""https://openalex.org/A5101314974"", ""orcid"": null}",https://openalex.org/A5101314974,"Commercial/brand relationship: not identified in the cited scholarly identity/output records; this is an explicit unknown, not evidence of absence, and must be re-checked before endorsement or other high-stakes use.",2026-09-12T07:43:33+00:00
PER-004062,Xiaying Tao,Yunnan Agricultural University,3,主要機構只按本庫中 3 篇普洱茶相關作品的作者機構統計推定（加權占比 75%）；不等同現職。,"{""openalex"": ""https://openalex.org/A5128457021"", ""orcid"": null}",https://openalex.org/A5128457021,"Commercial/brand relationship: not identified in the cited scholarly identity/output records; this is an explicit unknown, not evidence of absence, and must be re-checked before endorsement or other high-stakes use.",2026-09-12T07:43:33+00:00
PER-004118,Xinghua Wang,Yunnan Agricultural University,2,主要機構只按本庫中 2 篇普洱茶相關作品的作者機構統計推定（加權占比 100%）；不等同現職。,"{""openalex"": ""https://openalex.org/A5100639250"", ""orcid"": ""https://orcid.org/0000-0003-2819-396X""}",https://orcid.org/0000-0003-2819-396X,"Commercial/brand relationship: not identified in the cited scholarly identity/output records; this is an explicit unknown, not evidence of absence, and must be re-checked before endorsement or other high-stakes use.",2026-09-12T07:43:33+00:00
PER-000490,Xinghui Li,Nanjing Agricultural University,4,主要機構只按本庫中 4 篇普洱茶相關作品的作者機構統計推定（加權占比 100%）；不等同現職。,"{""openalex"": ""https://openalex.org/A5033459720"", ""orcid"": ""https://orcid.org/0000-0001-6451-7453""}",https://orcid.org/0000-0001-6451-7453,"Commercial/brand relationship: not identified in the cited scholarly identity/output records; this is an explicit unknown, not evidence of absence, and must be re-checked before endorsement or other high-stakes use.",2026-09-12T07:43:33+00:00
PER-000688,Xingmin Zhang,Hunan Agricultural University,2,主要機構只按本庫中 2 篇普洱茶相關作品的作者機構統計推定（加權占比 100%）；不等同現職。,"{""openalex"": ""https://openalex.org/A5044339128"", ""orcid"": ""https://orcid.org/0000-0002-8953-1582""}",https://orcid.org/0000-0002-8953-1582,"Commercial/brand relationship: not identified in the cited scholarly identity/output records; this is an explicit unknown, not evidence of absence, and must be re-checked before endorsement or other high-stakes use.",2026-09-12T07:43:33+00:00
PER-001144,Xingzhong Liu,Chinese Academy of Sciences,2,主要機構只按本庫中 2 篇普洱茶相關作品的作者機構統計推定（加權占比 70%）；不等同現職。,"{""openalex"": ""https://openalex.org/A5044384373"", ""orcid"": ""https://orcid.org/0000-0002-3224-8604""}",https://orcid.org/0000-0002-3224-8604,"Commercial/brand relationship: not identified in the cited scholarly identity/output records; this is an explicit unknown, not evidence of absence, and must be re-checked before endorsement or other high-stakes use.",2026-09-12T07:43:33+00:00
PER-001600,Xinmeng Cheng,Chinese Academy of Forestry,2,主要機構只按本庫中 2 篇普洱茶相關作品的作者機構統計推定（加權占比 67%）；不等同現職。,"{""openalex"": ""https://openalex.org/A5081670892"", ""orcid"": ""https://orcid.org/0000-0003-2696-7925""}",https://orcid.org/0000-0003-2696-7925,"Commercial/brand relationship: not identified in the cited scholarly identity/output records; this is an explicit unknown, not evidence of absence, and must be re-checked before endorsement or other high-stakes use.",2026-09-12T07:43:33+00:00
PER-003908,Xinyi Zhang,Hunan Agricultural University,3,主要機構只按本庫中 3 篇普洱茶相關作品的作者機構統計推定（加權占比 100%）；不等同現職。,"{""openalex"": ""https://openalex.org/A5082909924"", ""orcid"": ""https://orcid.org/0009-0004-7294-0306""}",https://orcid.org/0009-0004-7294-0306,"Commercial/brand relationship: not identified in the cited scholarly identity/output records; this is an explicit unknown, not evidence of absence, and must be re-checked before endorsement or other high-stakes use.",2026-09-12T07:43:33+00:00
PER-004305,Xinyu Feng,Tea Research Institute,2,主要機構只按本庫中 2 篇普洱茶相關作品的作者機構統計推定（加權占比 50%）；不等同現職。,"{""openalex"": ""https://openalex.org/A5036345685"", ""orcid"": ""https://orcid.org/0000-0002-4120-7759""}",https://orcid.org/0000-0002-4120-7759,"Commercial/brand relationship: not identified in the cited scholarly identity/output records; this is an explicit unknown, not evidence of absence, and must be re-checked before endorsement or other high-stakes use.",2026-09-12T07:43:33+00:00
PER-004174,Xin‐Hui Xing,Tsinghua University,2,主要機構只按本庫中 2 篇普洱茶相關作品的作者機構統計推定（加權占比 48%）；不等同現職。,"{""openalex"": ""https://openalex.org/A5101990976"", ""orcid"": ""https://orcid.org/0000-0001-6419-4770""}",https://orcid.org/0000-0001-6419-4770,"Commercial/brand relationship: not identified in the cited scholarly identity/output records; this is an explicit unknown, not evidence of absence, and must be re-checked before endorsement or other high-stakes use.",2026-09-12T07:43:33+00:00
PER-004257,Xiongjun Xiao,Sichuan University of Science and Engineering,2,主要機構只按本庫中 2 篇普洱茶相關作品的作者機構統計推定（加權占比 100%）；不等同現職。,"{""openalex"": ""https://openalex.org/A5024784825"", ""orcid"": null}",https://openalex.org/A5024784825,"Commercial/brand relationship: not identified in the cited scholarly identity/output records; this is an explicit unknown, not evidence of absence, and must be re-checked before endorsement or other high-stakes use.",2026-09-12T07:43:33+00:00
PER-000919,Xiujuan Deng,Yunnan Agricultural University,3,主要機構只按本庫中 3 篇普洱茶相關作品的作者機構統計推定（加權占比 100%）；不等同現職。,"{""openalex"": ""https://openalex.org/A5011763163"", ""orcid"": null}",https://openalex.org/A5011763163,"Commercial/brand relationship: not identified in the cited scholarly identity/output records; this is an explicit unknown, not evidence of absence, and must be re-checked before endorsement or other high-stakes use.",2026-09-12T07:43:33+00:00
PER-003836,Xuan Chen,Nanjing Agricultural University,2,主要機構只按本庫中 2 篇普洱茶相關作品的作者機構統計推定（加權占比 100%）；不等同現職。,"{""openalex"": ""https://openalex.org/A5100446788"", ""orcid"": ""https://orcid.org/0000-0001-5553-3638""}",https://orcid.org/0000-0001-5553-3638,"Commercial/brand relationship: not identified in the cited scholarly identity/output records; this is an explicit unknown, not evidence of absence, and must be re-checked before endorsement or other high-stakes use.",2026-09-12T07:43:33+00:00
PER-001491,Xuanjun Wang,Yunnan Agricultural University,2,主要機構只按本庫中 2 篇普洱茶相關作品的作者機構統計推定（加權占比 47%）；不等同現職。,"{""openalex"": ""https://openalex.org/A5056101783"", ""orcid"": ""https://orcid.org/0000-0003-1211-506X""}",https://orcid.org/0000-0003-1211-506X,"Commercial/brand relationship: not identified in the cited scholarly identity/output records; this is an explicit unknown, not evidence of absence, and must be re-checked before endorsement or other high-stakes use.",2026-09-12T07:43:33+00:00
PER-004222,Yahui Huang,South China Agricultural University,2,主要機構只按本庫中 2 篇普洱茶相關作品的作者機構統計推定（加權占比 100%）；不等同現職。,"{""openalex"": ""https://openalex.org/A5086768401"", ""orcid"": ""https://orcid.org/0000-0002-0247-7959""}",https://orcid.org/0000-0002-0247-7959,"Commercial/brand relationship: not identified in the cited scholarly identity/output records; this is an explicit unknown, not evidence of absence, and must be re-checked before endorsement or other high-stakes use.",2026-09-12T07:43:33+00:00
PER-004031,Yamin Wu,Yunnan Agricultural University,2,主要機構只按本庫中 2 篇普洱茶相關作品的作者機構統計推定（加權占比 100%）；不等同現職。,"{""openalex"": ""https://openalex.org/A5112011801"", ""orcid"": ""https://orcid.org/0000-0003-4801-894X""}",https://orcid.org/0000-0003-4801-894X,"Commercial/brand relationship: not identified in the cited scholarly identity/output records; this is an explicit unknown, not evidence of absence, and must be re-checked before endorsement or other high-stakes use.",2026-09-12T07:43:33+00:00
PER-000768,Yan Hou,Yunnan Agricultural University,7,主要機構只按本庫中 7 篇普洱茶相關作品的作者機構統計推定（加權占比 63%）；不等同現職。,"{""openalex"": ""https://openalex.org/A5100652900"", ""orcid"": ""https://orcid.org/0000-0001-8398-5498""}",https://orcid.org/0000-0001-8398-5498,"Commercial/brand relationship: not identified in the cited scholarly identity/output records; this is an explicit unknown, not evidence of absence, and must be re-checked before endorsement or other high-stakes use.",2026-09-12T07:43:33+00:00
PER-004005,Yan Ma,Yunnan Agricultural University,6,主要機構只按本庫中 6 篇普洱茶相關作品的作者機構統計推定（加權占比 100%）；不等同現職。,"{""openalex"": ""https://openalex.org/A5100446835"", ""orcid"": ""https://orcid.org/0000-0002-9142-8138""}",https://orcid.org/0000-0002-9142-8138,"Commercial/brand relationship: not identified in the cited scholarly identity/output records; this is an explicit unknown, not evidence of absence, and must be re-checked before endorsement or other high-stakes use.",2026-09-12T07:43:33+00:00
PER-004042,Yanhui Guan,Yunnan Agricultural University,2,主要機構只按本庫中 2 篇普洱茶相關作品的作者機構統計推定（加權占比 100%）；不等同現職。,"{""openalex"": ""https://openalex.org/A5066864892"", ""orcid"": null}",https://openalex.org/A5066864892,"Commercial/brand relationship: not identified in the cited scholarly identity/output records; this is an explicit unknown, not evidence of absence, and must be re-checked before endorsement or other high-stakes use.",2026-09-12T07:43:33+00:00
PER-004306,Yani Pan,Zhejiang University,3,主要機構只按本庫中 3 篇普洱茶相關作品的作者機構統計推定（加權占比 50%）；不等同現職。,"{""openalex"": ""https://openalex.org/A5062610609"", ""orcid"": ""https://orcid.org/0000-0002-4755-9878""}",https://orcid.org/0000-0002-4755-9878,"Commercial/brand relationship: not identified in the cited scholarly identity/output records; this is an explicit unknown, not evidence of absence, and must be re-checked before endorsement or other high-stakes use.",2026-09-12T07:43:33+00:00
PER-001471,Yanqin Xiao,Yunnan Agricultural University,2,主要機構只按本庫中 2 篇普洱茶相關作品的作者機構統計推定（加權占比 100%）；不等同現職。,"{""openalex"": ""https://openalex.org/A5038459064"", ""orcid"": null}",https://openalex.org/A5038459064,"Commercial/brand relationship: not identified in the cited scholarly identity/output records; this is an explicit unknown, not evidence of absence, and must be re-checked before endorsement or other high-stakes use.",2026-09-12T07:43:33+00:00
PER-001193,Yanqin Yang,Tea Research Institute,2,主要機構只按本庫中 2 篇普洱茶相關作品的作者機構統計推定（加權占比 67%）；不等同現職。,"{""openalex"": ""https://openalex.org/A5066477098"", ""orcid"": ""https://orcid.org/0000-0001-8793-9157""}",https://orcid.org/0000-0001-8793-9157,"Commercial/brand relationship: not identified in the cited scholarly identity/output records; this is an explicit unknown, not evidence of absence, and must be re-checked before endorsement or other high-stakes use.",2026-09-12T07:43:33+00:00
PER-001654,Yea‐Yin Yen,Kaohsiung Medical University,2,主要機構只按本庫中 2 篇普洱茶相關作品的作者機構統計推定（加權占比 100%）；不等同現職。,"{""openalex"": ""https://openalex.org/A5009694338"", ""orcid"": ""https://orcid.org/0000-0003-1476-3511""}",https://orcid.org/0000-0003-1476-3511,"Commercial/brand relationship: not identified in the cited scholarly identity/output records; this is an explicit unknown, not evidence of absence, and must be re-checked before endorsement or other high-stakes use.",2026-09-12T07:43:33+00:00
PER-004175,Yi Wang,Tsinghua University,2,主要機構只按本庫中 2 篇普洱茶相關作品的作者機構統計推定（加權占比 100%）；不等同現職。,"{""openalex"": ""https://openalex.org/A5100721619"", ""orcid"": ""https://orcid.org/0000-0003-4028-2471""}",https://orcid.org/0000-0003-4028-2471,"Commercial/brand relationship: not identified in the cited scholarly identity/output records; this is an explicit unknown, not evidence of absence, and must be re-checked before endorsement or other high-stakes use.",2026-09-12T07:43:33+00:00
PER-004242,Yi-Hong Ding,Kunming Institute of Zoology,2,主要機構只按本庫中 2 篇普洱茶相關作品的作者機構統計推定（加權占比 50%）；不等同現職。,"{""openalex"": ""https://openalex.org/A5066352916"", ""orcid"": null}",https://openalex.org/A5066352916,"Commercial/brand relationship: not identified in the cited scholarly identity/output records; this is an explicit unknown, not evidence of absence, and must be re-checked before endorsement or other high-stakes use.",2026-09-12T07:43:33+00:00
PER-004015,Ying Xiao,Macau University of Science and Technology,2,主要機構只按本庫中 2 篇普洱茶相關作品的作者機構統計推定（加權占比 100%）；不等同現職。,"{""openalex"": ""https://openalex.org/A5004694609"", ""orcid"": ""https://orcid.org/0000-0002-3294-4407""}",https://orcid.org/0000-0002-3294-4407,"Commercial/brand relationship: not identified in the cited scholarly identity/output records; this is an explicit unknown, not evidence of absence, and must be re-checked before endorsement or other high-stakes use.",2026-09-12T07:43:33+00:00
PER-000426,Yinghong Pan,Chinese Academy of Agricultural Sciences,2,主要機構只按本庫中 2 篇普洱茶相關作品的作者機構統計推定（加權占比 50%）；不等同現職。,"{""openalex"": ""https://openalex.org/A5026580342"", ""orcid"": ""https://orcid.org/0000-0002-4025-5193""}",https://orcid.org/0000-0002-4025-5193,"Commercial/brand relationship: not identified in the cited scholarly identity/output records; this is an explicit unknown, not evidence of absence, and must be re-checked before endorsement or other high-stakes use.",2026-09-12T07:43:33+00:00
PER-002018,Yingjuan Chen,Southwest University,3,主要機構只按本庫中 3 篇普洱茶相關作品的作者機構統計推定（加權占比 100%）；不等同現職。,"{""openalex"": ""https://openalex.org/A5028890628"", ""orcid"": ""https://orcid.org/0000-0002-2104-0330""}",https://orcid.org/0000-0002-2104-0330,"Commercial/brand relationship: not identified in the cited scholarly identity/output records; this is an explicit unknown, not evidence of absence, and must be re-checked before endorsement or other high-stakes use.",2026-09-12T07:43:33+00:00
PER-004066,Yingling Zhou,Yunnan Agricultural University,3,主要機構只按本庫中 3 篇普洱茶相關作品的作者機構統計推定（加權占比 75%）；不等同現職。,"{""openalex"": ""https://openalex.org/A5128405924"", ""orcid"": null}",https://openalex.org/A5128405924,"Commercial/brand relationship: not identified in the cited scholarly identity/output records; this is an explicit unknown, not evidence of absence, and must be re-checked before endorsement or other high-stakes use.",2026-09-12T07:43:33+00:00
PER-004040,Yiqing Guan,Yunnan Agricultural University,10,主要機構只按本庫中 10 篇普洱茶相關作品的作者機構統計推定（加權占比 91%）；不等同現職。,"{""openalex"": ""https://openalex.org/A5111219185"", ""orcid"": null}",https://openalex.org/A5111219185,"Commercial/brand relationship: not identified in the cited scholarly identity/output records; this is an explicit unknown, not evidence of absence, and must be re-checked before endorsement or other high-stakes use.",2026-09-12T07:43:33+00:00
PER-004344,Yongdan Hu,Kunming University of Science and Technology,3,主要機構只按本庫中 3 篇普洱茶相關作品的作者機構統計推定（加權占比 100%）；不等同現職。,"{""openalex"": ""https://openalex.org/A5001058850"", ""orcid"": null}",https://openalex.org/A5001058850,"Commercial/brand relationship: not identified in the cited scholarly identity/output records; this is an explicit unknown, not evidence of absence, and must be re-checked before endorsement or other high-stakes use.",2026-09-12T07:43:33+00:00
PER-001192,Yongwen Jiang,Tea Research Institute,3,主要機構只按本庫中 3 篇普洱茶相關作品的作者機構統計推定（加權占比 58%）；不等同現職。,"{""openalex"": ""https://openalex.org/A5101605328"", ""orcid"": ""https://orcid.org/0000-0002-9998-6214""}",https://orcid.org/0000-0002-9998-6214,"Commercial/brand relationship: not identified in the cited scholarly identity/output records; this is an explicit unknown, not evidence of absence, and must be re-checked before endorsement or other high-stakes use.",2026-09-12T07:43:33+00:00
PER-004394,Yu Shi,Southwest University,2,主要機構只按本庫中 2 篇普洱茶相關作品的作者機構統計推定（加權占比 100%）；不等同現職。,"{""openalex"": ""https://openalex.org/A5029214278"", ""orcid"": null}",https://openalex.org/A5029214278,"Commercial/brand relationship: not identified in the cited scholarly identity/output records; this is an explicit unknown, not evidence of absence, and must be re-checked before endorsement or other high-stakes use.",2026-09-12T07:43:33+00:00
PER-004143,Yuanda Li,Yunnan Agricultural University,2,主要機構只按本庫中 2 篇普洱茶相關作品的作者機構統計推定（加權占比 50%）；不等同現職。,"{""openalex"": ""https://openalex.org/A5056566059"", ""orcid"": ""https://orcid.org/0000-0001-7285-9875""}",https://orcid.org/0000-0001-7285-9875,"Commercial/brand relationship: not identified in the cited scholarly identity/output records; this is an explicit unknown, not evidence of absence, and must be re-checked before endorsement or other high-stakes use.",2026-09-12T07:43:33+00:00
PER-000754,Yuanshuang Wu,Kunming University of Science and Technology,5,主要機構只按本庫中 5 篇普洱茶相關作品的作者機構統計推定（加權占比 73%）；不等同現職。,"{""openalex"": ""https://openalex.org/A5021851032"", ""orcid"": null}",https://openalex.org/A5021851032,"Commercial/brand relationship: not identified in the cited scholarly identity/output records; this is an explicit unknown, not evidence of absence, and must be re-checked before endorsement or other high-stakes use.",2026-09-12T07:43:33+00:00
PER-004411,Yue Miao,Yunnan Agricultural University,2,主要機構只按本庫中 2 篇普洱茶相關作品的作者機構統計推定（加權占比 67%）；不等同現職。,"{""openalex"": ""https://openalex.org/A5028196226"", ""orcid"": ""https://orcid.org/0000-0002-4401-9331""}",https://orcid.org/0000-0002-4401-9331,"Commercial/brand relationship: not identified in the cited scholarly identity/output records; this is an explicit unknown, not evidence of absence, and must be re-checked before endorsement or other high-stakes use.",2026-09-12T07:43:33+00:00
PER-004029,Yuefei Wang,Zhejiang University,2,主要機構只按本庫中 2 篇普洱茶相關作品的作者機構統計推定（加權占比 100%）；不等同現職。,"{""openalex"": ""https://openalex.org/A5092019886"", ""orcid"": null}",https://openalex.org/A5092019886,"Commercial/brand relationship: not identified in the cited scholarly identity/output records; this is an explicit unknown, not evidence of absence, and must be re-checked before endorsement or other high-stakes use.",2026-09-12T07:43:33+00:00
PER-000007,Yunjing Zhang,Shanghai Jiao Tong University,2,主要機構只按本庫中 2 篇普洱茶相關作品的作者機構統計推定（加權占比 50%）；不等同現職。,"{""openalex"": ""https://openalex.org/A5078484326"", ""orcid"": ""https://orcid.org/0000-0001-9344-2905""}",https://orcid.org/0000-0001-9344-2905,"Commercial/brand relationship: not identified in the cited scholarly identity/output records; this is an explicit unknown, not evidence of absence, and must be re-checked before endorsement or other high-stakes use.",2026-09-12T07:43:33+00:00
PER-004034,Yuxin Xia,Yunnan Agricultural University,2,主要機構只按本庫中 2 篇普洱茶相關作品的作者機構統計推定（加權占比 100%）；不等同現職。,"{""openalex"": ""https://openalex.org/A5102024117"", ""orcid"": ""https://orcid.org/0000-0002-9875-3339""}",https://orcid.org/0000-0002-9875-3339,"Commercial/brand relationship: not identified in the cited scholarly identity/output records; this is an explicit unknown, not evidence of absence, and must be re-checked before endorsement or other high-stakes use.",2026-09-12T07:43:33+00:00
PER-004220,Zhen Zeng,South China Agricultural University,2,主要機構只按本庫中 2 篇普洱茶相關作品的作者機構統計推定（加權占比 100%）；不等同現職。,"{""openalex"": ""https://openalex.org/A5102016371"", ""orcid"": ""https://orcid.org/0000-0002-4508-8515""}",https://orcid.org/0000-0002-4508-8515,"Commercial/brand relationship: not identified in the cited scholarly identity/output records; this is an explicit unknown, not evidence of absence, and must be re-checked before endorsement or other high-stakes use.",2026-09-12T07:43:33+00:00
PER-003835,Zhiguo Shan,Puer University,3,主要機構只按本庫中 3 篇普洱茶相關作品的作者機構統計推定（加權占比 100%）；不等同現職。,"{""openalex"": ""https://openalex.org/A5083334583"", ""orcid"": ""https://orcid.org/0000-0002-6165-8258""}",https://orcid.org/0000-0002-6165-8258,"Commercial/brand relationship: not identified in the cited scholarly identity/output records; this is an explicit unknown, not evidence of absence, and must be re-checked before endorsement or other high-stakes use.",2026-09-12T07:43:33+00:00
PER-004090,Zihao Wang,Xinyang Agriculture and Forestry University,2,主要機構只按本庫中 2 篇普洱茶相關作品的作者機構統計推定（加權占比 100%）；不等同現職。,"{""openalex"": ""https://openalex.org/A5100634115"", ""orcid"": ""https://orcid.org/0009-0005-3238-0188""}",https://orcid.org/0009-0005-3238-0188,"Commercial/brand relationship: not identified in the cited scholarly identity/output records; this is an explicit unknown, not evidence of absence, and must be re-checked before endorsement or other high-stakes use.",2026-09-12T07:43:33+00:00
PER-001601,Zizhi Wang,Chinese Academy of Forestry,2,主要機構只按本庫中 2 篇普洱茶相關作品的作者機構統計推定（加權占比 67%）；不等同現職。,"{""openalex"": ""https://openalex.org/A5030426834"", ""orcid"": ""https://orcid.org/0000-0003-1153-1563""}",https://orcid.org/0000-0003-1153-1563,"Commercial/brand relationship: not identified in the cited scholarly identity/output records; this is an explicit unknown, not evidence of absence, and must be re-checked before endorsement or other high-stakes use.",2026-09-12T07:43:33+00:00
PER-004120,Zongpei Fan,Yunnan Agricultural University,2,主要機構只按本庫中 2 篇普洱茶相關作品的作者機構統計推定（加權占比 100%）；不等同現職。,"{""openalex"": ""https://openalex.org/A5101248839"", ""orcid"": null}",https://openalex.org/A5101248839,"Commercial/brand relationship: not identified in the cited scholarly identity/output records; this is an explicit unknown, not evidence of absence, and must be re-checked before endorsement or other high-stakes use.",2026-09-12T07:43:33+00:00
