document_id,title,author,published_date,document_type,source_name,source_url,doi,evidence_level,rights_status,license,fulltext_status,word_count,page_count,topics
DOC-000196,Metabolomic dynamics of flavor compound synthesis in Pu’er green tea produced from Camellia sinensis var. assamica under seasonal variation,Yuchen Wang; Ling Zhu; Sisi Liu; Lili Ye; Dongsheng Li; Fan Gong,2026-07-03,journal_article,OpenAlex,https://www.nature.com/articles/s41598-026-61192-4_reference.pdf,https://doi.org/10.1038/s41598-026-61192-4,B,OPEN_ACCESS,cc-by-nc-nd,FULL_PDF,9986,38,chemistry:CORE | cultivar:CORE | sensory:CORE | culture:MENTIONS | geography:MENTIONS | industry:MENTIONS | microbiology:MENTIONS | mountain_and_village:MENTIONS | processing:MENTIONS | production:MENTIONS | safety:MENTIONS | standards:MENTIONS | terroir:MENTIONS
DOC-000404,Metabolomic and Sensory Insights into the Aging Mechanism of Ripened Pu-Erh Tea over Nine Years.,Bo N; Wang T; Chen Q; Guan Y; Yang D; Yang F; Gao H; Tao X; Liang P; Cai B; Pan G; Zhou Y; Zhao M,2026-06-03,research_article,Europe PMC,https://www.ebi.ac.uk/europepmc/webservices/rest/PMC13258448/fullTextXML,10.3390/molecules31111937,B,OPEN_ACCESS,cc by,FULL_TEXT,6972,0,chemistry:CORE | sensory:CORE | storage:CORE | cultivar:MENTIONS | fermentation:MENTIONS | geography:MENTIONS | industry:MENTIONS | microbiology:MENTIONS | processing:MENTIONS | production:MENTIONS | standards:MENTIONS
DOC-000428,Revealing the Differences in Taste/Mouthfeel Quality of Raw Pu-erh Tea Under Different Drying Methods Based on Nontargeted and Targeted Metabolomics.,Luo Z; Ma L; Wan F; Liu X; Zhang Y; Xu T; Su Q; Cao D; Liu Y; Yan X; Jin X,2026-05-28,research_article,Europe PMC,https://www.ebi.ac.uk/europepmc/webservices/rest/PMC13256823/fullTextXML,10.3390/foods15111918,B,OPEN_ACCESS,cc by,FULL_TEXT,5045,0,chemistry:CORE | processing:CORE | sensory:CORE | cultivar:MENTIONS | fermentation:MENTIONS | geography:MENTIONS | production:MENTIONS | standards:MENTIONS | storage:MENTIONS
DOC-000201,A systematic review on criteria for land suitability assessment for tea cultivation,Finias F. Mwesige; Boniface H. J. Massawe; Hilda G. Sanga; Braison E. Mjanja,2026-05-22,review,OpenAlex,https://www.frontiersin.org/journals/agronomy/articles/10.3389/fagro.2026.1819514/pdf,https://doi.org/10.3389/fagro.2026.1819514,B,OPEN_ACCESS,cc-by,FULL_PDF,19831,23,terroir:SUBSTANTIVE | chemistry:MENTIONS | cultivar:MENTIONS | culture:MENTIONS | geography:MENTIONS | industry:MENTIONS | microbiology:MENTIONS | processing:MENTIONS | production:MENTIONS | sensory:MENTIONS | standards:MENTIONS
DOC-000202,"Multi-dimensional regulation of tea leaf development: morphogenesis, hormone–transcriptional networks, environmental factors, and artificial cultivation practices",Can Xu; Xiang Liu; Shun Li; Simian Fei; Jihui Tan; Fang Zhou; Kunbo Wang; Yong Luo,2026-03-30,journal_article,OpenAlex,https://public-pages-files-2025.frontiersin.org/journals/plant-science/articles/10.3389/fpls.2026.1792941/pdf,https://doi.org/10.3389/fpls.2026.1792941,B,OPEN_ACCESS,cc-by,FULL_PDF,18859,20,standards:CORE | chemistry:MENTIONS | cultivar:MENTIONS | geography:MENTIONS | history:MENTIONS | industry:MENTIONS | microbiology:MENTIONS | production:MENTIONS | sensory:MENTIONS | terroir:MENTIONS
DOC-000408,Dynamic Evolution of Aroma Characteristics in Ripened Pu-Erh Tea During Industrial Fermentation: Insights from GC-MS and Flavor Wheel Analysis.,Guan Y; Chen Q; Bo N; Yang D; Yang F; Gao H; Tao X; Liang P; Pan G; Cai B; Zhou Y; Zhang H; Peng S; Shi L; Wang T,2026-03-13,research_article,Europe PMC,https://www.ebi.ac.uk/europepmc/webservices/rest/PMC13025987/fullTextXML,10.3390/foods15061014,B,OPEN_ACCESS,cc by,FULL_TEXT,4400,0,fermentation:CORE | sensory:CORE | chemistry:SUBSTANTIVE | standards:SUBSTANTIVE | cultivar:MENTIONS | geography:MENTIONS | industry:MENTIONS | microbiology:MENTIONS | processing:MENTIONS | production:MENTIONS
DOC-000403,"Decoding long-term aging of ripened Pu-erh tea: sensory equilibrium, metabolic pathways, and chemical markers.",Zheng X; Bai S; Chen D; Wen S; Wang L; An H; Liang H; Yao H; Chen Y; Chen H; Zhang J; Xue Y; Huang J; Liu Z,2026-03-11,research_article,Europe PMC,https://www.ebi.ac.uk/europepmc/webservices/rest/PMC13000720/fullTextXML,10.1016/j.fochx.2026.103755,B,OPEN_ACCESS,cc by-nc,FULL_TEXT,5930,0,chemistry:CORE | sensory:CORE | storage:CORE | cultivar:MENTIONS | culture:MENTIONS | fermentation:MENTIONS | geography:MENTIONS | industry:MENTIONS | microbiology:MENTIONS | processing:MENTIONS | production:MENTIONS | standards:MENTIONS
DOC-000469,Pu-erh tea attenuates obesity by remodeling gut microbiota and activating energy expenditure.,Jiang X; Wu F; Xu M; Luo L; Zeng L,2026-01-15,research_article,Europe PMC,https://www.ebi.ac.uk/europepmc/webservices/rest/PMC12853662/fullTextXML,10.3389/fmicb.2025.1752456,B,OPEN_ACCESS,cc by,FULL_TEXT,7110,0,microbiology:CORE | chemistry:MENTIONS | fermentation:MENTIONS | geography:MENTIONS | industry:MENTIONS | production:MENTIONS | standards:MENTIONS | storage:MENTIONS
DOC-000195,Phenotypic feature-based identification of tea geographical origin using lightweight deep learning,Guoquan Pei; Bing Zhou; Xueying Qian; Baijuan Wang; Wei Chen; Wendou Wu,2026-01-09,journal_article,OpenAlex,https://www.nature.com/articles/s41538-025-00690-7_reference.pdf,https://doi.org/10.1038/s41538-025-00690-7,B,OPEN_ACCESS,cc-by-nc-nd,FULL_PDF,13929,36,geography:CORE | chemistry:MENTIONS | cultivar:MENTIONS | industry:MENTIONS | mountain_and_village:MENTIONS | processing:MENTIONS | production:MENTIONS | sensory:MENTIONS | standards:MENTIONS | terroir:MENTIONS
DOC-000406,Multiscale mechanistic insights into sonochemical energy coupling and flavor evolution in Pu‑erh tea.,Duan S; Luo H; Yu L; Dong J; Qiao Z; Liu S; Li Y; Yin H; Zhou R; Chen Y; Zhou S; Gong C; Shen Y; Du Z; Feng L; Du X; Sheng J; Yang R; Fang C,2026-01-01,research_article,Europe PMC,https://www.ebi.ac.uk/europepmc/webservices/rest/PMC12882671/fullTextXML,10.1016/j.ultsonch.2025.107735,B,OPEN_ACCESS,cc by,FULL_TEXT,16339,0,chemistry:CORE | sensory:CORE | fermentation:SUBSTANTIVE | microbiology:SUBSTANTIVE | cultivar:MENTIONS | geography:MENTIONS | industry:MENTIONS | processing:MENTIONS | production:MENTIONS | standards:MENTIONS | storage:MENTIONS | terroir:MENTIONS
DOC-000427,ECS-tea: a bio-inspired high-precision detection and localization algorithm for young shoots of Pu-erh tea.,Wang J; Li W; Xu J; Ti H; Jiang C; Liao H; Li J; Li Q,2025-12-03,research_article,Europe PMC,https://www.ebi.ac.uk/europepmc/webservices/rest/PMC12710504/fullTextXML,10.3389/fpls.2025.1697209,B,OPEN_ACCESS,cc by,FULL_TEXT,7434,0,culture:SUBSTANTIVE | cultivar:MENTIONS | geography:MENTIONS | industry:MENTIONS | mountain_and_village:MENTIONS | processing:MENTIONS | sensory:MENTIONS | standards:MENTIONS | terroir:MENTIONS
DOC-000443,"Heavy Metals in the Soil-Coffee System of Pu'er, China, a Major Coffee Producing Region in China: Distribution and Health Risks.",Zhou X; Yang T; Hao Y; Li J; Du B; Yang S; Miao X,2025-11-01,research_article,Europe PMC,https://www.ebi.ac.uk/europepmc/webservices/rest/PMC12656080/fullTextXML,10.3390/toxics13110944,B,OPEN_ACCESS,cc by,FULL_TEXT,4996,0,geography:CORE | terroir:CORE | cultivar:MENTIONS | industry:MENTIONS | production:MENTIONS | standards:MENTIONS | storage:MENTIONS
DOC-000459,"Ultrasound-assisted hot water extraction of yellow leaves of Pu'er tea polysaccharides: Extraction process, characterization, antioxidant and hypoglycemic activity.",Zhao A; Sun L; Xu F; Gan W; Guo B; Jiang L; Wu X,2025-10-27,research_article,Europe PMC,https://www.ebi.ac.uk/europepmc/webservices/rest/PMC12615759/fullTextXML,10.1016/j.ultsonch.2025.107653,B,OPEN_ACCESS,cc by-nc,FULL_TEXT,6670,0,fermentation:MENTIONS | geography:MENTIONS | history:MENTIONS | processing:MENTIONS | production:MENTIONS | sensory:MENTIONS | standards:MENTIONS
DOC-000438,"Unraveling the Key Odorants in Floral-Fruity Aroma Pu-Erh Tea via GC-O-MS, GC-MS/MS, Aroma Recombination, and Omission Tests.",Zhou X; Hu J; Cui H; Tang J; Jiang Y; Yuan H; Li J; Yang Y,2025-09-17,research_article,Europe PMC,https://www.ebi.ac.uk/europepmc/webservices/rest/PMC12469430/fullTextXML,10.3390/foods14183223,B,OPEN_ACCESS,cc by,FULL_TEXT,4377,0,sensory:CORE | chemistry:MENTIONS | cultivar:MENTIONS | geography:MENTIONS | industry:MENTIONS | microbiology:MENTIONS | processing:MENTIONS | production:MENTIONS | standards:MENTIONS
DOC-000478,Initial Sugar Concentration on Sensory Characteristics of Raw Pu-Erh Tea Kombucha and Multi-Omics Analysis of the Fermentation Process Under Optimal Sugar Concentration.,Yao L; Ma H; Cao H; Feng T; Wang H; Yu C; Sun M,2025-09-16,research_article,Europe PMC,https://www.ebi.ac.uk/europepmc/webservices/rest/PMC12469587/fullTextXML,10.3390/foods14183216,B,OPEN_ACCESS,cc by,FULL_TEXT,7388,0,fermentation:CORE | sensory:CORE | chemistry:SUBSTANTIVE | microbiology:SUBSTANTIVE | cultivar:MENTIONS | culture:MENTIONS | geography:MENTIONS | processing:MENTIONS | production:MENTIONS | standards:MENTIONS
DOC-000458,"Effects of Region, Processing, and Their Interaction on the Elemental Profiles of Pu-Erh Tea.",Li YL; Jiang HY; Chen MM; Wang XL; Liu HY; Zou HD; Zhang BW; Xu YL; Qian LL,2025-08-17,research_article,Europe PMC,https://www.ebi.ac.uk/europepmc/webservices/rest/PMC12385689/fullTextXML,10.3390/foods14162848,B,OPEN_ACCESS,cc by,FULL_TEXT,4786,0,geography:CORE | processing:CORE | standards:SUBSTANTIVE | cultivar:MENTIONS | fermentation:MENTIONS | industry:MENTIONS | production:MENTIONS | sensory:MENTIONS | terroir:MENTIONS
DOC-000426,Integrated Microbiome-Metabolome Analysis and Functional Strain Validation Reveal Key Biochemical Transformations During Pu-erh Tea Pile Fermentation.,Hu M; Zhang H; Han L; Zhang W; Xing X; Wang Y; Ou S; Liu Y; Li X; Xue Z,2025-08-08,research_article,Europe PMC,https://www.ebi.ac.uk/europepmc/webservices/rest/PMC12388847/fullTextXML,10.3390/microorganisms13081857,B,OPEN_ACCESS,cc by,FULL_TEXT,8204,0,chemistry:CORE | fermentation:CORE | microbiology:CORE | sensory:SUBSTANTIVE | cultivar:MENTIONS | culture:MENTIONS | geography:MENTIONS | processing:MENTIONS | production:MENTIONS
DOC-000487,"Tea Consumption and Diabetes: A Comprehensive Pharmacological Review of Black, White, Green, Oolong, and Pu-erh Teas.",Erukainure OL; Chukwuma CI; Nambooze J; Tripathy S; Salau VF; Olofinsan K; Ogunlakin AD; Ebuehi OAT; Unuofin JO,2025-06-20,research_article,Europe PMC,https://www.ebi.ac.uk/europepmc/webservices/rest/PMC12251921/fullTextXML,10.3390/plants14131898,B,OPEN_ACCESS,cc by,FULL_TEXT,12369,0,chemistry:SUBSTANTIVE | cultivar:MENTIONS | culture:MENTIONS | fermentation:MENTIONS | geography:MENTIONS | microbiology:MENTIONS | processing:MENTIONS | production:MENTIONS | sensory:MENTIONS | standards:MENTIONS | storage:MENTIONS
DOC-000453,An Efficient and Safe Rapid Aging Technology for Tea: UV-C Irradiation Enhances the Taste and Aroma of Fresh Pu'er Raw Tea Toward a Naturally Aged Profile.,Zhang X; Feng X; Pan Y; Wuzeng H; Wang X; Yan A; Xiang L; Lin Y; Chen P; Chu Q; Liu L,2025-06-16,research_article,Europe PMC,https://www.ebi.ac.uk/europepmc/webservices/rest/PMC12196798/fullTextXML,10.3390/plants14121851,B,OPEN_ACCESS,cc by,FULL_TEXT,5521,0,sensory:CORE | storage:CORE | chemistry:SUBSTANTIVE | geography:MENTIONS | industry:MENTIONS | processing:MENTIONS | production:MENTIONS | standards:MENTIONS
DOC-000434,Flavor Quality and Lipid-Lowering Function of Mixed Fermented Pu-erh Tea with Various Monascus Species.,Chen X; Hu Y; Zeng Z; Zhang X; Huang Y,2025-05-26,research_article,Europe PMC,https://www.ebi.ac.uk/europepmc/webservices/rest/PMC12154036/fullTextXML,10.3390/foods14111894,B,OPEN_ACCESS,cc by,FULL_TEXT,7900,0,fermentation:CORE | sensory:CORE | chemistry:SUBSTANTIVE | microbiology:SUBSTANTIVE | cultivar:MENTIONS | culture:MENTIONS | geography:MENTIONS | industry:MENTIONS | processing:MENTIONS | production:MENTIONS | standards:MENTIONS
DOC-000415,CV-YOLOv10-AR-M: Foreign Object Detection in Pu-Erh Tea Based on Five-Fold Cross-Validation.,Yuan W; Yang C; Wang X; Wang Q; Chen L; Zou M; Fan Z; Zhou M; Wang B,2025-05-09,research_article,Europe PMC,https://www.ebi.ac.uk/europepmc/webservices/rest/PMC12111146/fullTextXML,10.3390/foods14101680,B,OPEN_ACCESS,cc by,FULL_TEXT,4361,0,geography:MENTIONS | industry:MENTIONS | processing:MENTIONS | production:MENTIONS | sensory:MENTIONS | standards:MENTIONS | storage:MENTIONS | terroir:MENTIONS
DOC-000407,"Grade identification of ripened Pu-erh teas, and their differences of phenolic components, in vitro antioxidant capacity and hypoglycemic effect.",Ma C; Ma B; Wang J; Wang Z; Zhou B; Chen X,2025-04-03,research_article,Europe PMC,https://www.ebi.ac.uk/europepmc/webservices/rest/PMC12005310/fullTextXML,10.1016/j.fochx.2025.102421,B,OPEN_ACCESS,cc by,FULL_TEXT,6911,0,chemistry:SUBSTANTIVE | fermentation:SUBSTANTIVE | cultivar:MENTIONS | geography:MENTIONS | microbiology:MENTIONS | processing:MENTIONS | production:MENTIONS | sensory:MENTIONS | standards:MENTIONS | storage:MENTIONS
DOC-000489,Correction: Detection and recognition of foreign objects in Pu-erh Sun-dried green tea using an improved YOLOv8 based on deep learning.,"PLOS One
 Staff.",2025-03-28,research_article,Europe PMC,https://www.ebi.ac.uk/europepmc/webservices/rest/PMC11952237/fullTextXML,10.1371/journal.pone.0321409,B,OPEN_ACCESS,cc by,FULL_TEXT,54,0,geography:MENTIONS
DOC-000405,Characterization of Volatile Substances in Pu-erh Tea (Raw Tea) at Different Storage Times.,Liu Y; Wang Z; Zhang X; Chen H; Ruan D; Bai S; Huang J; Liu Z,2025-02-28,research_article,Europe PMC,https://www.ebi.ac.uk/europepmc/webservices/rest/PMC11898881/fullTextXML,10.3390/foods14050840,B,OPEN_ACCESS,cc by,FULL_TEXT,5424,0,storage:CORE | sensory:SUBSTANTIVE | cultivar:MENTIONS | fermentation:MENTIONS | geography:MENTIONS | industry:MENTIONS | microbiology:MENTIONS | mountain_and_village:MENTIONS | processing:MENTIONS | production:MENTIONS | standards:MENTIONS
DOC-000400,"Characteristic Changes and Potential Markers of Flavour in Raw Pu-Erh Tea with Different Ageing Cycles Analysed by HPLC, HS-SPME-GC-MS, and OAV.",Xu J; Deng X; Wu Y; Zhou M; Du C; Wang Q; Xia Y; He J; Yuan W; Wu W; Li H; Wang Y; Li T; Wang B,2025-02-27,research_article,Europe PMC,https://www.ebi.ac.uk/europepmc/webservices/rest/PMC11898670/fullTextXML,10.3390/foods14050829,B,OPEN_ACCESS,cc by,FULL_TEXT,6078,0,sensory:CORE | storage:CORE | chemistry:SUBSTANTIVE | geography:SUBSTANTIVE | cultivar:MENTIONS | history:MENTIONS | industry:MENTIONS | mountain_and_village:MENTIONS | processing:MENTIONS | production:MENTIONS | standards:MENTIONS | terroir:MENTIONS
DOC-000433,"Kinetics, pathways, mechanism and toxicity evaluation of chiral pesticide Paichongding during the fermentation of Puer tea.",Qin S; Lin T; Tian H; Du L; Li K; Cao Q; Liu H; Pang G; Chang Q,2025-02-24,research_article,Europe PMC,https://www.ebi.ac.uk/europepmc/webservices/rest/PMC11919595/fullTextXML,10.1016/j.fochx.2025.102300,B,OPEN_ACCESS,cc by,FULL_TEXT,3506,0,fermentation:CORE | safety:CORE | chemistry:SUBSTANTIVE | cultivar:MENTIONS | geography:MENTIONS | history:MENTIONS | industry:MENTIONS | processing:MENTIONS | production:MENTIONS | sensory:MENTIONS | standards:MENTIONS | terroir:MENTIONS
DOC-000401,"An integrated flavoromics and chemometric analysis of the characteristic flavor, chemical basis and flavor wheel of ancient plant ripened pu-erh tea.",Wang T; Bo N; Guan Y; Yang D; Chen Q; Liu S; Wang Z; Duan H; Ma Y; Zhao M,2025-02-15,research_article,Europe PMC,https://www.ebi.ac.uk/europepmc/webservices/rest/PMC11880732/fullTextXML,10.1016/j.fochx.2025.102278,B,OPEN_ACCESS,cc by,FULL_TEXT,6022,0,chemistry:CORE | sensory:CORE | fermentation:MENTIONS | geography:MENTIONS | industry:MENTIONS | microbiology:MENTIONS | standards:MENTIONS
DOC-000474,Discriminating the adulteration of varieties and misrepresentation of vintages of Pu'er tea based on Fourier transform near infrared diffuse reflectance spectroscopy.,Yang Z; Lu X; Chen L,2025-02-05,research_article,Europe PMC,https://www.ebi.ac.uk/europepmc/webservices/rest/PMC11835838/fullTextXML,10.3389/fchem.2025.1546702,B,OPEN_ACCESS,cc by,FULL_TEXT,4931,0,cultivar:MENTIONS | fermentation:MENTIONS | geography:MENTIONS | industry:MENTIONS | mountain_and_village:MENTIONS | processing:MENTIONS | production:MENTIONS | sensory:MENTIONS | storage:MENTIONS
DOC-000402,"Quantitative descriptive analysis, non-targeted metabolomics and molecular docking reveal the dynamic aging and taste formation mechanism in raw Pu-erh tea during the storage.",Ma B; Ma C; Zhou B; Chen X; Wang Y; Li Y; Yin J; Li X,2025-01-27,research_article,Europe PMC,https://www.ebi.ac.uk/europepmc/webservices/rest/PMC11833447/fullTextXML,10.1016/j.fochx.2025.102234,B,OPEN_ACCESS,cc by-nc,FULL_TEXT,7283,0,chemistry:CORE | sensory:CORE | storage:CORE | cultivar:MENTIONS | fermentation:MENTIONS | geography:MENTIONS | industry:MENTIONS | microbiology:MENTIONS | processing:MENTIONS | production:MENTIONS | standards:MENTIONS
DOC-000444,Detection and recognition of foreign objects in Pu-erh Sun-dried green tea using an improved YOLOv8 based on deep learning.,Wang H; Guo X; Zhang S; Li G; Zhao Q; Wang Z,2025-01-08,research_article,Europe PMC,https://www.ebi.ac.uk/europepmc/webservices/rest/PMC11709275/fullTextXML,10.1371/journal.pone.0312112,B,OPEN_ACCESS,cc by,FULL_TEXT,6091,0,geography:SUBSTANTIVE | chemistry:MENTIONS | culture:MENTIONS | industry:MENTIONS | processing:MENTIONS | production:MENTIONS | safety:MENTIONS | sensory:MENTIONS | standards:MENTIONS | storage:MENTIONS | terroir:MENTIONS
DOC-000064,"BEYOND SURPLUS: A REVIEW OF CULTURAL, ECOLOGICAL, AND TECHNOLOGICAL DRIVERS OF SUSTAINABLE TEA DEVELOPMENT IN YUNNAN, CHINA",C.X. FU; Zhiqiang Mao; Qian Zhang; Shengtao Xu; Ju-Ying Yang; Abdul Jamil; Shuming Liu; Y. Yuan,2025-01-01,journal_article,OpenAlex,https://doi.org/10.15666/aeer/2305_1005110073,https://doi.org/10.15666/aeer/2305_1005110073,B,OPEN_ACCESS,unknown,FULL_PDF,12569,23,geography:CORE | terroir:CORE | culture:SUBSTANTIVE | industry:SUBSTANTIVE | standards:SUBSTANTIVE | chemistry:MENTIONS | cultivar:MENTIONS | fermentation:MENTIONS | history:MENTIONS | microbiology:MENTIONS | mountain_and_village:MENTIONS | processing:MENTIONS | production:MENTIONS | safety:MENTIONS | sensory:MENTIONS | storage:MENTIONS
DOC-000198,Metabolome and transcriptomics analyses reveal quality differences between Camellia tachangensis F. C. Zhang and C. sinensis (L.) O. Kunzte,Yunfei Xu; Qihang Zhou; Xinglin Wang; Xingpan Meng; Zhengdong Zhang; Xu Zhang; Ximin Zhang; Suzhen Niu; Guiping Chen; Lunxian Liu; Tie Shen,2024-12-05,journal_article,OpenAlex,https://journals.plos.org/plosone/article/file?id=10.1371/journal.pone.0314595&type=printable,https://doi.org/10.1371/journal.pone.0314595,B,OPEN_ACCESS,cc-by,FULL_PDF,11078,20,chemistry:CORE | standards:SUBSTANTIVE | cultivar:MENTIONS | geography:MENTIONS | history:MENTIONS | industry:MENTIONS | mountain_and_village:MENTIONS | production:MENTIONS | sensory:MENTIONS
DOC-000420,Characterization of primary aroma compounds in Pu-erh raw tea sourced from various regions using gas chromatography-mass spectrometry and headspace solid-phase microextraction.,Du L; Ye Y; Shao J; Wang Y; Zhu G; Jiang H; Liu H; Liu Z,2024-12-01,research_article,Europe PMC,https://www.ebi.ac.uk/europepmc/webservices/rest/PMC11673521/fullTextXML,10.1111/1750-3841.17562,B,OPEN_ACCESS,cc by,FULL_TEXT,5455,0,chemistry:CORE | geography:CORE | sensory:CORE | cultivar:MENTIONS | culture:MENTIONS | fermentation:MENTIONS | microbiology:MENTIONS | mountain_and_village:MENTIONS | processing:MENTIONS | production:MENTIONS | standards:MENTIONS | storage:MENTIONS
DOC-000412,Enhanced Fermentation of Pu-Erh Tea with Aspergillus niger : Quality and Microbial Community Analysis.,Zheng J; Yu L; Aaqil M; Wang Q; Peng W; Zhuang L; Gong W; Zheng T; Zhao M; Wang C; Jiang X; Yan L; Yang R,2024-11-28,research_article,Europe PMC,https://www.ebi.ac.uk/europepmc/webservices/rest/PMC11643846/fullTextXML,10.3390/molecules29235647,B,OPEN_ACCESS,cc by,FULL_TEXT,6144,0,culture:CORE | fermentation:CORE | microbiology:CORE | sensory:SUBSTANTIVE | chemistry:MENTIONS | cultivar:MENTIONS | geography:MENTIONS | industry:MENTIONS | mountain_and_village:MENTIONS | processing:MENTIONS | production:MENTIONS | safety:MENTIONS | standards:MENTIONS | terroir:MENTIONS
DOC-000449,"The Growing Altitude Influences the Flavor Precursors, Sensory Characteristics and Cupping Quality of the Pu'er Coffee Bean.",Hu R; Xu F; Chen X; Kuang Q; Xiao X; Dong W,2024-11-28,research_article,Europe PMC,https://www.ebi.ac.uk/europepmc/webservices/rest/PMC11640416/fullTextXML,10.3390/foods13233842,B,OPEN_ACCESS,cc by,FULL_TEXT,5505,0,sensory:CORE | terroir:CORE | chemistry:MENTIONS | cultivar:MENTIONS | geography:MENTIONS | mountain_and_village:MENTIONS | processing:MENTIONS | production:MENTIONS | standards:MENTIONS
DOC-000410,Characterization of the influence of extraction factors on instant Pu-erh tea: Focusing on changes in sensory quality and aroma profile.,Chen G; Xue Y; Zhu G; Xie H; Zhang J; Xiao W; He C; Huang J; Liu Z; Wang C,2024-10-23,research_article,Europe PMC,https://www.ebi.ac.uk/europepmc/webservices/rest/PMC11599999/fullTextXML,10.1016/j.fochx.2024.101925,B,OPEN_ACCESS,cc by,FULL_TEXT,6206,0,sensory:CORE | chemistry:SUBSTANTIVE | fermentation:MENTIONS | geography:MENTIONS | industry:MENTIONS | microbiology:MENTIONS | processing:MENTIONS | production:MENTIONS | safety:MENTIONS | standards:MENTIONS | storage:MENTIONS
DOC-000199,Distinct effects of three tea varieties made green teas on improving diabetic dyslipidemia induced by high-fat diet in C57BL/6J mice,Wei Gu; Zhutong Wang; Guohuo Wu; Huimin Guo; Huijun Cheng; Cong Li; Linbo Chen; Daxiang Li; Zhongwen Xie,2024-09-04,journal_article,OpenAlex,https://www.sciopen.com/local/article_pdf/10.26599/FSHW.2024.9250271.pdf,https://doi.org/10.26599/fshw.2024.9250271,B,OPEN_ACCESS,cc-by-nc-nd,FULL_PDF,14358,18,chemistry:MENTIONS | cultivar:MENTIONS | geography:MENTIONS | history:MENTIONS | processing:MENTIONS | production:MENTIONS | sensory:MENTIONS | standards:MENTIONS
DOC-000396,NEW ZEALAND INDUSTRIES. TEA PACKING AND BLENDING — en timed transcript,Ngā Taonga,2024-04-01 11:31:02,video_transcript,Wikimedia Commons,https://commons.wikimedia.org/wiki/TimedText:NEW_ZEALAND_INDUSTRIES._TEA_PACKING_AND_BLENDING.webm.en.srt,,C,PUBLIC_DOMAIN,Public domain,FULL_TRANSCRIPT,1086,0,storage:MENTIONS
DOC-000416,"Coupling effect of key factors on ecosystem services in border areas: a study of the Pu'er region, Southwestern China.",Qiao R; Li J; Liu X; Li M; Lei D; Li Y; Wu K; Du P; Ye K; Hu J,2024-03-22,research_article,Europe PMC,https://www.ebi.ac.uk/europepmc/webservices/rest/PMC10962348/fullTextXML,10.7717/peerj.17015,B,OPEN_ACCESS,cc by,FULL_TEXT,6338,0,geography:CORE | chemistry:MENTIONS | mountain_and_village:MENTIONS | production:MENTIONS | safety:MENTIONS | terroir:MENTIONS
DOC-000431,Effects of Geographical Origin and Tree Age on the Stable Isotopes and Multi-Elements of Pu-erh Tea.,Chen MM; Liao QH; Qian LL; Zou HD; Li YL; Song Y; Xia Y; Liu Y; Liu HY; Liu ZL,2024-02-02,research_article,Europe PMC,https://www.ebi.ac.uk/europepmc/webservices/rest/PMC10855849/fullTextXML,10.3390/foods13030473,B,OPEN_ACCESS,cc by,FULL_TEXT,4321,0,geography:CORE | cultivar:MENTIONS | industry:MENTIONS | processing:MENTIONS | production:MENTIONS | standards:MENTIONS | storage:MENTIONS | terroir:MENTIONS
DOC-000106,Optimizing Fermentation Conditions: Impact on Tea Flavor and Quality,Su Xu; Honglin Wang; Yichen Zhao,2024-01-01,journal_article,OpenAlex,https://hortherbpublisher.com/index.php/jtsr/article/download/3921/3000,https://doi.org/10.5376/jtsr.2024.14.0023,B,OPEN_ACCESS,cc-by,FULL_PDF,7004,13,fermentation:CORE | sensory:CORE | chemistry:SUBSTANTIVE | industry:MENTIONS | microbiology:MENTIONS | processing:MENTIONS | production:MENTIONS
DOC-000146,Safety Assessment and Contaminants Detection in Different types of Tea and Tea products,Aqsa Akhtar; Izma Zahir; Hafsa Naeem; Nauman Khalid,2024-01-01,journal_article,OpenAlex,https://www.jstage.jst.go.jp/article/ras/12/0/12_347/_pdf,https://doi.org/10.7831/ras.12.0_347,B,OPEN_ACCESS,unknown,FULL_PDF,19022,30,safety:CORE | sensory:SUBSTANTIVE | storage:SUBSTANTIVE | chemistry:MENTIONS | cultivar:MENTIONS | fermentation:MENTIONS | industry:MENTIONS | microbiology:MENTIONS | processing:MENTIONS | production:MENTIONS | standards:MENTIONS | terroir:MENTIONS
DOC-000418,The Characteristic Aroma Compounds of GABA Sun-Dried Green Tea and Raw Pu-Erh Tea Determined by Headspace Solid-Phase Microextraction Gas Chromatography-Mass Spectrometry and Relative Odor Activity Value.,Ma C; Gao C; Li Y; Zhou X; Fan G; Tian D; Huang Y; Zhou H,2023-12-18,research_article,Europe PMC,https://www.ebi.ac.uk/europepmc/webservices/rest/PMC10742727/fullTextXML,10.3390/foods12244512,B,OPEN_ACCESS,cc by,FULL_TEXT,5214,0,chemistry:CORE | sensory:CORE | cultivar:MENTIONS | culture:MENTIONS | geography:MENTIONS | history:MENTIONS | processing:MENTIONS | production:MENTIONS | standards:MENTIONS | storage:MENTIONS
DOC-000437,Effect of Pu-erh tea pomace on the composition and diversity of cecum microflora in Chahua chicken No. 2.,Huang Y; He Y; Peng Z; Hu H; Yang M; Pan H; Zhao S; Li Y,2023-11-30,research_article,Europe PMC,https://www.ebi.ac.uk/europepmc/webservices/rest/PMC10720613/fullTextXML,10.3389/fvets.2023.1289546,B,OPEN_ACCESS,cc by,FULL_TEXT,3585,0,chemistry:SUBSTANTIVE | geography:MENTIONS | industry:MENTIONS | microbiology:MENTIONS | production:MENTIONS | sensory:MENTIONS | standards:MENTIONS | storage:MENTIONS
DOC-000425,"Changes in sensory characteristics, chemical composition and microbial succession during fermentation of ancient plants Pu-erh tea.",Wang T; Li RY; Liu KY; Chen QY; Bo NG; Wang Q; Xiao YQ; Sha G; Chen SQ; Lei X; Lu Y; Ma Y; Zhao M,2023-11-23,research_article,Europe PMC,https://www.ebi.ac.uk/europepmc/webservices/rest/PMC10739768/fullTextXML,10.1016/j.fochx.2023.101003,B,OPEN_ACCESS,cc by,FULL_TEXT,5777,0,chemistry:CORE | fermentation:CORE | microbiology:CORE | sensory:CORE | cultivar:MENTIONS | culture:MENTIONS | geography:MENTIONS | industry:MENTIONS | mountain_and_village:MENTIONS | processing:MENTIONS | production:MENTIONS | standards:MENTIONS | storage:MENTIONS | terroir:MENTIONS
DOC-000446,Simultaneous Determination of Pesticide Residues and Mycotoxins in Storage Pu-erh Tea Using Ultra-High-Performance Liquid Chromatography Coupled with Tandem Mass Spectrometry.,Chau SL; Zhao A; Jia W; Wang L,2023-09-30,research_article,Europe PMC,https://www.ebi.ac.uk/europepmc/webservices/rest/PMC10574668/fullTextXML,10.3390/molecules28196883,B,OPEN_ACCESS,cc by,FULL_TEXT,3693,0,safety:CORE | storage:CORE | chemistry:MENTIONS | fermentation:MENTIONS | geography:MENTIONS | industry:MENTIONS | microbiology:MENTIONS | processing:MENTIONS | production:MENTIONS | sensory:MENTIONS | standards:MENTIONS
DOC-000461,Analysis of Volatile Profile and Aromatic Characteristics of Raw Pu-erh Tea during Storage Based on GC-MS and Odor Activity Value.,Guo J; Yu Z; Liu M; Guan M; Shi A; Hu Y; Li S; Yi L; Ren D,2023-09-26,research_article,Europe PMC,https://www.ebi.ac.uk/europepmc/webservices/rest/PMC10572200/fullTextXML,10.3390/foods12193568,B,OPEN_ACCESS,cc by,FULL_TEXT,4874,0,sensory:CORE | storage:CORE | chemistry:SUBSTANTIVE | cultivar:MENTIONS | fermentation:MENTIONS | geography:MENTIONS | microbiology:MENTIONS | processing:MENTIONS | production:MENTIONS | standards:MENTIONS
DOC-000452,Modulatory Effects of Co-Fermented Pu-erh Tea with Aqueous Corn Silk Extract on Gut Microbes and Fecal Metabolites in Mice Fed High-Fat Diet.,Ding L; Guan H; Yang W; Guo H; Zang C; Liu Y; Ren S; Liu J,2023-08-19,research_article,Europe PMC,https://www.ebi.ac.uk/europepmc/webservices/rest/PMC10458734/fullTextXML,10.3390/nu15163642,B,OPEN_ACCESS,cc by,FULL_TEXT,4852,0,chemistry:CORE | fermentation:CORE | microbiology:CORE | geography:MENTIONS | history:MENTIONS | industry:MENTIONS | production:MENTIONS | standards:MENTIONS
DOC-000018,"Dissecting the role of microorganisms in tea production of different fermentation levels: a multifaceted review of their action mechanisms, quality attributes and future perspectives",Matta Assad; Tolulope Joshua Ashaolu; Ibrahim Khalifa; Mostafa H. Baky; Mohamed A. Farag,2023-07-29,journal_article,OpenAlex,https://link.springer.com/content/pdf/10.1007/s11274-023-03701-5.pdf,https://doi.org/10.1007/s11274-023-03701-5,B,OPEN_ACCESS,cc-by,FULL_PDF,11765,16,fermentation:CORE | production:CORE | chemistry:SUBSTANTIVE | microbiology:SUBSTANTIVE | cultivar:MENTIONS | culture:MENTIONS | geography:MENTIONS | industry:MENTIONS | processing:MENTIONS | sensory:MENTIONS | storage:MENTIONS
DOC-000392,Notes on tea in Darjeeling /by a planter.,,2023-07-09,public_domain_scan,Wikimedia Commons,https://upload.wikimedia.org/wikipedia/commons/9/97/Notes_on_Tea_in_Darjeeling.pdf,,A,PUBLIC_DOMAIN_REVIEW,public_domain_review,FULL_PDF,20529,118,fermentation:MENTIONS | industry:MENTIONS | sensory:MENTIONS | terroir:MENTIONS
DOC-000462,Metabolites profiling reveals the dynamic changes of non-volatiles in Pu-erh during Ganpu tea processing.,Deng X; He S; Han Y; Chen Y,2023-06-26,research_article,Europe PMC,https://www.ebi.ac.uk/europepmc/webservices/rest/PMC10534103/fullTextXML,10.1016/j.fochx.2023.100774,B,OPEN_ACCESS,cc by,FULL_TEXT,6903,0,chemistry:CORE | processing:CORE | cultivar:MENTIONS | fermentation:MENTIONS | geography:MENTIONS | industry:MENTIONS | microbiology:MENTIONS | production:MENTIONS | sensory:MENTIONS
DOC-000188,Genome-wide identification of UDP-glycosyltransferases in the tea plant (Camellia sinensis) and their biochemical and physiological functions,Timothy D. Hoffmann; Timothy D. Hoffmann; Elisabeth Kurze; Jieren Liao; Thomas Hoffmann; Thomas Hoffmann; Chuankui Song; Wilfried Schwab,2023-06-06,journal_article,OpenAlex,https://www.frontiersin.org/articles/10.3389/fpls.2023.1191625/pdf,https://doi.org/10.3389/fpls.2023.1191625,B,OPEN_ACCESS,cc-by,FULL_PDF,14419,19,chemistry:CORE | cultivar:MENTIONS | culture:MENTIONS | fermentation:MENTIONS | geography:MENTIONS | history:MENTIONS | industry:MENTIONS | processing:MENTIONS | production:MENTIONS | sensory:MENTIONS | storage:MENTIONS | terroir:MENTIONS
DOC-000441,Effects of Pu-erh and Dian Hong tea polyphenols on the gut-liver axis in mice.,Wang N; Lan C; Mehmood MA; He M; Xiao X; Li L; Liao D; Xu K; Mo S; Zhang P; Zhou X; Gu B; Zhu H; Wu T,2023-06-02,research_article,Europe PMC,https://www.ebi.ac.uk/europepmc/webservices/rest/PMC10236074/fullTextXML,10.1186/s13568-023-01565-4,B,OPEN_ACCESS,cc by,FULL_TEXT,4529,0,chemistry:CORE | microbiology:SUBSTANTIVE | cultivar:MENTIONS | culture:MENTIONS | fermentation:MENTIONS | geography:MENTIONS | processing:MENTIONS | production:MENTIONS | standards:MENTIONS
DOC-000399,A Nomogram Model for Predicting the Polyphenol Content of Pu-Erh Tea.,Zhang S; Yang C; Sheng Y; Liu X; Yuan W; Deng X; Li X; Huang W; Zhang Y; Li L; Lv Y; Wang Y; Wang B,2023-05-25,research_article,Europe PMC,https://www.ebi.ac.uk/europepmc/webservices/rest/PMC10252623/fullTextXML,10.3390/foods12112128,B,OPEN_ACCESS,cc by,FULL_TEXT,3851,0,chemistry:CORE | terroir:SUBSTANTIVE | cultivar:MENTIONS | fermentation:MENTIONS | geography:MENTIONS | industry:MENTIONS | production:MENTIONS | standards:MENTIONS | storage:MENTIONS
DOC-000463,A novel method for Pu-erh tea face traceability identification based on improved MobileNetV3 and triplet loss.,Zhang Z; Yang X; Luo N; Chen F; Yu H; Sun C,2023-04-28,research_article,Europe PMC,https://www.ebi.ac.uk/europepmc/webservices/rest/PMC10147721/fullTextXML,10.1038/s41598-023-34190-z,B,OPEN_ACCESS,cc by,FULL_TEXT,6360,0,standards:CORE | industry:SUBSTANTIVE | geography:MENTIONS | processing:MENTIONS | production:MENTIONS | safety:MENTIONS | storage:MENTIONS
DOC-000476,Theabrownin Isolated from Pu-Erh Tea Enhances the Innate Immune and Anti-Inflammatory Effects of RAW264.7 Macrophages via the TLR2/4-Mediated Signaling Pathway.,Zhao L; Miao Y; Shan B; Zhao C; Peng C; Gong J,2023-03-30,research_article,Europe PMC,https://www.ebi.ac.uk/europepmc/webservices/rest/PMC10094067/fullTextXML,10.3390/foods12071468,B,OPEN_ACCESS,cc by,FULL_TEXT,5295,0,cultivar:MENTIONS | culture:MENTIONS | fermentation:MENTIONS | microbiology:MENTIONS | processing:MENTIONS | production:MENTIONS | sensory:MENTIONS | standards:MENTIONS
DOC-000411,Metabolite of chiral cycloxaprid in solvent and in the raw of Puer tea.,Tian H; Zhang J; Lin T; Li Q; Huang X; Liu H,2023-03-29,research_article,Europe PMC,https://www.ebi.ac.uk/europepmc/webservices/rest/PMC10314140/fullTextXML,10.1016/j.fochx.2023.100654,B,OPEN_ACCESS,cc by,FULL_TEXT,4765,0,chemistry:CORE | processing:SUBSTANTIVE | fermentation:MENTIONS | geography:MENTIONS | industry:MENTIONS | safety:MENTIONS | standards:MENTIONS | terroir:MENTIONS
DOC-000432,Headspace solid-phase microextraction coupled with gas chromatography-mass spectrometry (HS-SPME-GC-MS) and odor activity value (OAV) to reveal the flavor characteristics of ripened Pu-erh tea by co-fermentation.,Zheng Y; Zhang C; Ren D; Bai R; Li W; Wang J; Shan Z; Dong W; Yi L,2023-03-27,research_article,Europe PMC,https://www.ebi.ac.uk/europepmc/webservices/rest/PMC10083425/fullTextXML,10.3389/fnut.2023.1138783,B,OPEN_ACCESS,cc by,FULL_TEXT,3563,0,fermentation:CORE | sensory:CORE | chemistry:MENTIONS | geography:MENTIONS | industry:MENTIONS | microbiology:MENTIONS | processing:MENTIONS | standards:MENTIONS
DOC-000468,Mapping Pu'er tea plantations from GF-1 images using Object-Oriented Image Analysis (OOIA) and Support Vector Machine (SVM).,Liang L; Wang J; Deng F; Kong D,2023-02-07,research_article,Europe PMC,https://www.ebi.ac.uk/europepmc/webservices/rest/PMC9904455/fullTextXML,10.1371/journal.pone.0263969,B,OPEN_ACCESS,cc by,FULL_TEXT,3727,0,geography:MENTIONS | industry:MENTIONS | mountain_and_village:MENTIONS | processing:MENTIONS | production:MENTIONS | standards:MENTIONS | terroir:MENTIONS
DOC-000058,Tea and Tea Product Diversification: A Review,Kanij Fatema Tuz Zohora; Md. Riyadh Arefin,2022-12-20,journal_article,OpenAlex,https://www.agrifoodscience.com/index.php/TURJAF/article/download/5280/2650,https://doi.org/10.24925/turjaf.v10i12.2334-2353.5280,B,OPEN_ACCESS,cc-by-nc,FULL_PDF,13360,20,industry:SUBSTANTIVE | processing:SUBSTANTIVE | production:SUBSTANTIVE | chemistry:MENTIONS | cultivar:MENTIONS | culture:MENTIONS | fermentation:MENTIONS | geography:MENTIONS | history:MENTIONS | microbiology:MENTIONS | mountain_and_village:MENTIONS | sensory:MENTIONS | standards:MENTIONS | storage:MENTIONS | terroir:MENTIONS
DOC-000470,"Ethnomycological study on wild mushrooms in Pu'er Prefecture, Southwest Yunnan, China.",Wang R; Herrera M; Xu W; Zhang P; Moreno JP; Colinas C; Yu F,2022-08-10,research_article,Europe PMC,https://www.ebi.ac.uk/europepmc/webservices/rest/PMC9367157/fullTextXML,10.1186/s13002-022-00551-7,B,OPEN_ACCESS,cc by,FULL_TEXT,5610,0,geography:CORE | microbiology:SUBSTANTIVE | cultivar:MENTIONS | culture:MENTIONS | history:MENTIONS | industry:MENTIONS | mountain_and_village:MENTIONS | processing:MENTIONS | production:MENTIONS | sensory:MENTIONS | storage:MENTIONS | terroir:MENTIONS
DOC-000015,Modulation effects of microorganisms on tea in fermentation,Ting Hu; Shuo‐shuo Shi; Qin Ma,2022-08-02,journal_article,OpenAlex,https://www.frontiersin.org/articles/10.3389/fnut.2022.931790/pdf,https://doi.org/10.3389/fnut.2022.931790,B,OPEN_ACCESS,cc-by,FULL_PDF,10458,13,fermentation:CORE | chemistry:SUBSTANTIVE | microbiology:SUBSTANTIVE | sensory:SUBSTANTIVE | cultivar:MENTIONS | industry:MENTIONS | processing:MENTIONS | production:MENTIONS | safety:MENTIONS
DOC-000419,Mellow and Thick Taste of Pu-Erh Ripe Tea Based on Chemical Properties by Sensory-Directed Flavor Analysis.,Deng S; Zhou X; Dong H; Xu Y; Gao Y; Wang B; Liu X,2022-07-31,research_article,Europe PMC,https://www.ebi.ac.uk/europepmc/webservices/rest/PMC9368183/fullTextXML,10.3390/foods11152285,B,OPEN_ACCESS,cc by,FULL_TEXT,3719,0,chemistry:CORE | sensory:CORE | fermentation:SUBSTANTIVE | geography:MENTIONS | industry:MENTIONS | microbiology:MENTIONS | processing:MENTIONS | production:MENTIONS | standards:MENTIONS
DOC-000448,Evaluating the productivity of ancient Pu'er tea trees (Camellia sinensis var. assamica): a multivariate modeling approach.,Zhang S; Liu W; Cheng X; Wang Z; Yuan F; Wu W; Liao S,2022-07-27,research_article,Europe PMC,https://www.ebi.ac.uk/europepmc/webservices/rest/PMC9327265/fullTextXML,10.1186/s13007-022-00928-5,B,OPEN_ACCESS,cc by,FULL_TEXT,5806,0,cultivar:CORE | industry:SUBSTANTIVE | terroir:SUBSTANTIVE | culture:MENTIONS | fermentation:MENTIONS | geography:MENTIONS | history:MENTIONS | mountain_and_village:MENTIONS | processing:MENTIONS | production:MENTIONS | standards:MENTIONS
DOC-000457,Anti-Oxidative Effect of Pu-erh Tea in Animals Trails: A Systematic Review and Meta-Analysis.,Yang CY; Hung KC; Yen YY; Liao HE; Lan SJ; Lin HC,2022-05-04,research_article,Europe PMC,https://www.ebi.ac.uk/europepmc/webservices/rest/PMC9100797/fullTextXML,10.3390/foods11091333,B,OPEN_ACCESS,cc by,FULL_TEXT,4725,0,cultivar:MENTIONS | culture:MENTIONS | fermentation:MENTIONS | geography:MENTIONS | history:MENTIONS | processing:MENTIONS | production:MENTIONS | standards:MENTIONS
DOC-000414,Enantioselectivity and residue analysis of cycloxaprid and its metabolite in the pile and fermentation processing of Puer tea by ultraperformance liquid chromatography-high-resolution mass spectrometry.,Liu H; Tian H; Jiang M; Lin T; Li J; Huang X,2022-04-22,research_article,Europe PMC,https://www.ebi.ac.uk/europepmc/webservices/rest/PMC9469841/fullTextXML,10.1002/fsn3.2901,B,OPEN_ACCESS,cc by,FULL_TEXT,2646,0,chemistry:CORE | fermentation:CORE | processing:CORE | cultivar:MENTIONS | safety:MENTIONS | standards:MENTIONS | terroir:MENTIONS
DOC-000398,Salting-out re-distillation combined with sensory-directed analysis to recover odor-active compounds for improving the flavor quality of instant Pu-erh tea.,Wang C; Li J; Zhang Y; Wu X; He Z; Zhang X; Li Q; Huang J; Liu Z,2022-04-18,research_article,Europe PMC,https://www.ebi.ac.uk/europepmc/webservices/rest/PMC9043642/fullTextXML,10.1016/j.fochx.2022.100310,B,OPEN_ACCESS,cc by,FULL_TEXT,5431,0,chemistry:CORE | sensory:CORE | cultivar:MENTIONS | fermentation:MENTIONS | geography:MENTIONS | industry:MENTIONS | microbiology:MENTIONS | processing:MENTIONS | production:MENTIONS | standards:MENTIONS
DOC-000473,Discriminant Analysis of Pu-Erh Tea of Different Raw Materials Based on Phytochemicals Using Chemometrics.,Zhang SR; Shi Y; Jiang JL; Luo LY; Zeng L,2022-02-25,research_article,Europe PMC,https://www.ebi.ac.uk/europepmc/webservices/rest/PMC8909724/fullTextXML,10.3390/foods11050680,B,OPEN_ACCESS,cc by,FULL_TEXT,4353,0,chemistry:CORE | cultivar:MENTIONS | geography:MENTIONS | industry:MENTIONS | processing:MENTIONS | production:MENTIONS | safety:MENTIONS | sensory:MENTIONS | standards:MENTIONS | storage:MENTIONS | terroir:MENTIONS
DOC-000447,Moisture contents and product quality prediction of Pu-erh tea in sun-drying process with image information and environmental parameters.,Chen C; Zhang W; Shan Z; Zhang C; Dong T; Feng Z; Wang C,2022-02-22,research_article,Europe PMC,https://www.ebi.ac.uk/europepmc/webservices/rest/PMC9007301/fullTextXML,10.1002/fsn3.2699,B,OPEN_ACCESS,cc by,FULL_TEXT,8539,0,processing:CORE | sensory:SUBSTANTIVE | fermentation:MENTIONS | geography:MENTIONS | industry:MENTIONS | production:MENTIONS | standards:MENTIONS
DOC-000456,"Simultaneous Determination and Health Risk Assessment of Four High Detection Rate Pesticide Residues in Pu'er Tea from Yunnan, China.",Lin T; Chen XL; Guo J; Li MX; Tang YF; Li YG; Cheng L; Liu HC,2022-02-04,research_article,Europe PMC,https://www.ebi.ac.uk/europepmc/webservices/rest/PMC8839113/fullTextXML,10.3390/molecules27031053,B,OPEN_ACCESS,cc by,FULL_TEXT,3418,0,geography:CORE | safety:CORE | cultivar:MENTIONS | production:MENTIONS | standards:MENTIONS
DOC-000485,Active Double-Layered Films Enriched with AgNPs in Great Water Dock Root and Pu-Erh Extracts.,Jamróz E; Cabaj A; Juszczak L; Tkaczewska J; Zimowska M; Cholewa-Wójcik A; Krzyściak P; Kopel P,2021-11-16,research_article,Europe PMC,https://www.ebi.ac.uk/europepmc/webservices/rest/PMC8625606/fullTextXML,10.3390/ma14226925,B,OPEN_ACCESS,cc by,FULL_TEXT,4988,0,microbiology:SUBSTANTIVE | cultivar:MENTIONS | fermentation:MENTIONS | geography:MENTIONS | industry:MENTIONS | mountain_and_village:MENTIONS | processing:MENTIONS | production:MENTIONS | standards:MENTIONS | storage:MENTIONS
DOC-000435,The Impact of Citrus -Tea Cofermentation Process on Chemical Composition and Contents of Pu-Erh Tea: An Integrated Metabolomics Study.,Xu Y; Liang PL; Chen XL; Gong MJ; Zhang L; Qiu XH; Zhang J; Huang ZH; Xu W,2021-09-17,research_article,Europe PMC,https://www.ebi.ac.uk/europepmc/webservices/rest/PMC8484324/fullTextXML,10.3389/fnut.2021.737539,B,OPEN_ACCESS,cc by,FULL_TEXT,5087,0,chemistry:CORE | fermentation:CORE | sensory:SUBSTANTIVE | cultivar:MENTIONS | geography:MENTIONS | history:MENTIONS | industry:MENTIONS | microbiology:MENTIONS | processing:MENTIONS | production:MENTIONS | standards:MENTIONS
DOC-000467,Pu-erh tea extraction alleviates intestinal inflammation in mice with flora disorder by regulating gut microbiota.,Zhang Z; He F; Yang W; Yang L; Huang S; Mao H; Hou Y; Xiao R,2021-07-19,research_article,Europe PMC,https://www.ebi.ac.uk/europepmc/webservices/rest/PMC8441289/fullTextXML,10.1002/fsn3.2437,B,OPEN_ACCESS,cc by,FULL_TEXT,3419,0,microbiology:CORE | chemistry:MENTIONS | culture:MENTIONS | production:MENTIONS | sensory:MENTIONS | standards:MENTIONS
DOC-000190,Climate-Fungal Pathogen Modeling Predicts Loss of Up to One-Third of Tea Growing Areas,Saowaluck Tibpromma; Yang Dong; Sailesh Ranjitkar; Douglas Schaefer; Samantha C. Karunarathna; Kevin D. Hyde; Ruvishika S. Jayawardena; Ishara S. Manawasinghe; Daniel P. Bebber; Itthayakorn Promputtha; Jianchu Xu; Peter E. Mortimer; Jun Sheng,2021-04-29,journal_article,OpenAlex,https://www.frontiersin.org/articles/10.3389/fcimb.2021.610567/pdf,https://doi.org/10.3389/fcimb.2021.610567,B,OPEN_ACCESS,cc-by,FULL_PDF,11746,16,microbiology:CORE | terroir:CORE | cultivar:MENTIONS | geography:MENTIONS | industry:MENTIONS | mountain_and_village:MENTIONS | production:MENTIONS
DOC-000465,"Ethnobotanical study on wild edible plants used by three trans-boundary ethnic groups in Jiangcheng County, Pu'er, Southwest China.",Cao Y; Li R; Zhou S; Song L; Quan R; Hu H,2020-10-27,research_article,Europe PMC,https://www.ebi.ac.uk/europepmc/webservices/rest/PMC7590688/fullTextXML,10.1186/s13002-020-00420-1,B,OPEN_ACCESS,cc by,FULL_TEXT,9874,0,culture:CORE | cultivar:MENTIONS | geography:MENTIONS | history:MENTIONS | industry:MENTIONS | mountain_and_village:MENTIONS | terroir:MENTIONS
DOC-000486,Pu-erh Tea Extract Treatment Could Be an Efficient Way to Enhance the Yield and Nutritional Value of Soybean Sprout.,Kim JH; Yoon YH; Kim ID; Dhungana SK; Shin DH,2020-08-25,research_article,Europe PMC,https://www.ebi.ac.uk/europepmc/webservices/rest/PMC7504710/fullTextXML,10.3390/molecules25173869,B,OPEN_ACCESS,cc by,FULL_TEXT,4032,0,chemistry:MENTIONS | cultivar:MENTIONS | geography:MENTIONS | microbiology:MENTIONS | production:MENTIONS | standards:MENTIONS
DOC-000442,Nonstereoselective dissipation of sulfoxaflor in different Puer tea processing.,Liu H; Jiang M; Li Q,2020-07-26,research_article,Europe PMC,https://www.ebi.ac.uk/europepmc/webservices/rest/PMC7500756/fullTextXML,10.1002/fsn3.1789,B,OPEN_ACCESS,cc by,FULL_TEXT,2476,0,processing:CORE | chemistry:MENTIONS | fermentation:MENTIONS | geography:MENTIONS | history:MENTIONS | microbiology:MENTIONS | safety:MENTIONS | sensory:MENTIONS | standards:MENTIONS
DOC-000025,"Microbial Community Dynamics During the Non-filamentous Fungi Growth-Based Fermentation Process of Miang, a Traditional Fermented Tea of North Thailand and Their Product Characterizations",Kridsada Unban; Nuttapong Khatthongngam; Thanawat Pattananandecha; Chalermpong Saenjum; Kalidas Shetty; Chartchai Khanongnuch,2020-07-14,journal_article,OpenAlex,https://www.frontiersin.org/articles/10.3389/fmicb.2020.01515/pdf,https://doi.org/10.3389/fmicb.2020.01515,B,OPEN_ACCESS,cc-by,FULL_PDF,10248,15,culture:CORE | fermentation:CORE | microbiology:CORE | chemistry:SUBSTANTIVE | cultivar:MENTIONS | industry:MENTIONS | processing:MENTIONS | production:MENTIONS | standards:MENTIONS | terroir:MENTIONS
DOC-000023,Chemical profile changes during pile fermentation of Qingzhuan tea affect inhibition of α-amylase and lipase,Lin Feng; Panpan Liu; Pengcheng Zheng; Liang Zhang; Jie Zhou; Ziming Gong; Yongchao Yu; Shiwei Gao; Lin Zheng; Xueping Wang; Xiaochun Wan,2020-02-26,journal_article,OpenAlex,https://www.nature.com/articles/s41598-020-60265-2.pdf,https://doi.org/10.1038/s41598-020-60265-2,B,OPEN_ACCESS,cc-by,FULL_PDF,7967,10,chemistry:CORE | fermentation:CORE | processing:SUBSTANTIVE | microbiology:MENTIONS | production:MENTIONS | sensory:MENTIONS | standards:MENTIONS
DOC-000464,"Chemical Profile, Antioxidative, and Gut Microbiota Modulatory Properties of Ganpu Tea: A Derivative of Pu-erh Tea.",Zheng Y; Zeng X; Chen T; Peng W; Su W,2020-01-15,research_article,Europe PMC,https://www.ebi.ac.uk/europepmc/webservices/rest/PMC7019831/fullTextXML,10.3390/nu12010224,B,OPEN_ACCESS,cc by,FULL_TEXT,3362,0,chemistry:CORE | microbiology:CORE | cultivar:MENTIONS | fermentation:MENTIONS | geography:MENTIONS | industry:MENTIONS | sensory:MENTIONS | standards:MENTIONS | terroir:MENTIONS
DOC-000393,普洱茶加工技术规程,普洱市茶叶科学研究所,2020-01-10,standard,National Standard Information Public Service Platform,https://dbba.sacinfo.org.cn/stdDetail/df80d8397c22dd2a7ee20098de6805422706f718dddcd314ba5287914ab9a185,,A,OFFICIAL_PUBLIC_REVIEW,official_download_review,FULL_PDF,3403,10,processing:CORE | production:CORE | standards:CORE | culture:MENTIONS | fermentation:MENTIONS | geography:MENTIONS | industry:MENTIONS | safety:MENTIONS | sensory:MENTIONS
DOC-000004,Correlation analysis between filamentous fungi and chemical compositions in a pu‐erh type tea after a long‐term storage - PMC,Binxing Zhou; Cunqiang Ma; Xiaoying Ren; Tao Xia; Chengqin Zheng; Xiaohui Liu,2020 Apr 13,journal_article,PubMed Central,https://pmc.ncbi.nlm.nih.gov/articles/PMC7215201/,10.1002/fsn3.1543,B,OPEN_ACCESS,CC BY 4.0,FULL_HTML,7260,0,chemistry:CORE | microbiology:CORE | storage:CORE | cultivar:MENTIONS | fermentation:MENTIONS | geography:MENTIONS | history:MENTIONS | industry:MENTIONS | processing:MENTIONS | production:MENTIONS | sensory:MENTIONS | standards:MENTIONS
DOC-000466,Suppressive Interaction Approach for Masking Stale Note of Instant Ripened Pu-Erh Tea Products.,Zhang T; Ni H; Qiu XJ; Li T; Zhang LZ; Li LJ; Jiang ZD; Li QB; Chen F; Zheng FP,2019-12-06,research_article,Europe PMC,https://www.ebi.ac.uk/europepmc/webservices/rest/PMC6943613/fullTextXML,10.3390/molecules24244473,B,OPEN_ACCESS,cc by,FULL_TEXT,3515,0,sensory:SUBSTANTIVE | chemistry:MENTIONS | fermentation:MENTIONS | geography:MENTIONS | industry:MENTIONS | microbiology:MENTIONS | processing:MENTIONS | production:MENTIONS | standards:MENTIONS
DOC-000424,Pu-Erh Tea Relaxes the Thoracic Aorta of Rats by Reducing Intracellular Calcium.,Luo D; Chen X; Zhu X; Liu S; Li J; Xu J; Zhao J; Ji X,2019-11-28,research_article,Europe PMC,https://www.ebi.ac.uk/europepmc/webservices/rest/PMC6892945/fullTextXML,10.3389/fphar.2019.01430,B,OPEN_ACCESS,cc by,FULL_TEXT,4452,0,chemistry:MENTIONS | cultivar:MENTIONS | culture:MENTIONS | fermentation:MENTIONS | geography:MENTIONS
DOC-000413,Production of theophylline via aerobic fermentation of pu-erh tea using tea-derived fungi.,Zhou B; Ma C; Ren X; Xia T; Li X; Wu Y,2019-11-26,research_article,Europe PMC,https://www.ebi.ac.uk/europepmc/webservices/rest/PMC6878699/fullTextXML,10.1186/s12866-019-1640-2,B,OPEN_ACCESS,cc by,FULL_TEXT,4305,0,fermentation:CORE | microbiology:CORE | production:CORE | chemistry:MENTIONS | cultivar:MENTIONS | culture:MENTIONS | geography:MENTIONS | industry:MENTIONS | processing:MENTIONS | standards:MENTIONS | terroir:MENTIONS
DOC-000397,Theabrownin from Pu-erh tea attenuates hypercholesterolemia via modulation of gut microbiota and bile acid metabolism.,Huang F; Zheng X; Ma X; Jiang R; Zhou W; Zhou S; Zhang Y; Lei S; Wang S; Kuang J; Han X; Wei M; You Y; Li M; Li Y; Liang D; Liu J; Chen T; Yan C; Wei R; Rajani C; Shen C; Xie G; Bian Z; Li H; Zhao A; Jia W,2019-10-31,research_article,Europe PMC,https://www.ebi.ac.uk/europepmc/webservices/rest/PMC6823360/fullTextXML,10.1038/s41467-019-12896-x,B,OPEN_ACCESS,cc by,FULL_TEXT,12447,0,chemistry:CORE | microbiology:CORE | culture:MENTIONS | fermentation:MENTIONS | geography:MENTIONS | processing:MENTIONS | production:MENTIONS | standards:MENTIONS
DOC-000482,"Isolation, analysis and in vitro assessment of CYP3A4 inhibition by methylxanthines extracted from Pu-erh and Bancha tea leaves.",Georgiev KD; Radeva-Ilieva M; Stoeva S; Zhelev I,2019-09-26,research_article,Europe PMC,https://www.ebi.ac.uk/europepmc/webservices/rest/PMC6763420/fullTextXML,10.1038/s41598-019-50468-7,B,OPEN_ACCESS,cc by,FULL_TEXT,3087,0,chemistry:SUBSTANTIVE | cultivar:MENTIONS | fermentation:MENTIONS | geography:MENTIONS | industry:MENTIONS | standards:MENTIONS
DOC-000454,Inhibitory effects of pu-erh tea on alpha glucosidase and alpha amylase: a systemic review.,Yang CY; Yen YY; Hung KC; Hsu SW; Lan SJ; Lin HC,2019-08-27,research_article,Europe PMC,https://www.ebi.ac.uk/europepmc/webservices/rest/PMC6712024/fullTextXML,10.1038/s41387-019-0092-y,B,OPEN_ACCESS,cc by,FULL_TEXT,2673,0,chemistry:MENTIONS | culture:MENTIONS | fermentation:MENTIONS | geography:MENTIONS | storage:MENTIONS
DOC-000352,"Tea, its mystery and history","Day, Samuel Phillips, author",2019-07-23,public_domain_scan,Wikimedia Commons,https://upload.wikimedia.org/wikipedia/commons/d/dd/Tea%2C_its_mystery_and_history_%28IA_teaitsmysteryhis00days%29.pdf,,A,PUBLIC_DOMAIN_REVIEW,public_domain_review,FULL_PDF,13263,104,history:CORE | chemistry:MENTIONS | cultivar:MENTIONS | industry:MENTIONS | mountain_and_village:MENTIONS | production:MENTIONS | sensory:MENTIONS | terroir:MENTIONS
DOC-000481,"Detection of Type, Blended Ratio, and Mixed Ratio of Pu'er Tea by Using Electronic Nose and Visible/Near Infrared Spectrometer.",Xu S; Sun X; Lu H; Zhang Q,2019-05-22,research_article,Europe PMC,https://www.ebi.ac.uk/europepmc/webservices/rest/PMC6566589/fullTextXML,10.3390/s19102359,B,OPEN_ACCESS,cc by,FULL_TEXT,5537,0,chemistry:MENTIONS | fermentation:MENTIONS | geography:MENTIONS | industry:MENTIONS | processing:MENTIONS | sensory:MENTIONS | standards:MENTIONS | storage:MENTIONS | terroir:MENTIONS
DOC-000460,Ingredients in Zijuan Pu'er Tea Extract Alleviate β-Amyloid Peptide Toxicity in a Caenorhabditis elegans Model of Alzheimer's Disease Likely through DAF-16.,Du F; Zhou L; Jiao Y; Bai S; Wang L; Ma J; Fu X,2019-02-18,research_article,Europe PMC,https://www.ebi.ac.uk/europepmc/webservices/rest/PMC6412921/fullTextXML,10.3390/molecules24040729,B,OPEN_ACCESS,cc by,FULL_TEXT,4817,0,safety:CORE | chemistry:MENTIONS | cultivar:MENTIONS | fermentation:MENTIONS | geography:MENTIONS | mountain_and_village:MENTIONS | processing:MENTIONS | production:MENTIONS | sensory:MENTIONS | standards:MENTIONS | storage:MENTIONS
DOC-000409,Pu-erh Tea Regulates Fatty Acid Metabolism in Mice Under High-Fat Diet.,Huang F; Wang S; Zhao A; Zheng X; Zhang Y; Lei S; Ge K; Qu C; Zhao Q; Yan C; Jia W,2019-02-05,research_article,Europe PMC,https://www.ebi.ac.uk/europepmc/webservices/rest/PMC6370627/fullTextXML,10.3389/fphar.2019.00063,B,OPEN_ACCESS,cc by,FULL_TEXT,3655,0,chemistry:CORE | cultivar:MENTIONS | fermentation:MENTIONS | standards:MENTIONS
DOC-000480,"Ripe and Raw Pu-Erh Tea: LC-MS Profiling, Antioxidant Capacity and Enzyme Inhibition Activities of Aqueous and Hydro-Alcoholic Extracts.",Roda G; Marinello C; Grassi A; Picozzi C; Aldini G; Carini M; Regazzoni L,2019-01-29,research_article,Europe PMC,https://www.ebi.ac.uk/europepmc/webservices/rest/PMC6384787/fullTextXML,10.3390/molecules24030473,B,OPEN_ACCESS,cc by,FULL_TEXT,5682,0,chemistry:MENTIONS | cultivar:MENTIONS | fermentation:MENTIONS | industry:MENTIONS | microbiology:MENTIONS | production:MENTIONS | standards:MENTIONS
DOC-000417,Comparison of hypoglycemic effects of ripened pu-erh tea and raw pu-erh tea in streptozotocin-induced diabetic rats.,Ding Q; Zheng W; Zhang B; Chen X; Zhang J; Pang X; Zhang Y; Jia D; Pei S; Dong Y; Ma B,2019-01-23,research_article,Europe PMC,https://www.ebi.ac.uk/europepmc/webservices/rest/PMC9059968/fullTextXML,10.1039/c8ra09259a,B,OPEN_ACCESS,cc by-nc,FULL_TEXT,4286,0,fermentation:SUBSTANTIVE | cultivar:MENTIONS | geography:MENTIONS | microbiology:MENTIONS | processing:MENTIONS | production:MENTIONS | sensory:MENTIONS | standards:MENTIONS
DOC-000003,Integrated Meta-omics Approaches To Understand the Microbiome of Spontaneous Fermentation of Traditional Chinese Pu-erh Tea - PMC,Ming Zhao; Xiao Q Su; Bo Nian; Li J Chen; Dong L Zhang; Shuang M Duan; Li Y Wang; Xing Y Shi; Bin Jiang; Wei W Jiang; Cai Y Lv; Dao P Wang; Yang Shi; Ying Xiao; Jian-Lin Wu; Ying H Pan; Yan Ma,2019 Nov 19,journal_article,PubMed Central,https://pmc.ncbi.nlm.nih.gov/articles/PMC6867877/,10.1128/msystems.00680-19,B,OPEN_ACCESS,CC BY 4.0,FULL_HTML,11252,0,fermentation:CORE | microbiology:CORE | chemistry:SUBSTANTIVE | culture:MENTIONS | geography:MENTIONS | mountain_and_village:MENTIONS | processing:MENTIONS | production:MENTIONS | safety:MENTIONS | sensory:MENTIONS | standards:MENTIONS
DOC-000451,Pu-erh Tea Ameliorates Atherosclerosis Associated with Promoting Macrophage Apoptosis by Reducing NF- κ B Activation in ApoE Knockout Mice.,Xiao Y; He M; Liang X; She J; He L; Liu Y; Zou J; Yuan Z,2018-08-23,research_article,Europe PMC,https://www.ebi.ac.uk/europepmc/webservices/rest/PMC6126088/fullTextXML,10.1155/2018/3197829,B,OPEN_ACCESS,cc by,FULL_TEXT,4078,0,cultivar:MENTIONS | culture:MENTIONS | fermentation:MENTIONS | geography:MENTIONS | industry:MENTIONS | processing:MENTIONS | standards:MENTIONS
DOC-000484,Bioactive Compound Fingerprint Analysis of Aged Raw Pu'er Tea and Young Ripened Pu'er Tea.,Pedan V; Rohn S; Holinger M; Hühn T; Chetschik I,2018-08-02,research_article,Europe PMC,https://www.ebi.ac.uk/europepmc/webservices/rest/PMC6222816/fullTextXML,10.3390/molecules23081931,B,OPEN_ACCESS,cc by,FULL_TEXT,6041,0,chemistry:CORE | cultivar:MENTIONS | fermentation:MENTIONS | geography:MENTIONS | history:MENTIONS | industry:MENTIONS | microbiology:MENTIONS | processing:MENTIONS | production:MENTIONS | sensory:MENTIONS | standards:MENTIONS | storage:MENTIONS
DOC-000450,An Improved Weighted Partial Least Squares Method Coupled with Near Infrared Spectroscopy for Rapid Determination of Multiple Components and Anti-Oxidant Activity of Pu-Erh Tea.,Liu Z; Xie HL; Chen L; Huang JH,2018-05-02,research_article,Europe PMC,https://www.ebi.ac.uk/europepmc/webservices/rest/PMC6102534/fullTextXML,10.3390/molecules23051058,B,OPEN_ACCESS,cc by,FULL_TEXT,3495,0,chemistry:SUBSTANTIVE | cultivar:MENTIONS | fermentation:MENTIONS | geography:MENTIONS | history:MENTIONS | microbiology:MENTIONS | processing:MENTIONS | sensory:MENTIONS | standards:MENTIONS
DOC-000016,Fungal community succession and major components change during manufacturing process of Fu brick tea,Qin Li; Jianan Huang; Yongdi Li; Yiyang Zhang; Yu Luo; Yuan Chen; Haiyan Lin; Kunbo Wang; Zhonghua Liu,2017-07-25,journal_article,OpenAlex,https://www.nature.com/articles/s41598-017-07098-8.pdf,https://doi.org/10.1038/s41598-017-07098-8,B,OPEN_ACCESS,cc-by,FULL_PDF,7381,9,culture:CORE | microbiology:CORE | processing:CORE | production:CORE | chemistry:SUBSTANTIVE | fermentation:SUBSTANTIVE | industry:SUBSTANTIVE | sensory:MENTIONS | terroir:MENTIONS
DOC-000445,Pu-erh Tea Extract Ameliorates Ovariectomy-Induced Osteoporosis in Rats and Suppresses Osteoclastogenesis In Vitro .,Liu T; Ding S; Yin D; Cuan X; Xie C; Xu H; Wang X; Sheng J,2017-05-31,research_article,Europe PMC,https://www.ebi.ac.uk/europepmc/webservices/rest/PMC5450042/fullTextXML,10.3389/fphar.2017.00324,B,OPEN_ACCESS,cc by,FULL_TEXT,5139,0,chemistry:MENTIONS | culture:MENTIONS | fermentation:MENTIONS | geography:MENTIONS | industry:MENTIONS | processing:MENTIONS | safety:MENTIONS | standards:MENTIONS
DOC-000430,Pu-erh Tea Water Extract Mediates Cell Cycle Arrest and Apoptosis in MDA-MB-231 Human Breast Cancer Cells.,Xie J; Yu H; Song S; Fang C; Wang X; Bai Z; Ma X; Hao S; Zhao HY; Sheng J,2017-04-06,research_article,Europe PMC,https://www.ebi.ac.uk/europepmc/webservices/rest/PMC5382226/fullTextXML,10.3389/fphar.2017.00190,B,OPEN_ACCESS,cc by,FULL_TEXT,3970,0,chemistry:MENTIONS | cultivar:MENTIONS | culture:MENTIONS | fermentation:MENTIONS | geography:MENTIONS | history:MENTIONS | microbiology:MENTIONS | sensory:MENTIONS | standards:MENTIONS | storage:MENTIONS
DOC-000477,Transcriptome Profile Reveals that Pu-Erh Tea Represses the Expression of Vitellogenin Family to Reduce Fat Accumulation in Caenorhabditis elegans.,Xiao RY; Hao J; Ding YH; Che YY; Zou XJ; Liang B,2016-10-17,research_article,Europe PMC,https://www.ebi.ac.uk/europepmc/webservices/rest/PMC6274137/fullTextXML,10.3390/molecules21101379,B,OPEN_ACCESS,cc by,FULL_TEXT,2535,0,chemistry:MENTIONS | cultivar:MENTIONS | culture:MENTIONS | geography:MENTIONS | industry:MENTIONS | production:MENTIONS | standards:MENTIONS | storage:MENTIONS
DOC-000429,Pu-erh Tea Protects the Nervous System by Inhibiting the Expression of Metabotropic Glutamate Receptor 5.,Li C; Chai S; Ju Y; Hou L; Zhao H; Ma W; Li T; Sheng J; Shi W,2016-08-30,research_article,Europe PMC,https://www.ebi.ac.uk/europepmc/webservices/rest/PMC5533841/fullTextXML,10.1007/s12035-016-0064-3,B,OPEN_ACCESS,cc by,FULL_TEXT,4625,0,fermentation:SUBSTANTIVE | chemistry:MENTIONS | cultivar:MENTIONS | culture:MENTIONS | geography:MENTIONS | processing:MENTIONS | production:MENTIONS | safety:MENTIONS
DOC-000009,The Microbiome and Metabolites in Fermented Pu-erh Tea as Revealed by High-Throughput Sequencing and Quantitative Multiplex Metabolite Analysis,Yongjie Zhang; Ida Skaar; Michael Sulyok; Xingzhong Liu; M. Poornachander Rao; John W. Taylor,2016-06-23,journal_article,OpenAlex,https://journals.plos.org/plosone/article/file?id=10.1371/journal.pone.0157847&type=printable,https://doi.org/10.1371/journal.pone.0157847,B,OPEN_ACCESS,cc-by,FULL_PDF,10522,18,chemistry:CORE | fermentation:CORE | microbiology:CORE | geography:SUBSTANTIVE | safety:SUBSTANTIVE | cultivar:MENTIONS | culture:MENTIONS | processing:MENTIONS | production:MENTIONS | sensory:MENTIONS | standards:MENTIONS | storage:MENTIONS
DOC-000483,Analytical Assessment of Bio- and Toxic Elements Distribution in Pu-erh and Fruit Teas in View of Chemometric Approach.,Brzezicha-Cirocka J; Grembecka M; Szefer P,2016-04-02,research_article,Europe PMC,https://www.ebi.ac.uk/europepmc/webservices/rest/PMC5055561/fullTextXML,10.1007/s12011-016-0669-4,B,OPEN_ACCESS,cc by,FULL_TEXT,5927,0,safety:CORE | cultivar:MENTIONS | fermentation:MENTIONS | geography:MENTIONS | processing:MENTIONS | production:MENTIONS | standards:MENTIONS | terroir:MENTIONS
DOC-000471,Reduction of body fat and improved lipid profile associated with daily consumption of a Puer tea extract in a hyperlipidemic population: a randomized placebo-controlled trial.,Jensen GS; Beaman JL; He Y; Guo Z; Sun H,2016-03-24,research_article,Europe PMC,https://www.ebi.ac.uk/europepmc/webservices/rest/PMC4818050/fullTextXML,10.2147/cia.s94881,B,OPEN_ACCESS,cc by-nc,FULL_TEXT,3363,0,cultivar:MENTIONS | fermentation:MENTIONS | geography:MENTIONS | standards:MENTIONS | storage:MENTIONS
DOC-000422,Comparative analysis of volatiles difference of Yunnan sun-dried Pu-erh green tea from different tea mountains: Jingmai and Wuliang mountain by chemical fingerprint similarity combined with principal component analysis and cluster analysis.,Wu Y; Lv S; Wang C; Gao X; Li J; Meng Q,2016-03-10,research_article,Europe PMC,https://www.ebi.ac.uk/europepmc/webservices/rest/PMC4785618/fullTextXML,10.1186/s13065-016-0159-y,B,OPEN_ACCESS,cc by,FULL_TEXT,3486,0,chemistry:CORE | geography:CORE | mountain_and_village:CORE | fermentation:MENTIONS | processing:MENTIONS | sensory:MENTIONS | standards:MENTIONS | storage:MENTIONS | terroir:MENTIONS
DOC-000008,An Integrated Metagenomics/Metaproteomics Investigation of the Microbial Communities and Enzymes in Solid-state Fermentation of Pu-erh tea,Ming Zhao; Donglian Zhang; Xiaoqin Su; Shuangmei Duan; Jin-qiong Wan; Wenxia Yuan; Benying Liu; Yan Ma; Yinghong Pan,2015-05-14,journal_article,OpenAlex,https://www.nature.com/articles/srep10117.pdf,https://doi.org/10.1038/srep10117,B,OPEN_ACCESS,cc-by,FULL_PDF,6501,10,fermentation:CORE | microbiology:CORE | chemistry:SUBSTANTIVE | cultivar:MENTIONS | culture:MENTIONS | geography:MENTIONS | processing:MENTIONS | production:MENTIONS | sensory:MENTIONS | standards:MENTIONS | storage:MENTIONS | terroir:MENTIONS
DOC-000439,Pu-erh tea down-regulates sterol regulatory element-binding protein and stearyol-CoA desaturase to reduce fat storage in Caenorhaditis elegans.,Ding Y; Zou X; Jiang X; Wu J; Zhang Y; Chen D; Liang B,2015-02-06,research_article,Europe PMC,https://www.ebi.ac.uk/europepmc/webservices/rest/PMC4319740/fullTextXML,10.1371/journal.pone.0113815,B,OPEN_ACCESS,cc by,FULL_TEXT,4121,0,storage:CORE | fermentation:MENTIONS | geography:MENTIONS | standards:MENTIONS
DOC-000017,The Study of Fingerprint Characteristics of Dayi Pu-Erh Tea Using a Fully Automatic HS-SPME/GC–MS and Combined Chemometrics Method,Shidong Lv; Yuanshuang Wu; Jiangsheng Zhou; Ming Lian; Changwen Li; Yongquan Xu; Shunhang Liu; Chao Wang; Qingxiong Meng,2014-12-31,journal_article,OpenAlex,https://journals.plos.org/plosone/article/file?id=10.1371/journal.pone.0116428&type=printable,https://doi.org/10.1371/journal.pone.0116428,B,OPEN_ACCESS,cc-by,FULL_PDF,9276,18,chemistry:SUBSTANTIVE | sensory:SUBSTANTIVE | cultivar:MENTIONS | fermentation:MENTIONS | geography:MENTIONS | industry:MENTIONS | microbiology:MENTIONS | processing:MENTIONS | production:MENTIONS | standards:MENTIONS | storage:MENTIONS
DOC-000440,Pu-erh tea extract induces the degradation of FET family proteins involved in the pathogenesis of amyotrophic lateral sclerosis.,Yu Y; Hayashi S; Cai X; Fang C; Shi W; Tsutsui H; Sheng J,2014-04-07,research_article,Europe PMC,https://www.ebi.ac.uk/europepmc/webservices/rest/PMC3997874/fullTextXML,10.1155/2014/254680,B,OPEN_ACCESS,cc by,FULL_TEXT,3807,0,chemistry:MENTIONS | culture:MENTIONS | geography:MENTIONS | microbiology:MENTIONS | processing:MENTIONS | sensory:MENTIONS
DOC-000475,Antioxidant phenolic compounds from Pu-erh tea.,Zhang HM; Wang CF; Shen SM; Wang GL; Liu P; Liu ZM; Wang YY; Du SS; Liu ZL; Deng ZW,2012-11-27,research_article,Europe PMC,https://www.ebi.ac.uk/europepmc/webservices/rest/PMC6268774/fullTextXML,10.3390/molecules171214037,B,OPEN_ACCESS,cc by,FULL_TEXT,3033,0,chemistry:CORE | cultivar:MENTIONS | fermentation:MENTIONS | geography:MENTIONS | industry:MENTIONS | standards:MENTIONS
DOC-000423,Pu-erh tea reduces nitric oxide levels in rats by inhibiting inducible nitric oxide synthase expression through toll-like receptor 4.,Xu Y; Wang G; Li C; Zhang M; Zhao H; Sheng J; Shi W,2012-06-11,research_article,Europe PMC,https://www.ebi.ac.uk/europepmc/webservices/rest/PMC3397518/fullTextXML,10.3390/ijms13067174,B,OPEN_ACCESS,cc by,FULL_TEXT,2795,0,chemistry:MENTIONS | fermentation:MENTIONS | geography:MENTIONS | processing:MENTIONS | production:MENTIONS | standards:MENTIONS
DOC-000455,Pu-erh tea inhibits tumor cell growth by down-regulating mutant p53.,Zhao L; Jia S; Tang W; Sheng J; Luo Y,2011-11-07,research_article,Europe PMC,https://www.ebi.ac.uk/europepmc/webservices/rest/PMC3233424/fullTextXML,10.3390/ijms12117581,B,OPEN_ACCESS,cc by,FULL_TEXT,3708,0,chemistry:SUBSTANTIVE | culture:MENTIONS | fermentation:MENTIONS | geography:MENTIONS | processing:MENTIONS | storage:MENTIONS
DOC-000479,Pu-Erh tea and GABA attenuates oxidative stress in kainic acid-induced status epilepticus.,Hou CW,2011-10-20,research_article,Europe PMC,https://www.ebi.ac.uk/europepmc/webservices/rest/PMC3217899/fullTextXML,10.1186/1423-0127-18-75,B,OPEN_ACCESS,cc by,FULL_TEXT,4024,0,fermentation:CORE | culture:MENTIONS | production:MENTIONS | sensory:MENTIONS | standards:MENTIONS
DOC-000166,Commercial Teas Highlight Plant DNA Barcode Identification Successes and Obstacles,Mark Y. Stoeckle; Catherine C. Gamble; Rohan Kirpekar; Grace Young; Selena Ahmed; Damon P. Little,2011-07-21,journal_article,OpenAlex,https://www.nature.com/articles/srep00042.pdf,https://doi.org/10.1038/srep00042,B,OPEN_ACCESS,cc-by-nc-sa,FULL_PDF,6152,7,chemistry:MENTIONS | cultivar:MENTIONS | fermentation:MENTIONS | geography:MENTIONS | industry:MENTIONS | microbiology:MENTIONS | processing:MENTIONS | sensory:MENTIONS | standards:MENTIONS
DOC-000472,Simultaneous Distillation Extraction of Some Volatile Flavor Components from Pu-erh Tea Samples-Comparison with Steam Distillation-Liquid/Liquid Extraction and Soxhlet Extraction.,Gu X; Zhang Z; Wan X; Ning J; Yao C; Shao W,2009-01-01,research_article,Europe PMC,https://www.ebi.ac.uk/europepmc/webservices/rest/PMC2821633/fullTextXML,10.1155/2009/276713,B,OPEN_ACCESS,cc by,FULL_TEXT,2847,0,sensory:CORE | cultivar:MENTIONS | fermentation:MENTIONS | geography:MENTIONS | industry:MENTIONS | processing:MENTIONS | standards:MENTIONS | storage:MENTIONS
DOC-000491,《本草綱目拾遺》,趙學敏,1803,public_domain_text,Wikisource Chinese,https://zh.wikisource.org/zh-hant/%E6%9C%AC%E8%8D%89%E7%B6%B1%E7%9B%AE%E6%8B%BE%E9%81%BA,,A,PUBLIC_DOMAIN_REVIEW,public_domain_or_cc_by_sa_review,FULL_HTML,163236,0,
DOC-000490,《蠻書》卷七,樊綽,0862,public_domain_text,Wikisource Chinese,https://zh.wikisource.org/zh-hant/%E8%A0%BB%E6%9B%B8/%E5%8D%B707,,A,PUBLIC_DOMAIN_REVIEW,public_domain_or_cc_by_sa_review,FULL_HTML,2528,0,
DOC-000143,Pu'er tea - Wikipedia,,,encyclopedia_article,Wikipedia,https://en.wikipedia.org/wiki/Pu%27er_tea,,D,CC_BY_SA_REVIEW,unknown,FULL_HTML,11476,0,cultivar:MENTIONS | culture:MENTIONS | fermentation:MENTIONS | geography:MENTIONS | history:MENTIONS | industry:MENTIONS | microbiology:MENTIONS | mountain_and_village:MENTIONS | processing:MENTIONS | production:MENTIONS | sensory:MENTIONS | standards:MENTIONS | storage:MENTIONS | terroir:MENTIONS
DOC-000142,喝茶 - 维基文库，自由的图书馆,,,public_domain_text,Wikisource Chinese,https://zh.wikisource.org/wiki/%E5%96%9D%E8%8C%B6,,A,PUBLIC_DOMAIN_REVIEW,unknown,FULL_HTML,910,0,
DOC-000395,煎茶水記一卷（NJlib-0131719-0001 公版掃描）,,,public_domain_scan,Wikimedia Commons,https://upload.wikimedia.org/wikipedia/commons/2/2f/NJlib-0131719-0001_%E7%85%8E%E8%8C%B6%E6%B0%B4%E8%A8%98%E4%B8%80%E5%8D%B7.pdf,,A,PUBLIC_DOMAIN,Public domain,FULL_PDF,2740,22,
